video_path,label,source,dataset,video_id,sha256
/Users/gokulmallabathula/deep-fake/datasets/raw/Celeb-Youtube-fake/0.mp4,1,,Celeb-Youtube-fake,Celeb-Youtube-fake:0,7062a11c8867b2bdef724a313412094511aa6b4ebe52a792a9a07deb0ecec6cf
/Users/gokulmallabathula/deep-fake/datasets/raw/Celeb-Youtube-fake/1.mp4,1,,Celeb-Youtube-fake,Celeb-Youtube-fake:1,06d003c71bc0b79702298416e55391f38495f45346e7d576435a5418d251da10
/Users/gokulmallabathula/deep-fake/datasets/raw/Celeb-Youtube-fake/10.mp4,1,,Celeb-Youtube-fake,Celeb-Youtube-fake:10,9e66998c0e0645a97ad112013eae9ae62244f7bbac4467d16bcf7747636e8e63
/Users/gokulmallabathula/deep-fake/datasets/raw/Celeb-Youtube-fake/1001.mp4,1,,Celeb-Youtube-fake,Celeb-Youtube-fake:1001,13964c2f76c78acda5769e7fae5ad4634d40d262fdec1a8e3939dfe018189f65
/Users/gokulmallabathula/deep-fake/datasets/raw/Celeb-Youtube-fake/1002.mp4,1,,Celeb-Youtube-fake,Celeb-Youtube-fake:1002,ba39d9b2c7581156222c350ea24c2ed03fdd07bebc6cdd9331379d1368c17fc5
/Users/gokulmallabathula/deep-fake/datasets/raw/Celeb-Youtube-fake/1003.mp4,1,,Celeb-Youtube-fake,Celeb-Youtube-fake:1003,a5d90f3c0e69a23dd4aede6ba5b15a35ebb5a6fc57e4b783b4aae59e9063eb7f
/Users/gokulmallabathula/deep-fake/datasets/raw/Celeb-Youtube-fake/1004.mp4,1,,Celeb-Youtube-fake,Celeb-Youtube-fake:1004,a5be914f197b8ccd93411899f5188ecdc6e8fb8c86324e58b6d86e14f493adc8
/Users/gokulmallabathula/deep-fake/datasets/raw/Celeb-Youtube-fake/1006.mp4,1,,Celeb-Youtube-fake,Celeb-Youtube-fake:1006,994839b566b0ed7ceacdac6f078d9f17e5cedf54ea227aa7001d42b00ee9e8a9
/Users/gokulmallabathula/deep-fake/datasets/raw/Celeb-Youtube-fake/1007.mp4,1,,Celeb-Youtube-fake,Celeb-Youtube-fake:1007,510cbea2d38af8b14a999a16ad788ce77fce8da0bbea3f4d5b4814cf77c283f7
/Users/gokulmallabathula/deep-fake/datasets/raw/Celeb-Youtube-fake/1008.mp4,1,,Celeb-Youtube-fake,Celeb-Youtube-fake:1008,b6e86d15f2932767aecccf696d69e199fc1f4bba132df26c4f5e82185931ac1a
/Users/gokulmallabathula/deep-fake/datasets/raw/Celeb-Youtube-fake/101.mp4,1,,Celeb-Youtube-fake,Celeb-Youtube-fake:101,ffd04cad733c24b6eb65096298ac4d439f04119c3b81a92d30d2e1195087b35d
/Users/gokulmallabathula/deep-fake/datasets/raw/Celeb-Youtube-fake/1010.mp4,1,,Celeb-Youtube-fake,Celeb-Youtube-fake:1010,330ad4c61f5ba8977fd765aae2bc0a84e6a325a8a9a17194d219d7b7f1c0ce3f
/Users/gokulmallabathula/deep-fake/datasets/raw/Celeb-Youtube-fake/1011.mp4,1,,Celeb-Youtube-fake,Celeb-Youtube-fake:1011,c69c7235f1645c2f1f398fed7c0119cf89facb3fcb3f3bd930ea3f4be8ff5ba7
/Users/gokulmallabathula/deep-fake/datasets/raw/Celeb-Youtube-fake/1013.mp4,1,,Celeb-Youtube-fake,Celeb-Youtube-fake:1013,2b9fa350820d9babb9d3eab5fe9163877fbad374b82c85b89871427ba1830316
/Users/gokulmallabathula/deep-fake/datasets/raw/Celeb-Youtube-fake/1014.mp4,1,,Celeb-Youtube-fake,Celeb-Youtube-fake:1014,f22b86066c907d0d12d6b29e508949cdc8c0cf01b5e88dae7703a18d12cf07cc
/Users/gokulmallabathula/deep-fake/datasets/raw/Celeb-Youtube-fake/1015.mp4,1,,Celeb-Youtube-fake,Celeb-Youtube-fake:1015,bd3384119cc0928f609ec2c561af106a7548a48275d42968433e8df539d1d22f
/Users/gokulmallabathula/deep-fake/datasets/raw/Celeb-Youtube-fake/1017.mp4,1,,Celeb-Youtube-fake,Celeb-Youtube-fake:1017,5e2f0f956ae7a338ad2d91dfb3400d9998aeab1a198bb8843dd3e0a27d7c2ac0
/Users/gokulmallabathula/deep-fake/datasets/raw/Celeb-Youtube-fake/1019.mp4,1,,Celeb-Youtube-fake,Celeb-Youtube-fake:1019,e34457acda226e7ba25024038cd4ebf1a368208dee5098b801ec325c1e98bfd0
/Users/gokulmallabathula/deep-fake/datasets/raw/Celeb-Youtube-fake/1021.mp4,1,,Celeb-Youtube-fake,Celeb-Youtube-fake:1021,c36f6c5a65e9a0a624effaf4a0fe792b3b1f9a2a860d77b839f0ede43fdfac27
/Users/gokulmallabathula/deep-fake/datasets/raw/Celeb-Youtube-fake/1022.mp4,1,,Celeb-Youtube-fake,Celeb-Youtube-fake:1022,cd2c9c2fab46ed9f1e960403d1cfd872fcdcdb35dd64ed34cc6085219b45f804
/Users/gokulmallabathula/deep-fake/datasets/raw/Celeb-Youtube-fake/1024.mp4,1,,Celeb-Youtube-fake,Celeb-Youtube-fake:1024,e53271a9a1cd7d0a9b6d33c1e5ec820a0aa6cb963725805b448d872c2e288801
/Users/gokulmallabathula/deep-fake/datasets/raw/Celeb-Youtube-fake/1026.mp4,1,,Celeb-Youtube-fake,Celeb-Youtube-fake:1026,e2e3009211176aafa1aa6b7db5a19e0838bd742c67b991a35a0dd6ab1f64baaa
/Users/gokulmallabathula/deep-fake/datasets/raw/Celeb-Youtube-fake/1027.mp4,1,,Celeb-Youtube-fake,Celeb-Youtube-fake:1027,fc0fd84be6a1e64e541992abe6cff34e714a03e17dac645e05bcc0aa85734314
/Users/gokulmallabathula/deep-fake/datasets/raw/Celeb-Youtube-fake/1028.mp4,1,,Celeb-Youtube-fake,Celeb-Youtube-fake:1028,ff9b229735eee138f9325fb7da0093f0ed327a9d71dc723aacf64eda43eb4876
/Users/gokulmallabathula/deep-fake/datasets/raw/Celeb-Youtube-fake/1029.mp4,1,,Celeb-Youtube-fake,Celeb-Youtube-fake:1029,3dc8501bf67df7e4c34d02dee7085bc30b5cdc77ed4c0fb51926678a8122401c
/Users/gokulmallabathula/deep-fake/datasets/raw/Celeb-Youtube-fake/103.mp4,1,,Celeb-Youtube-fake,Celeb-Youtube-fake:103,e9878bf2e30cf629f05684c5beccca42bcd4051772c26ab8ef04bf52544c237d
/Users/gokulmallabathula/deep-fake/datasets/raw/Celeb-Youtube-fake/1030.mp4,1,,Celeb-Youtube-fake,Celeb-Youtube-fake:1030,9cff5764d7fb9b3031088048eeef6db9708493c2809c3d97cde4351fc33649af
/Users/gokulmallabathula/deep-fake/datasets/raw/Celeb-Youtube-fake/1031.mp4,1,,Celeb-Youtube-fake,Celeb-Youtube-fake:1031,be48ec81f09e90d7ba24ddcc13fd4ab83453691fc5bebb0ff4df41a6afe077b6
/Users/gokulmallabathula/deep-fake/datasets/raw/Celeb-Youtube-fake/1032.mp4,1,,Celeb-Youtube-fake,Celeb-Youtube-fake:1032,33b325501cf8959141755558b17c58394894a1ddce4e03b3b4fc72f67484e5dd
/Users/gokulmallabathula/deep-fake/datasets/raw/Celeb-Youtube-fake/1033.mp4,1,,Celeb-Youtube-fake,Celeb-Youtube-fake:1033,4b29d0adf55e4125be45becf79dc6deb0c0240e5b17bd72c2af749b037633332
/Users/gokulmallabathula/deep-fake/datasets/raw/Celeb-Youtube-fake/1034.mp4,1,,Celeb-Youtube-fake,Celeb-Youtube-fake:1034,4682f68e3a31eb4219140af7132bee86c0c0b05f22a473e69110b740b3585983
/Users/gokulmallabathula/deep-fake/datasets/raw/Celeb-Youtube-fake/1035.mp4,1,,Celeb-Youtube-fake,Celeb-Youtube-fake:1035,b37d6a93cc1d6e72c92bf95da7fc23c976439b986ee47507199bb0e8acb80dcb
/Users/gokulmallabathula/deep-fake/datasets/raw/Celeb-Youtube-fake/1036.mp4,1,,Celeb-Youtube-fake,Celeb-Youtube-fake:1036,277e8a1d5bd701c4cc5ed114c9476325640b554876114fbd94aaaa78d7e1de80
/Users/gokulmallabathula/deep-fake/datasets/raw/Celeb-Youtube-fake/1037.mp4,1,,Celeb-Youtube-fake,Celeb-Youtube-fake:1037,35d254da4428239643371e3398483e84bacf72f38d087434358d27d9de73351d
/Users/gokulmallabathula/deep-fake/datasets/raw/Celeb-Youtube-fake/1039.mp4,1,,Celeb-Youtube-fake,Celeb-Youtube-fake:1039,8f7d16d20097960a56ef0ec94825d4f3130ba790d0f89fef02e324f8c5d1bc05
/Users/gokulmallabathula/deep-fake/datasets/raw/Celeb-Youtube-fake/104.mp4,1,,Celeb-Youtube-fake,Celeb-Youtube-fake:104,9d673ea5cc8934fc9f016e85d5bea6e146ad454d766cc9069cefd9a67a57ae07
/Users/gokulmallabathula/deep-fake/datasets/raw/Celeb-Youtube-fake/1041.mp4,1,,Celeb-Youtube-fake,Celeb-Youtube-fake:1041,d6534dfed0bd7b1e44cd3d27049785d98f9dd3e01f1194b9041738c3c4c7c564
/Users/gokulmallabathula/deep-fake/datasets/raw/Celeb-Youtube-fake/1042.mp4,1,,Celeb-Youtube-fake,Celeb-Youtube-fake:1042,370a6b5d8d79992f65b3b3817299f659c47c01d0068a2771c7037599179696a7
/Users/gokulmallabathula/deep-fake/datasets/raw/Celeb-Youtube-fake/1043.mp4,1,,Celeb-Youtube-fake,Celeb-Youtube-fake:1043,d8b144236fac51bc78daf7d23a6e1ed9bba082e494fde89e2992d90d5f5d43c3
/Users/gokulmallabathula/deep-fake/datasets/raw/Celeb-Youtube-fake/1044.mp4,1,,Celeb-Youtube-fake,Celeb-Youtube-fake:1044,be1371068410a84051bc01bff8a6d384ac26877daaad9a83961071d70cd55f48
/Users/gokulmallabathula/deep-fake/datasets/raw/Celeb-Youtube-fake/1046.mp4,1,,Celeb-Youtube-fake,Celeb-Youtube-fake:1046,5439f401c7e7b3ca5b59fa0b9f06e2a3efdc8c7ade0283d6cba5d4f88d2a8f6e
/Users/gokulmallabathula/deep-fake/datasets/raw/Celeb-Youtube-fake/1047.mp4,1,,Celeb-Youtube-fake,Celeb-Youtube-fake:1047,8cad83c2a225db726f38bcb01a5b8bb0db51ed21677b9dcf8dba7fdb66df80dd
/Users/gokulmallabathula/deep-fake/datasets/raw/Celeb-Youtube-fake/1048.mp4,1,,Celeb-Youtube-fake,Celeb-Youtube-fake:1048,f1e299ba30968c235a89467e5c904fad444e9f3703043d1bad0ee6724567facf
/Users/gokulmallabathula/deep-fake/datasets/raw/Celeb-Youtube-fake/1049.mp4,1,,Celeb-Youtube-fake,Celeb-Youtube-fake:1049,e05693115fa450adc1a28d37a6f1cba560ace45efac1fd7ad5f1b84a4fd158c3
/Users/gokulmallabathula/deep-fake/datasets/raw/Celeb-Youtube-fake/1050.mp4,1,,Celeb-Youtube-fake,Celeb-Youtube-fake:1050,ca7271594e5d44cb417a452480652f8e75e672933b43185b31aafdb0c7751b5b
/Users/gokulmallabathula/deep-fake/datasets/raw/Celeb-Youtube-fake/1051.mp4,1,,Celeb-Youtube-fake,Celeb-Youtube-fake:1051,f8812aa8624001dfc56069c365770cd00e93119c1e8c662dd18ec1e303f591a7
/Users/gokulmallabathula/deep-fake/datasets/raw/Celeb-Youtube-fake/1052.mp4,1,,Celeb-Youtube-fake,Celeb-Youtube-fake:1052,72ac6a3303ccd19860c41a650859de3ea890ca8a67f196f9cf42c43931deeabd
/Users/gokulmallabathula/deep-fake/datasets/raw/Celeb-Youtube-fake/1053.mp4,1,,Celeb-Youtube-fake,Celeb-Youtube-fake:1053,95c527db6e6e20f18c738fbe33577a8ce98f6e4b8f61b68cdbb83c0bafad9dd4
/Users/gokulmallabathula/deep-fake/datasets/raw/Celeb-Youtube-fake/1054.mp4,1,,Celeb-Youtube-fake,Celeb-Youtube-fake:1054,d32fd431b5e3db61f1f704482ab43655742091ad63c2f53fbfab2f53a065eeac
/Users/gokulmallabathula/deep-fake/datasets/raw/Celeb-Youtube-fake/1056.mp4,1,,Celeb-Youtube-fake,Celeb-Youtube-fake:1056,9bd1dcdb836ce19f860b2803cd453f16c4ed5d4961bbdb3b1c9062129bc6e46b
/Users/gokulmallabathula/deep-fake/datasets/raw/Celeb-Youtube-fake/1058.mp4,1,,Celeb-Youtube-fake,Celeb-Youtube-fake:1058,c3727a9d9fac96221f25acca2592fc00b2ede373ca7675f6a4422b9aa2ff96c0
/Users/gokulmallabathula/deep-fake/datasets/raw/Celeb-Youtube-fake/1059.mp4,1,,Celeb-Youtube-fake,Celeb-Youtube-fake:1059,2dc5875d5dd8ddb7fd23337c2978f360aa1621d4e20bd5e2c02872e07ceaaa44
/Users/gokulmallabathula/deep-fake/datasets/raw/Celeb-Youtube-fake/106.mp4,1,,Celeb-Youtube-fake,Celeb-Youtube-fake:106,a6fb2f0a574bcbba9daa013d13bad52c5470c5d67ec9a788f3b8888e7f3a9b6a
/Users/gokulmallabathula/deep-fake/datasets/raw/Celeb-Youtube-fake/1060.mp4,1,,Celeb-Youtube-fake,Celeb-Youtube-fake:1060,72b3898eab1961a0225bc7629c4edbce2df953439484125b8efdd72b430433ba
/Users/gokulmallabathula/deep-fake/datasets/raw/Celeb-Youtube-fake/1061.mp4,1,,Celeb-Youtube-fake,Celeb-Youtube-fake:1061,d3d10e1784d9dcd89f9e568dc6ae18d397386cd7f2fb0f1f000c12b70810760c
/Users/gokulmallabathula/deep-fake/datasets/raw/Celeb-Youtube-fake/1062.mp4,1,,Celeb-Youtube-fake,Celeb-Youtube-fake:1062,a812657fd54f0fd4052732c818de46f0950dc14e4a554aebfd491dbfa44c86c9
/Users/gokulmallabathula/deep-fake/datasets/raw/Celeb-Youtube-fake/1063.mp4,1,,Celeb-Youtube-fake,Celeb-Youtube-fake:1063,826ca135ac272e5a90100287cc05b72ecbf8c3086fe96793cf650280c31538e1
/Users/gokulmallabathula/deep-fake/datasets/raw/Celeb-Youtube-fake/1064.mp4,1,,Celeb-Youtube-fake,Celeb-Youtube-fake:1064,3863021cb2977252519a8e2aae3c8385a9e6654cc7967e32e638d103b04615b4
/Users/gokulmallabathula/deep-fake/datasets/raw/Celeb-Youtube-fake/1065.mp4,1,,Celeb-Youtube-fake,Celeb-Youtube-fake:1065,0adfe5d3c689153237c992a5bb67150ac8ba89e48e9bfd64aa06d713e7e30019
/Users/gokulmallabathula/deep-fake/datasets/raw/Celeb-Youtube-fake/1067.mp4,1,,Celeb-Youtube-fake,Celeb-Youtube-fake:1067,558a63c3340b497a6ee436c32c44e9cdce1d7ef908278446e15fdc1a7332a8d3
/Users/gokulmallabathula/deep-fake/datasets/raw/Celeb-Youtube-fake/1068.mp4,1,,Celeb-Youtube-fake,Celeb-Youtube-fake:1068,a3f3b77a9ad11473b4256f430944d518b11a83ac1daeaaa9373cbae69b67b4cb
/Users/gokulmallabathula/deep-fake/datasets/raw/Celeb-Youtube-fake/107.mp4,1,,Celeb-Youtube-fake,Celeb-Youtube-fake:107,2fb7d179348aa2f36b52af517fdc4631faf2ffb5a834c23bbe9e5c56a7507404
/Users/gokulmallabathula/deep-fake/datasets/raw/Celeb-Youtube-fake/1070.mp4,1,,Celeb-Youtube-fake,Celeb-Youtube-fake:1070,f1ab8ba8e82f3ab8910da7abdbc780aa69e1ba89e4e67383d667b01b1a18de8f
/Users/gokulmallabathula/deep-fake/datasets/raw/Celeb-Youtube-fake/1071.mp4,1,,Celeb-Youtube-fake,Celeb-Youtube-fake:1071,e47214ac0c1f5595cc2b0d466c7b06926ff6506723730c065e6e4a0bfdaebf3d
/Users/gokulmallabathula/deep-fake/datasets/raw/Celeb-Youtube-fake/1073.mp4,1,,Celeb-Youtube-fake,Celeb-Youtube-fake:1073,2567b9d9695f9822105d2283c07e58aac2e9d7a13edcbb591359073e939de091
/Users/gokulmallabathula/deep-fake/datasets/raw/Celeb-Youtube-fake/1075.mp4,1,,Celeb-Youtube-fake,Celeb-Youtube-fake:1075,44dfdb33464b56680a40c90cd6a919effc2e563ec641ffe2fc330ce7344da822
/Users/gokulmallabathula/deep-fake/datasets/raw/Celeb-Youtube-fake/1076.mp4,1,,Celeb-Youtube-fake,Celeb-Youtube-fake:1076,f500c33f9a3b6bf94207034517c0c89b3abdfff4d9d2df6befaba3ef03431951
/Users/gokulmallabathula/deep-fake/datasets/raw/Celeb-Youtube-fake/1077.mp4,1,,Celeb-Youtube-fake,Celeb-Youtube-fake:1077,d8f55f0f2bf0c0962ca50e0e6263ae4cbb5dfdc559c79943166b5a3c76abc92e
/Users/gokulmallabathula/deep-fake/datasets/raw/Celeb-Youtube-fake/1078.mp4,1,,Celeb-Youtube-fake,Celeb-Youtube-fake:1078,0144a4b333958b9671e15e2c78afda9d507f02048d8897fae7f093bfd07806cf
/Users/gokulmallabathula/deep-fake/datasets/raw/Celeb-Youtube-fake/1079.mp4,1,,Celeb-Youtube-fake,Celeb-Youtube-fake:1079,57c2b7dfd037b08179dd72f2617614b5c92007847c2afc5ef4eb8c81057dac84
/Users/gokulmallabathula/deep-fake/datasets/raw/Celeb-Youtube-fake/108.mp4,1,,Celeb-Youtube-fake,Celeb-Youtube-fake:108,a41ed45b72d6925b49136adf3e56b1fa1b0f9bb930f28a17205797bb7ea73cf8
/Users/gokulmallabathula/deep-fake/datasets/raw/Celeb-Youtube-fake/1080.mp4,1,,Celeb-Youtube-fake,Celeb-Youtube-fake:1080,214e2340e83bd5ee8541383e707479b665be8b1a4e736f0cf7862e4bd4642c65
/Users/gokulmallabathula/deep-fake/datasets/raw/Celeb-Youtube-fake/1081.mp4,1,,Celeb-Youtube-fake,Celeb-Youtube-fake:1081,c40570541e87fb2f6aaa2c3f966a9523cc3b499bbed9902bbcc7485ca3d91a6f
/Users/gokulmallabathula/deep-fake/datasets/raw/Celeb-Youtube-fake/1083.mp4,1,,Celeb-Youtube-fake,Celeb-Youtube-fake:1083,1f6faf5fb33d91a82f7435b45fc2fd590709c6063d8182f9c95be3928d83b846
/Users/gokulmallabathula/deep-fake/datasets/raw/Celeb-Youtube-fake/1084.mp4,1,,Celeb-Youtube-fake,Celeb-Youtube-fake:1084,8321ba49d48db5b46af328e1b69bcabf098bcc0c8ae99a6baecf646e93675993
/Users/gokulmallabathula/deep-fake/datasets/raw/Celeb-Youtube-fake/1085.mp4,1,,Celeb-Youtube-fake,Celeb-Youtube-fake:1085,7f0a30d64ce0f72e9ca93be3d16f7f67e1e30d8646722e8232ee33d4a55a2c5b
/Users/gokulmallabathula/deep-fake/datasets/raw/Celeb-Youtube-fake/1086.mp4,1,,Celeb-Youtube-fake,Celeb-Youtube-fake:1086,51c9ffde53f0965b62a252e94e64c169fac95a477cf2f903317b41da1c15b74f
/Users/gokulmallabathula/deep-fake/datasets/raw/Celeb-Youtube-fake/1087.mp4,1,,Celeb-Youtube-fake,Celeb-Youtube-fake:1087,198e1f3a787e8f08f1f8d516c6345f4fff16ac2dab32dc0dd058ad37ccfe8042
/Users/gokulmallabathula/deep-fake/datasets/raw/Celeb-Youtube-fake/1089.mp4,1,,Celeb-Youtube-fake,Celeb-Youtube-fake:1089,aa3986d85f63dbec54f13e9c7ba7e1e4c83b8bf7b196635efae38a38d0b51a53
/Users/gokulmallabathula/deep-fake/datasets/raw/Celeb-Youtube-fake/109.mp4,1,,Celeb-Youtube-fake,Celeb-Youtube-fake:109,cb60b86d5324c8df071d24dc53e9847d9acd333d26e254cf8bdf5584d25899b1
/Users/gokulmallabathula/deep-fake/datasets/raw/Celeb-Youtube-fake/1091.mp4,1,,Celeb-Youtube-fake,Celeb-Youtube-fake:1091,26ce3fb8d6162365affc0e9eadb934c1b5ca3b227d903cfc06bf3375c35ad7d5
/Users/gokulmallabathula/deep-fake/datasets/raw/Celeb-Youtube-fake/1092.mp4,1,,Celeb-Youtube-fake,Celeb-Youtube-fake:1092,b93ab3566b5e7f926eff7a712be43e6cc05db8797ede157c0d5f00db06bf2626
/Users/gokulmallabathula/deep-fake/datasets/raw/Celeb-Youtube-fake/1093.mp4,1,,Celeb-Youtube-fake,Celeb-Youtube-fake:1093,9cf8b9ba567641006514b27e287c723846c05a4dee36f727674def477d2f9b65
/Users/gokulmallabathula/deep-fake/datasets/raw/Celeb-Youtube-fake/1095.mp4,1,,Celeb-Youtube-fake,Celeb-Youtube-fake:1095,208e86f8aff38278cd42dfcd6ccdafc3e94016917af4bcdce48ac4276bafe87c
/Users/gokulmallabathula/deep-fake/datasets/raw/Celeb-Youtube-fake/1096.mp4,1,,Celeb-Youtube-fake,Celeb-Youtube-fake:1096,d1c4f5eeacd835ef48d6be096926e050a747cbf767f116a21e2364d2888193c9
/Users/gokulmallabathula/deep-fake/datasets/raw/Celeb-Youtube-fake/1097.mp4,1,,Celeb-Youtube-fake,Celeb-Youtube-fake:1097,12a7e5e7699a284a2559cf2a3e1bd1a2a89bc971f9cc266d1ee0d47f6926566a
/Users/gokulmallabathula/deep-fake/datasets/raw/Celeb-Youtube-fake/1098.mp4,1,,Celeb-Youtube-fake,Celeb-Youtube-fake:1098,a9d16da4fa2fcf12d22e8c8cc186f7d986893f51e7925e000be3c7a45c0f45d8
/Users/gokulmallabathula/deep-fake/datasets/raw/Celeb-Youtube-fake/11.mp4,1,,Celeb-Youtube-fake,Celeb-Youtube-fake:11,47e0d682c7f99077a3eb1806f9235ba0d4d9d2bb02e8522a0128cf7a751625b0
/Users/gokulmallabathula/deep-fake/datasets/raw/Celeb-Youtube-fake/1101.mp4,1,,Celeb-Youtube-fake,Celeb-Youtube-fake:1101,b931dc2c222f6e4e8ac1b8b7a1bd98929464fb89433b480ff51b3d0bf98bb9d8
/Users/gokulmallabathula/deep-fake/datasets/raw/Celeb-Youtube-fake/1102.mp4,1,,Celeb-Youtube-fake,Celeb-Youtube-fake:1102,ac169d263054255fd56b96fc618fb989b3905e364ac23c9d3b5f136ad928d1b4
/Users/gokulmallabathula/deep-fake/datasets/raw/Celeb-Youtube-fake/1104.mp4,1,,Celeb-Youtube-fake,Celeb-Youtube-fake:1104,76d582ac0ea7786258e5520e765030e09333331498bd022399fce799c656f3ca
/Users/gokulmallabathula/deep-fake/datasets/raw/Celeb-Youtube-fake/1107.mp4,1,,Celeb-Youtube-fake,Celeb-Youtube-fake:1107,e13f025506c80da1e100fa18d10610aaf4d05eed40f862a24934c763aaa1144f
/Users/gokulmallabathula/deep-fake/datasets/raw/Celeb-Youtube-fake/1108.mp4,1,,Celeb-Youtube-fake,Celeb-Youtube-fake:1108,a6d0bd5271a5efac103c1ab4ebca7845991ae9a1ba651a0ab05c390f0a69b7df
/Users/gokulmallabathula/deep-fake/datasets/raw/Celeb-Youtube-fake/1109.mp4,1,,Celeb-Youtube-fake,Celeb-Youtube-fake:1109,3dd747ae805268bf0911ce523fe5299be8aeea80a1c5ae26e680d58e610ef454
/Users/gokulmallabathula/deep-fake/datasets/raw/Celeb-Youtube-fake/1110.mp4,1,,Celeb-Youtube-fake,Celeb-Youtube-fake:1110,c564097b15fcc40beb115925f47ab2441c9baf7b4b3d11c3acfd59fbf4788cb2
/Users/gokulmallabathula/deep-fake/datasets/raw/Celeb-Youtube-fake/1111.mp4,1,,Celeb-Youtube-fake,Celeb-Youtube-fake:1111,c94aef0c15c71020842a3ee552a5a53a65dd701a9def80c3bdec124e2400f9cd
/Users/gokulmallabathula/deep-fake/datasets/raw/Celeb-Youtube-fake/1112.mp4,1,,Celeb-Youtube-fake,Celeb-Youtube-fake:1112,1bb9f394601a89193bd91eae2aef3d67983e32e0b04abedc2831d229b97a3473
/Users/gokulmallabathula/deep-fake/datasets/raw/Celeb-Youtube-fake/1114.mp4,1,,Celeb-Youtube-fake,Celeb-Youtube-fake:1114,b1a4be2f8dfb475380d6227f78b45049d39f65bad20bc5f2788f8435c8747001
/Users/gokulmallabathula/deep-fake/datasets/raw/Celeb-Youtube-fake/1115.mp4,1,,Celeb-Youtube-fake,Celeb-Youtube-fake:1115,57dba0508a7e504a9a5de952a6454732a8063481150527fd23efa49be3f7024a
/Users/gokulmallabathula/deep-fake/datasets/raw/Celeb-Youtube-fake/1116.mp4,1,,Celeb-Youtube-fake,Celeb-Youtube-fake:1116,3c9de41a0e4ff9b38cd80690aa8bdfd7303eefc06b20f06f85df755f30f2cd7b
/Users/gokulmallabathula/deep-fake/datasets/raw/Celeb-Youtube-fake/1117.mp4,1,,Celeb-Youtube-fake,Celeb-Youtube-fake:1117,48ed87aff5ffb1a415dfe867906ac2c1376d0f7eb53e64ca07b3a232e7022c1a
/Users/gokulmallabathula/deep-fake/datasets/raw/Celeb-Youtube-fake/1118.mp4,1,,Celeb-Youtube-fake,Celeb-Youtube-fake:1118,e86d30c2970bc4e6fca3cea0de114c9244fa5b1d7350dda7b725e8ec85f8f91c
/Users/gokulmallabathula/deep-fake/datasets/raw/Celeb-Youtube-fake/1119.mp4,1,,Celeb-Youtube-fake,Celeb-Youtube-fake:1119,5d6a8c50a1516af6cad4f0bea002c56cf58a2e95b535ec38b60db7dae9e03e96
/Users/gokulmallabathula/deep-fake/datasets/raw/Celeb-Youtube-fake/112.mp4,1,,Celeb-Youtube-fake,Celeb-Youtube-fake:112,f177dbfa51406c9a46fcec88f179260d921ce38935b90d7098f9531256db852d
/Users/gokulmallabathula/deep-fake/datasets/raw/Celeb-Youtube-fake/1120.mp4,1,,Celeb-Youtube-fake,Celeb-Youtube-fake:1120,a1756376667640ed2954f95b077eaa1faf50280b54c7f18506032f83f5afde8d
/Users/gokulmallabathula/deep-fake/datasets/raw/Celeb-Youtube-fake/1121.mp4,1,,Celeb-Youtube-fake,Celeb-Youtube-fake:1121,f684061ec1562a48660d893b452fd82fb2026c9bdb172eef65654b2c80477c4c
/Users/gokulmallabathula/deep-fake/datasets/raw/Celeb-Youtube-fake/1122.mp4,1,,Celeb-Youtube-fake,Celeb-Youtube-fake:1122,bc4572b42c2c98f0407b5a63f5cc365f55d46d57ea777bda8535582a5b0c7819
/Users/gokulmallabathula/deep-fake/datasets/raw/Celeb-Youtube-fake/1123.mp4,1,,Celeb-Youtube-fake,Celeb-Youtube-fake:1123,4b209fc84976c3f23bbf1840b5773583f3d2ab2e91cfad04d7f957167d67551d
/Users/gokulmallabathula/deep-fake/datasets/raw/Celeb-Youtube-fake/1125.mp4,1,,Celeb-Youtube-fake,Celeb-Youtube-fake:1125,dc8a022029968f8b3cf59f52f77de24ca228f5679426faf55d2e7ef90a48b957
/Users/gokulmallabathula/deep-fake/datasets/raw/Celeb-Youtube-fake/1126.mp4,1,,Celeb-Youtube-fake,Celeb-Youtube-fake:1126,3053b207821a4e27c38866c90b6423930f8cadd098182fb2087738664b106581
/Users/gokulmallabathula/deep-fake/datasets/raw/Celeb-Youtube-fake/1127.mp4,1,,Celeb-Youtube-fake,Celeb-Youtube-fake:1127,cc665d8300e4d2a32855736e928ab04880e1347b19309f3ab0cdada4c273574d
/Users/gokulmallabathula/deep-fake/datasets/raw/Celeb-Youtube-fake/1128.mp4,1,,Celeb-Youtube-fake,Celeb-Youtube-fake:1128,95814136ffd8fa7826ba51953c02db4dd030dbcda6fe168cf8d5278b1ce4c59e
/Users/gokulmallabathula/deep-fake/datasets/raw/Celeb-Youtube-fake/1129.mp4,1,,Celeb-Youtube-fake,Celeb-Youtube-fake:1129,7802b79f09f458e21b42d49440eb689c0ddac542ada8cb0a279f0be72d69eb5c
/Users/gokulmallabathula/deep-fake/datasets/raw/Celeb-Youtube-fake/113.mp4,1,,Celeb-Youtube-fake,Celeb-Youtube-fake:113,6f720e36e9396bdf67e9bdf929484a42810d1d67135117034a07d739d81e4e7f
/Users/gokulmallabathula/deep-fake/datasets/raw/Celeb-Youtube-fake/1130.mp4,1,,Celeb-Youtube-fake,Celeb-Youtube-fake:1130,b57f2374950ad55977a9bd21a5611315c89cca9eae663c96018ec88664e70e1d
/Users/gokulmallabathula/deep-fake/datasets/raw/Celeb-Youtube-fake/1131.mp4,1,,Celeb-Youtube-fake,Celeb-Youtube-fake:1131,1f0487dc2d42a5f61c4ecbfd5c93744038b16529403bf33798ab69241064e501
/Users/gokulmallabathula/deep-fake/datasets/raw/Celeb-Youtube-fake/1132.mp4,1,,Celeb-Youtube-fake,Celeb-Youtube-fake:1132,a6708cd0fec50971431f7f235d15be13043adc8c1b1ab2ec3717cfc754eebd7e
/Users/gokulmallabathula/deep-fake/datasets/raw/Celeb-Youtube-fake/1133.mp4,1,,Celeb-Youtube-fake,Celeb-Youtube-fake:1133,9e766d86d153717965565185783abe962f596a00fc6a38c3843d328e39b4e759
/Users/gokulmallabathula/deep-fake/datasets/raw/Celeb-Youtube-fake/1134.mp4,1,,Celeb-Youtube-fake,Celeb-Youtube-fake:1134,666340726d570ceb4fb1307da34f34ec659ed8e7674f1f6c4498715061d4da71
/Users/gokulmallabathula/deep-fake/datasets/raw/Celeb-Youtube-fake/1135.mp4,1,,Celeb-Youtube-fake,Celeb-Youtube-fake:1135,55d0f087dea5044a4caa71e24635f064ad8a4996535b7a8e73ce38e4e8bb059e
/Users/gokulmallabathula/deep-fake/datasets/raw/Celeb-Youtube-fake/1137.mp4,1,,Celeb-Youtube-fake,Celeb-Youtube-fake:1137,e5724127ae9fd38b26525b8e982a826831e9f55b4b1b42d104ee995c12d7eba1
/Users/gokulmallabathula/deep-fake/datasets/raw/Celeb-Youtube-fake/1138.mp4,1,,Celeb-Youtube-fake,Celeb-Youtube-fake:1138,7373e6f759af9b3a2903102e150674d5629325a6def89315b9577fef53c591ab
/Users/gokulmallabathula/deep-fake/datasets/raw/Celeb-Youtube-fake/1139.mp4,1,,Celeb-Youtube-fake,Celeb-Youtube-fake:1139,2c43ccc0dd05a2ce153cb55462fff2f28111e3cca2387f00ba0f05e391f6f38d
/Users/gokulmallabathula/deep-fake/datasets/raw/Celeb-Youtube-fake/1142.mp4,1,,Celeb-Youtube-fake,Celeb-Youtube-fake:1142,847d134fb6f93e00a6f1927a314a07b4cc338ab4160f09030dad30a29a9d9bf7
/Users/gokulmallabathula/deep-fake/datasets/raw/Celeb-Youtube-fake/1143.mp4,1,,Celeb-Youtube-fake,Celeb-Youtube-fake:1143,6c57e0864aad23ff8d9568c22777dbe2f723d9bba9c5f033520548994cbf9527
/Users/gokulmallabathula/deep-fake/datasets/raw/Celeb-Youtube-fake/1144.mp4,1,,Celeb-Youtube-fake,Celeb-Youtube-fake:1144,e092bef287507569c105034df10fc01a2a78594fe565df8646761b8dca77d4c7
/Users/gokulmallabathula/deep-fake/datasets/raw/Celeb-Youtube-fake/1145.mp4,1,,Celeb-Youtube-fake,Celeb-Youtube-fake:1145,a07c0f0915f55bb0cc819c680c8fd7944310f1ee1f159039154ad96d41f1847b
/Users/gokulmallabathula/deep-fake/datasets/raw/Celeb-Youtube-fake/1146.mp4,1,,Celeb-Youtube-fake,Celeb-Youtube-fake:1146,cb716bee24b8b4ec3d7f71cd83888cfba9b645f24f1ef85f2e77b617d04f356c
/Users/gokulmallabathula/deep-fake/datasets/raw/Celeb-Youtube-fake/1148.mp4,1,,Celeb-Youtube-fake,Celeb-Youtube-fake:1148,bfded71b1853201a538495b9662d01e08cc4138ff4f5bac3b91258ed39ff40d6
/Users/gokulmallabathula/deep-fake/datasets/raw/Celeb-Youtube-fake/1150.mp4,1,,Celeb-Youtube-fake,Celeb-Youtube-fake:1150,8ff5f6603ff86af4bf42ad220deed7cf01887a8830e85b06d453c94eda466d7d
/Users/gokulmallabathula/deep-fake/datasets/raw/Celeb-Youtube-fake/1151.mp4,1,,Celeb-Youtube-fake,Celeb-Youtube-fake:1151,0105565cbd085562c738802ba5e9ebff2c405f4e220d2af130f9047a50e9c198
/Users/gokulmallabathula/deep-fake/datasets/raw/Celeb-Youtube-fake/1155.mp4,1,,Celeb-Youtube-fake,Celeb-Youtube-fake:1155,4000b75304ce0283a00e9807244a8abb42eb65c35524d4708f176ed969ad8c39
/Users/gokulmallabathula/deep-fake/datasets/raw/Celeb-Youtube-fake/1156.mp4,1,,Celeb-Youtube-fake,Celeb-Youtube-fake:1156,1d04b0469c87cc1815a964f7995450c18753186d3e6faf3fd79588ed491b3012
/Users/gokulmallabathula/deep-fake/datasets/raw/Celeb-Youtube-fake/1157.mp4,1,,Celeb-Youtube-fake,Celeb-Youtube-fake:1157,fab5725d5c9a149382e1f1471d2615272ddf883de4558f1bf07d06dd875949c8
/Users/gokulmallabathula/deep-fake/datasets/raw/Celeb-Youtube-fake/1158.mp4,1,,Celeb-Youtube-fake,Celeb-Youtube-fake:1158,ed5d56360d21f7d357e1e9550930e49780ee50a2fedf82d6a9e8ec5bac9f7d0b
/Users/gokulmallabathula/deep-fake/datasets/raw/Celeb-Youtube-fake/116.mp4,1,,Celeb-Youtube-fake,Celeb-Youtube-fake:116,bb2c5c128671825c4297c98da745a908982f643871d119a54672edf5a4cb5e42
/Users/gokulmallabathula/deep-fake/datasets/raw/Celeb-Youtube-fake/1160.mp4,1,,Celeb-Youtube-fake,Celeb-Youtube-fake:1160,bf263dd2797e01af7dc0b404703f27650b6f5ef2155da006b04767b325b81349
/Users/gokulmallabathula/deep-fake/datasets/raw/Celeb-Youtube-fake/1161.mp4,1,,Celeb-Youtube-fake,Celeb-Youtube-fake:1161,4ce97b16c1b250c1eb5aee22c2802ee82295dbde6b3a1a8e862d8aab1dc637cf
/Users/gokulmallabathula/deep-fake/datasets/raw/Celeb-Youtube-fake/1162.mp4,1,,Celeb-Youtube-fake,Celeb-Youtube-fake:1162,f01338f5f05ef297e956aecef8b94b99108ed13da87da69c1242a0180280804d
/Users/gokulmallabathula/deep-fake/datasets/raw/Celeb-Youtube-fake/1163.mp4,1,,Celeb-Youtube-fake,Celeb-Youtube-fake:1163,87bd0fb7f8a906a371f15ff6e51742b5d8a63039062a5a80bca74eb9a8cec3ed
/Users/gokulmallabathula/deep-fake/datasets/raw/Celeb-Youtube-fake/1164.mp4,1,,Celeb-Youtube-fake,Celeb-Youtube-fake:1164,5c2e83427e17c0c7460c04123e6dc97e28c9a103fcd7f2ecaaf93f63f3f26d49
/Users/gokulmallabathula/deep-fake/datasets/raw/Celeb-Youtube-fake/1166.mp4,1,,Celeb-Youtube-fake,Celeb-Youtube-fake:1166,58dd600874379e33c57a05356f80437f137382cf6433fe3adeaf227110ba22ad
/Users/gokulmallabathula/deep-fake/datasets/raw/Celeb-Youtube-fake/1167.mp4,1,,Celeb-Youtube-fake,Celeb-Youtube-fake:1167,b5b237e705188a013bf574546fed5f3d992f506509770be9cc269e354ce02d60
/Users/gokulmallabathula/deep-fake/datasets/raw/Celeb-Youtube-fake/1168.mp4,1,,Celeb-Youtube-fake,Celeb-Youtube-fake:1168,4c5da3c1f5d458e1ec154fcc2a02d62fba4be8b3e3a51da9e9b77c0605b307d4
/Users/gokulmallabathula/deep-fake/datasets/raw/Celeb-Youtube-fake/1169.mp4,1,,Celeb-Youtube-fake,Celeb-Youtube-fake:1169,4f8fbe70bf3e5d12b6047d6e865e8f93d6920c16216830970240fb867e8dec6d
/Users/gokulmallabathula/deep-fake/datasets/raw/Celeb-Youtube-fake/117.mp4,1,,Celeb-Youtube-fake,Celeb-Youtube-fake:117,82e62ac704b8072783bfef57e0d60b0edc20577fc7e073bad6e134f746187969
/Users/gokulmallabathula/deep-fake/datasets/raw/Celeb-Youtube-fake/1170.mp4,1,,Celeb-Youtube-fake,Celeb-Youtube-fake:1170,cc678957f52d1c565c3b027c993e7d66b17b7f21f16c8be2a7746638287d7a92
/Users/gokulmallabathula/deep-fake/datasets/raw/Celeb-Youtube-fake/1172.mp4,1,,Celeb-Youtube-fake,Celeb-Youtube-fake:1172,4c95e85ee3ffea6affd119f0bcbecd98a5572643de823fa9f942e46271ce20c9
/Users/gokulmallabathula/deep-fake/datasets/raw/Celeb-Youtube-fake/1173.mp4,1,,Celeb-Youtube-fake,Celeb-Youtube-fake:1173,a1cc298dbcbf748010da9df74305535d5ce9971db30bf1af0161d5734ae40993
/Users/gokulmallabathula/deep-fake/datasets/raw/Celeb-Youtube-fake/1174.mp4,1,,Celeb-Youtube-fake,Celeb-Youtube-fake:1174,c7bc0767507e79ccd84f5c4fe3f45fb8aa4393feb6492de7f49b755d7061136d
/Users/gokulmallabathula/deep-fake/datasets/raw/Celeb-Youtube-fake/1175.mp4,1,,Celeb-Youtube-fake,Celeb-Youtube-fake:1175,f6d4854e6693632520283eee7f36c63c3229aa33bde35ed1b206fdcdbc2c3575
/Users/gokulmallabathula/deep-fake/datasets/raw/Celeb-Youtube-fake/1176.mp4,1,,Celeb-Youtube-fake,Celeb-Youtube-fake:1176,14fd9ad4a6be8dee1e73bf5b19579d04a197c01541bed962e54dddca046a4f39
/Users/gokulmallabathula/deep-fake/datasets/raw/Celeb-Youtube-fake/1177.mp4,1,,Celeb-Youtube-fake,Celeb-Youtube-fake:1177,1acff400c0df1a65fa9da538d03d6f6b6c2db35cbbd303431030ea4cf6fcda47
/Users/gokulmallabathula/deep-fake/datasets/raw/Celeb-Youtube-fake/1179.mp4,1,,Celeb-Youtube-fake,Celeb-Youtube-fake:1179,00136005a27616b9662b199c06402a8456529c9499fcc0e896ad3535f3ff90b2
/Users/gokulmallabathula/deep-fake/datasets/raw/Celeb-Youtube-fake/118.mp4,1,,Celeb-Youtube-fake,Celeb-Youtube-fake:118,435c909e55b9cc324cc7371f6dde0efaa5119fa2d4660ad7fcd84eb208a0e473
/Users/gokulmallabathula/deep-fake/datasets/raw/Celeb-Youtube-fake/1183.mp4,1,,Celeb-Youtube-fake,Celeb-Youtube-fake:1183,2d1e893a7fb5c40934ebe74f74ad58beb8956e2494fce05d53675785676341e0
/Users/gokulmallabathula/deep-fake/datasets/raw/Celeb-Youtube-fake/1184.mp4,1,,Celeb-Youtube-fake,Celeb-Youtube-fake:1184,6156cc201cf542267ba7aaea83c2dfe1d185b3dec346c0e638aab67f95082bd5
/Users/gokulmallabathula/deep-fake/datasets/raw/Celeb-Youtube-fake/1185.mp4,1,,Celeb-Youtube-fake,Celeb-Youtube-fake:1185,e7afefaa5c7906ef259a62ac49261a9337e1ccade105f8857f95a20e52dae178
/Users/gokulmallabathula/deep-fake/datasets/raw/Celeb-Youtube-fake/1186.mp4,1,,Celeb-Youtube-fake,Celeb-Youtube-fake:1186,11f392bb5d485dd1d3dc9ff88bcdd6a9293a8617d88063a88578835fb0b34755
/Users/gokulmallabathula/deep-fake/datasets/raw/Celeb-Youtube-fake/1189.mp4,1,,Celeb-Youtube-fake,Celeb-Youtube-fake:1189,e62c236544ff41b9be855d009a4c01d30397f3711b2e62920eabdb8d8191460c
/Users/gokulmallabathula/deep-fake/datasets/raw/Celeb-Youtube-fake/119.mp4,1,,Celeb-Youtube-fake,Celeb-Youtube-fake:119,fee6c5dc915fd77e107a037e3ca45df41ac866b54d2dae07908d2ca4364dff37
/Users/gokulmallabathula/deep-fake/datasets/raw/Celeb-Youtube-fake/1190.mp4,1,,Celeb-Youtube-fake,Celeb-Youtube-fake:1190,3651c029ecfc9f90b3ade8302d6f97fdf4586b1a314d398033147e43a4df9506
/Users/gokulmallabathula/deep-fake/datasets/raw/Celeb-Youtube-fake/1192.mp4,1,,Celeb-Youtube-fake,Celeb-Youtube-fake:1192,44e668ea16358a9660b7df5fb2360b01d323b732ce69a134905df0a2eeaec1c9
/Users/gokulmallabathula/deep-fake/datasets/raw/Celeb-Youtube-fake/1194.mp4,1,,Celeb-Youtube-fake,Celeb-Youtube-fake:1194,c3a22cd03a605f9879bbd3c77313993be4a15223fd67c092c656e22f5bf63798
/Users/gokulmallabathula/deep-fake/datasets/raw/Celeb-Youtube-fake/1195.mp4,1,,Celeb-Youtube-fake,Celeb-Youtube-fake:1195,dd5157f085967d4b8b7f00f7ebb87d115e1ba0e8549794ce1684a3e8ab64007c
/Users/gokulmallabathula/deep-fake/datasets/raw/Celeb-Youtube-fake/1197.mp4,1,,Celeb-Youtube-fake,Celeb-Youtube-fake:1197,93f6ab7b83183fca1d07199be386cb4a1f2231ed7f3fbd382ce21c1c4637a030
/Users/gokulmallabathula/deep-fake/datasets/raw/Celeb-Youtube-fake/1199.mp4,1,,Celeb-Youtube-fake,Celeb-Youtube-fake:1199,bfb288aac9ef86a41f8af262130fb4b2417924624d77037eef4716fe84d1cf5c
/Users/gokulmallabathula/deep-fake/datasets/raw/Celeb-Youtube-fake/120.mp4,1,,Celeb-Youtube-fake,Celeb-Youtube-fake:120,9e0c187190a3948a42606fae89f39714c61f8c54f1503cd96d984f2060ab46bc
/Users/gokulmallabathula/deep-fake/datasets/raw/Celeb-Youtube-fake/1201.mp4,1,,Celeb-Youtube-fake,Celeb-Youtube-fake:1201,0a7f12d53fdb6b0ef973e03202aae9b03f96c01dae36bf794ac469e1800bb2f6
/Users/gokulmallabathula/deep-fake/datasets/raw/Celeb-Youtube-fake/1202.mp4,1,,Celeb-Youtube-fake,Celeb-Youtube-fake:1202,2c7431fcb46a9b65e2e9d7cea96a0ab8801d0f526e4ba6c2f87cecb63ba6587d
/Users/gokulmallabathula/deep-fake/datasets/raw/Celeb-Youtube-fake/1203.mp4,1,,Celeb-Youtube-fake,Celeb-Youtube-fake:1203,f940f19910af597b87b6f20c4409fe57afe5a5965449670133068e22185d165e
/Users/gokulmallabathula/deep-fake/datasets/raw/Celeb-Youtube-fake/1205.mp4,1,,Celeb-Youtube-fake,Celeb-Youtube-fake:1205,0a0cff2f33d2bc2467d3929e01d896279093ac8701740c75fde70e135540f848
/Users/gokulmallabathula/deep-fake/datasets/raw/Celeb-Youtube-fake/1206.mp4,1,,Celeb-Youtube-fake,Celeb-Youtube-fake:1206,85eece3fc8974ce992cfb9648890bcc0a0c3ede44f1e455c2584a68923538dfa
/Users/gokulmallabathula/deep-fake/datasets/raw/Celeb-Youtube-fake/1208.mp4,1,,Celeb-Youtube-fake,Celeb-Youtube-fake:1208,b905d5dc70e11d03b42f2e01104ed0e023ee0f24c46cbb7f4fa4c9e9653fb702
/Users/gokulmallabathula/deep-fake/datasets/raw/Celeb-Youtube-fake/1211.mp4,1,,Celeb-Youtube-fake,Celeb-Youtube-fake:1211,410b3147a346831e2a8be38837f1e288c45f3f919bb3eeabe4a0f170f927871c
/Users/gokulmallabathula/deep-fake/datasets/raw/Celeb-Youtube-fake/1212.mp4,1,,Celeb-Youtube-fake,Celeb-Youtube-fake:1212,4acffcbc4323372d4ac08b8b67b0667d66e87ee337575f264862ccf77ce63484
/Users/gokulmallabathula/deep-fake/datasets/raw/Celeb-Youtube-fake/1213.mp4,1,,Celeb-Youtube-fake,Celeb-Youtube-fake:1213,bfe140210c49d53fd67a41cc74156a1ee5887e4a41d401c21dfa5bb5952f76ce
/Users/gokulmallabathula/deep-fake/datasets/raw/Celeb-Youtube-fake/1214.mp4,1,,Celeb-Youtube-fake,Celeb-Youtube-fake:1214,eeb7d7df1847aec27336c928cf70eb21157d7d4316379006eb51b5be1fce3933
/Users/gokulmallabathula/deep-fake/datasets/raw/Celeb-Youtube-fake/1215.mp4,1,,Celeb-Youtube-fake,Celeb-Youtube-fake:1215,5b0aeeedf4768357e8be099195ee47b02f3ee6fe7e0fde94a626f924ab35a252
/Users/gokulmallabathula/deep-fake/datasets/raw/Celeb-Youtube-fake/1216.mp4,1,,Celeb-Youtube-fake,Celeb-Youtube-fake:1216,c24964100e14bda454c0400533b97bf8488c884b11bd6b7b7e6dff746d3f598e
/Users/gokulmallabathula/deep-fake/datasets/raw/Celeb-Youtube-fake/1219.mp4,1,,Celeb-Youtube-fake,Celeb-Youtube-fake:1219,34999dfb161ac6d26c15987f934a9a62786d8376445af65a28ec824480d426fb
/Users/gokulmallabathula/deep-fake/datasets/raw/Celeb-Youtube-fake/122.mp4,1,,Celeb-Youtube-fake,Celeb-Youtube-fake:122,c1ded255993e25b2a2c1d44e0d4e7dcffa2fabb5f3e3b3f93a7cbf43f05c243a
/Users/gokulmallabathula/deep-fake/datasets/raw/Celeb-Youtube-fake/1220.mp4,1,,Celeb-Youtube-fake,Celeb-Youtube-fake:1220,e44fc799edbef4d2b47ab719171c55ad808cb2503a4672dbc1190f7096c496c3
/Users/gokulmallabathula/deep-fake/datasets/raw/Celeb-Youtube-fake/1221.mp4,1,,Celeb-Youtube-fake,Celeb-Youtube-fake:1221,0d447f3336b8937c143401610e0ef66fa2cf09e1134c8d503b4439817a875d86
/Users/gokulmallabathula/deep-fake/datasets/raw/Celeb-Youtube-fake/1222.mp4,1,,Celeb-Youtube-fake,Celeb-Youtube-fake:1222,d803290b5c34fcc98e3a3826f8d278aeba98ae4f8761319289d5d80441bbdf58
/Users/gokulmallabathula/deep-fake/datasets/raw/Celeb-Youtube-fake/1223.mp4,1,,Celeb-Youtube-fake,Celeb-Youtube-fake:1223,c8ec21293631b966634c4ae549986f426131cd5375e83fc0f89f867eb40a26ff
/Users/gokulmallabathula/deep-fake/datasets/raw/Celeb-Youtube-fake/1224.mp4,1,,Celeb-Youtube-fake,Celeb-Youtube-fake:1224,140ca748904a22a0db7e569039bb0b55b49836e2789f4e4dd2623a20910b92b6
/Users/gokulmallabathula/deep-fake/datasets/raw/Celeb-Youtube-fake/1228.mp4,1,,Celeb-Youtube-fake,Celeb-Youtube-fake:1228,b824774b6284b15cc0f83a0a418ae2609240959d7d3364aee87848bbdb2d4c10
/Users/gokulmallabathula/deep-fake/datasets/raw/Celeb-Youtube-fake/123.mp4,1,,Celeb-Youtube-fake,Celeb-Youtube-fake:123,2775694d55bffa87fbcd54191537e2daeae064e6b325f6e7358187abe3de686f
/Users/gokulmallabathula/deep-fake/datasets/raw/Celeb-Youtube-fake/1230.mp4,1,,Celeb-Youtube-fake,Celeb-Youtube-fake:1230,0040bff6d0a3a7d0589e00f841806a73187685193c90dcb1724da5f404f4d00f
/Users/gokulmallabathula/deep-fake/datasets/raw/Celeb-Youtube-fake/1232.mp4,1,,Celeb-Youtube-fake,Celeb-Youtube-fake:1232,42d01e4ebc9d32ef011e36b26434de4a630fcbaf2bb73a54182679045f911718
/Users/gokulmallabathula/deep-fake/datasets/raw/Celeb-Youtube-fake/1234.mp4,1,,Celeb-Youtube-fake,Celeb-Youtube-fake:1234,8a7edb5555d0d702b2b367bb0b3d98b4d5cd20f38d9e68c27e6f6e82eeb67804
/Users/gokulmallabathula/deep-fake/datasets/raw/Celeb-Youtube-fake/1235.mp4,1,,Celeb-Youtube-fake,Celeb-Youtube-fake:1235,f1ee7736d61799414807c31ce29fa9e5832f21759ada50c940e75433295edd26
/Users/gokulmallabathula/deep-fake/datasets/raw/Celeb-Youtube-fake/1236.mp4,1,,Celeb-Youtube-fake,Celeb-Youtube-fake:1236,384a0a390ac3437b167aff86bb1d3b44a624070f3a7b09dd2189d8fa5ccbe991
/Users/gokulmallabathula/deep-fake/datasets/raw/Celeb-Youtube-fake/1237.mp4,1,,Celeb-Youtube-fake,Celeb-Youtube-fake:1237,74c1d2e963b0d6a9be3961ae5f332b820542d5a33352898d2c03f961edb6c0d1
/Users/gokulmallabathula/deep-fake/datasets/raw/Celeb-Youtube-fake/124.mp4,1,,Celeb-Youtube-fake,Celeb-Youtube-fake:124,c6300f5f52a9591ec03e5dacefc7b6283f2779f0d2ac170e75a90c77f82374d9
/Users/gokulmallabathula/deep-fake/datasets/raw/Celeb-Youtube-fake/1240.mp4,1,,Celeb-Youtube-fake,Celeb-Youtube-fake:1240,83568b2863d360d5fffa5ac7c4af168a9e811047c34c5aa1beb1c89383fbaf33
/Users/gokulmallabathula/deep-fake/datasets/raw/Celeb-Youtube-fake/1241.mp4,1,,Celeb-Youtube-fake,Celeb-Youtube-fake:1241,974cf0ff57902cc4be50626ba1ffaa4343965d1564fc69f11ce05102c77ed4d1
/Users/gokulmallabathula/deep-fake/datasets/raw/Celeb-Youtube-fake/1242.mp4,1,,Celeb-Youtube-fake,Celeb-Youtube-fake:1242,2c9bf4aaada8e6edb46bf3386623d7ab65654c8d07203f3fcc5da9d70d60d042
/Users/gokulmallabathula/deep-fake/datasets/raw/Celeb-Youtube-fake/1245.mp4,1,,Celeb-Youtube-fake,Celeb-Youtube-fake:1245,0b6ff89d2f94355dfdfbe83c4eb6281f2da590bd5deb6fa0123f08786915ac06
/Users/gokulmallabathula/deep-fake/datasets/raw/Celeb-Youtube-fake/1246.mp4,1,,Celeb-Youtube-fake,Celeb-Youtube-fake:1246,105d7ab72127d085d0a1ae630dd29f2e7d7be9563f68f127dce45f7b2cedbd42
/Users/gokulmallabathula/deep-fake/datasets/raw/Celeb-Youtube-fake/1247.mp4,1,,Celeb-Youtube-fake,Celeb-Youtube-fake:1247,d0917dae2df22f74c4ac2484cd66d94bffa172b51fb394034574613510ad58eb
/Users/gokulmallabathula/deep-fake/datasets/raw/Celeb-Youtube-fake/1248.mp4,1,,Celeb-Youtube-fake,Celeb-Youtube-fake:1248,7c63fc574ac993fc6a2b5f7d6b463a6bed59b01471a5b0617d50e76927a90429
/Users/gokulmallabathula/deep-fake/datasets/raw/Celeb-Youtube-fake/125.mp4,1,,Celeb-Youtube-fake,Celeb-Youtube-fake:125,6651130885bb93c485af5f089e964a24cc73aa075f399491c4dc0b173b97cb93
/Users/gokulmallabathula/deep-fake/datasets/raw/Celeb-Youtube-fake/1250.mp4,1,,Celeb-Youtube-fake,Celeb-Youtube-fake:1250,2fa44f5ce79154fe95352086381c5954c9c1aa5da298ca7959518b3ee5bd164c
/Users/gokulmallabathula/deep-fake/datasets/raw/Celeb-Youtube-fake/1251.mp4,1,,Celeb-Youtube-fake,Celeb-Youtube-fake:1251,06d96e7488ad2e6c93ae3e29319f808c666b321aceba9e4b5b2cb19f2347c9e1
/Users/gokulmallabathula/deep-fake/datasets/raw/Celeb-Youtube-fake/1252.mp4,1,,Celeb-Youtube-fake,Celeb-Youtube-fake:1252,0e23b152b8475fd91df294971c1f9645bfb65fcd9e5520577b6355121438b4e6
/Users/gokulmallabathula/deep-fake/datasets/raw/Celeb-Youtube-fake/1253.mp4,1,,Celeb-Youtube-fake,Celeb-Youtube-fake:1253,987aa5f9f32bf0eae405a3c6c22640107cbfdde858a516056714506c59f7af2e
/Users/gokulmallabathula/deep-fake/datasets/raw/Celeb-Youtube-fake/1255.mp4,1,,Celeb-Youtube-fake,Celeb-Youtube-fake:1255,436583de50f882b68ab355888d5173e25122992871fe997276df7562f4416962
/Users/gokulmallabathula/deep-fake/datasets/raw/Celeb-Youtube-fake/1256.mp4,1,,Celeb-Youtube-fake,Celeb-Youtube-fake:1256,22da7acd957fee9f74711e415c699ab48d9038a3491f191f02436e5076d3e630
/Users/gokulmallabathula/deep-fake/datasets/raw/Celeb-Youtube-fake/1257.mp4,1,,Celeb-Youtube-fake,Celeb-Youtube-fake:1257,ff16775c0d42856081b05b9cab72aa7f7dad2e0ae6ffada46121ac4fa402a250
/Users/gokulmallabathula/deep-fake/datasets/raw/Celeb-Youtube-fake/1258.mp4,1,,Celeb-Youtube-fake,Celeb-Youtube-fake:1258,2d2a1945b44baebfcbdc38e6232953d2058380c2b35d84e7d25a12a5822e1d83
/Users/gokulmallabathula/deep-fake/datasets/raw/Celeb-Youtube-fake/1259.mp4,1,,Celeb-Youtube-fake,Celeb-Youtube-fake:1259,d5109d61c51af3279292c24f009d8d790e572e325f6fbad60212fd27a74c73cb
/Users/gokulmallabathula/deep-fake/datasets/raw/Celeb-Youtube-fake/126.mp4,1,,Celeb-Youtube-fake,Celeb-Youtube-fake:126,0233d3f67da4d08d0fad1bf08a8418287cc98962a7a231498431a7c79aa3909d
/Users/gokulmallabathula/deep-fake/datasets/raw/Celeb-Youtube-fake/1260.mp4,1,,Celeb-Youtube-fake,Celeb-Youtube-fake:1260,1270eeeb7c94e63b6e8ba3c9d6eb49a38f46c83060f4ced261d07cefaa8b97c6
/Users/gokulmallabathula/deep-fake/datasets/raw/Celeb-Youtube-fake/1261.mp4,1,,Celeb-Youtube-fake,Celeb-Youtube-fake:1261,54d762001033354c714201db5142de5e463969550f7eee764d679e26c288fb30
/Users/gokulmallabathula/deep-fake/datasets/raw/Celeb-Youtube-fake/1264.mp4,1,,Celeb-Youtube-fake,Celeb-Youtube-fake:1264,a6535fa936bfa5ad541261547941c0987be15bc6b4fef86504d23ae06deea6d4
/Users/gokulmallabathula/deep-fake/datasets/raw/Celeb-Youtube-fake/1265.mp4,1,,Celeb-Youtube-fake,Celeb-Youtube-fake:1265,90ee681ce848b1376b90a509b77e0fe50c2f87178c1473e5c00743dcc4ab139d
/Users/gokulmallabathula/deep-fake/datasets/raw/Celeb-Youtube-fake/1266.mp4,1,,Celeb-Youtube-fake,Celeb-Youtube-fake:1266,100ec3ffdd9308f2a24704f2d06604ce58d08a18d14db9e9f4ddc5c95e4b4022
/Users/gokulmallabathula/deep-fake/datasets/raw/Celeb-Youtube-fake/1267.mp4,1,,Celeb-Youtube-fake,Celeb-Youtube-fake:1267,fd912352e1a1d5817e1ef19f846dc4f232915f900877fad73210159bfdf4ec79
/Users/gokulmallabathula/deep-fake/datasets/raw/Celeb-Youtube-fake/1269.mp4,1,,Celeb-Youtube-fake,Celeb-Youtube-fake:1269,64e4bde220f7e9e42abebb3b91418773950b18a04c3f351eaf6734d608b1df16
/Users/gokulmallabathula/deep-fake/datasets/raw/Celeb-Youtube-fake/127.mp4,1,,Celeb-Youtube-fake,Celeb-Youtube-fake:127,db0bbe9ea04cdd678975af70fbaf1e90ab3605b81219b221f20b152f4d0a4e05
/Users/gokulmallabathula/deep-fake/datasets/raw/Celeb-Youtube-fake/1272.mp4,1,,Celeb-Youtube-fake,Celeb-Youtube-fake:1272,f83cc16dabb4b7f54c0cd1f2be508545f7f063ec6aff0c2cb8fe40f323a02ae2
/Users/gokulmallabathula/deep-fake/datasets/raw/Celeb-Youtube-fake/1273.mp4,1,,Celeb-Youtube-fake,Celeb-Youtube-fake:1273,000683c9458ff40112147b6fe3106a265d648d457c29102d48ddc8f2ae739c1f
/Users/gokulmallabathula/deep-fake/datasets/raw/Celeb-Youtube-fake/1274.mp4,1,,Celeb-Youtube-fake,Celeb-Youtube-fake:1274,0c46d0ef72f0cb2f381cc7c0251004f58909150bafbdae06651708585fa34f6d
/Users/gokulmallabathula/deep-fake/datasets/raw/Celeb-Youtube-fake/1276.mp4,1,,Celeb-Youtube-fake,Celeb-Youtube-fake:1276,2276095417a73bc9638ee699763610c991c41c54cd9779f5ded3844c8f65d27e
/Users/gokulmallabathula/deep-fake/datasets/raw/Celeb-Youtube-fake/1277.mp4,1,,Celeb-Youtube-fake,Celeb-Youtube-fake:1277,d7317ae03d33a975980211422edec2cc789b242fc0e49128248c3ef2cfd8ea4e
/Users/gokulmallabathula/deep-fake/datasets/raw/Celeb-Youtube-fake/1278.mp4,1,,Celeb-Youtube-fake,Celeb-Youtube-fake:1278,27dc90e89cd9b8a16fe6c56ea0eaf4ab3a690871e17e1823482ef5001987ffea
/Users/gokulmallabathula/deep-fake/datasets/raw/Celeb-Youtube-fake/1281.mp4,1,,Celeb-Youtube-fake,Celeb-Youtube-fake:1281,9984441520f1fad2af244e7500c7f77a21594c0500fc42f6d7d148695796ea4d
/Users/gokulmallabathula/deep-fake/datasets/raw/Celeb-Youtube-fake/1282.mp4,1,,Celeb-Youtube-fake,Celeb-Youtube-fake:1282,62371d37c34a1455e6cbca3f94a4552334a0c0cabeeaffb0863263f8d99067b8
/Users/gokulmallabathula/deep-fake/datasets/raw/Celeb-Youtube-fake/1285.mp4,1,,Celeb-Youtube-fake,Celeb-Youtube-fake:1285,d942e9a6deb6d4d84b0fe8b1b036dd65575f22758bcd152b80ce1846811b53d0
/Users/gokulmallabathula/deep-fake/datasets/raw/Celeb-Youtube-fake/1286.mp4,1,,Celeb-Youtube-fake,Celeb-Youtube-fake:1286,1a95fee5787b43f6890231692ebe79527552c53c0e20011c3f74a1cabd41db9f
/Users/gokulmallabathula/deep-fake/datasets/raw/Celeb-Youtube-fake/1287.mp4,1,,Celeb-Youtube-fake,Celeb-Youtube-fake:1287,dec3fbff7573d997d4a1796201722862cfd2dedf5e99ee42ddc8134950b1018a
/Users/gokulmallabathula/deep-fake/datasets/raw/Celeb-Youtube-fake/1289.mp4,1,,Celeb-Youtube-fake,Celeb-Youtube-fake:1289,4eac79952a71cd42af61524c53702c1dc412a4be25a15ac23c956b2522037247
/Users/gokulmallabathula/deep-fake/datasets/raw/Celeb-Youtube-fake/129.mp4,1,,Celeb-Youtube-fake,Celeb-Youtube-fake:129,775850474cefec314ab9467193849819a3a7e8f419a7f83470cb3a55da88f343
/Users/gokulmallabathula/deep-fake/datasets/raw/Celeb-Youtube-fake/1292.mp4,1,,Celeb-Youtube-fake,Celeb-Youtube-fake:1292,244eb3de4256f010d275492181abd1ce0040da26c9b10ff1201d999540a9f6af
/Users/gokulmallabathula/deep-fake/datasets/raw/Celeb-Youtube-fake/1293.mp4,1,,Celeb-Youtube-fake,Celeb-Youtube-fake:1293,c0978dc8a48ffb5f7eff52523c2cd79841fbc6b805b86a8aa83f4d59819556ea
/Users/gokulmallabathula/deep-fake/datasets/raw/Celeb-Youtube-fake/1295.mp4,1,,Celeb-Youtube-fake,Celeb-Youtube-fake:1295,7114b023a192a23e4bd906e9fc5f5d188ca06068ac4452dd0b44906dd9421400
/Users/gokulmallabathula/deep-fake/datasets/raw/Celeb-Youtube-fake/1296.mp4,1,,Celeb-Youtube-fake,Celeb-Youtube-fake:1296,565129059a6d5e1f0ecee4c3652534729de94e06aad8edf413af49ba6e42824e
/Users/gokulmallabathula/deep-fake/datasets/raw/Celeb-Youtube-fake/1297.mp4,1,,Celeb-Youtube-fake,Celeb-Youtube-fake:1297,97ec6e5fb5357347b20870ca135f4059140bd5b139d3e8762d8488fe547cde5c
/Users/gokulmallabathula/deep-fake/datasets/raw/Celeb-Youtube-fake/1298.mp4,1,,Celeb-Youtube-fake,Celeb-Youtube-fake:1298,32420b613a34be48cd2745f539b0812e7a0e7d0020b5a343cabc6d10543dd8f2
/Users/gokulmallabathula/deep-fake/datasets/raw/Celeb-Youtube-fake/13.mp4,1,,Celeb-Youtube-fake,Celeb-Youtube-fake:13,e0044c6274dc491742510cdf9d4bfcb9da213c252554e6a5c169472042539334
/Users/gokulmallabathula/deep-fake/datasets/raw/Celeb-Youtube-fake/1300.mp4,1,,Celeb-Youtube-fake,Celeb-Youtube-fake:1300,ccb13556abe0495e0b3ddf5a0f46ab2e0f8b69fcfe6307c400229e24475aeac0
/Users/gokulmallabathula/deep-fake/datasets/raw/Celeb-Youtube-fake/1301.mp4,1,,Celeb-Youtube-fake,Celeb-Youtube-fake:1301,bc251adb70fb54834043999860dca0e0c53a0524317f2adfb2c5d0825575d89a
/Users/gokulmallabathula/deep-fake/datasets/raw/Celeb-Youtube-fake/1302.mp4,1,,Celeb-Youtube-fake,Celeb-Youtube-fake:1302,693e5946789e1e76c07b372248fb8141159277d8238eeeec0b722c0b3f7b9601
/Users/gokulmallabathula/deep-fake/datasets/raw/Celeb-Youtube-fake/1303.mp4,1,,Celeb-Youtube-fake,Celeb-Youtube-fake:1303,9c9760bf89b4d5e8bc6e9d38ab851495944b626641f8d4d86633a15e8acf20ad
/Users/gokulmallabathula/deep-fake/datasets/raw/Celeb-Youtube-fake/1304.mp4,1,,Celeb-Youtube-fake,Celeb-Youtube-fake:1304,0c609b7d1a78e06f59d25a48184765d2b44cbbc9f454f6398ffcef05a6a8a1af
/Users/gokulmallabathula/deep-fake/datasets/raw/Celeb-Youtube-fake/1306.mp4,1,,Celeb-Youtube-fake,Celeb-Youtube-fake:1306,bdf07a76d6cd420a5382e0c385047f47a5448b8467437552c8aab1a422f6c3a1
/Users/gokulmallabathula/deep-fake/datasets/raw/Celeb-Youtube-fake/1307.mp4,1,,Celeb-Youtube-fake,Celeb-Youtube-fake:1307,cdfd82835759710afed99c23353610acbc2f0e0cb614a4d3440ec3661e8e28f5
/Users/gokulmallabathula/deep-fake/datasets/raw/Celeb-Youtube-fake/1309.mp4,1,,Celeb-Youtube-fake,Celeb-Youtube-fake:1309,28d53693b559e2f5b1c349eb40d92e0145ff62410ff6f47cb8b8673bd5eab69a
/Users/gokulmallabathula/deep-fake/datasets/raw/Celeb-Youtube-fake/1310.mp4,1,,Celeb-Youtube-fake,Celeb-Youtube-fake:1310,89fc82e2a6651f70c44db94950f3842ff2cd43748131455c1edfa079b8a9a3cc
/Users/gokulmallabathula/deep-fake/datasets/raw/Celeb-Youtube-fake/1312.mp4,1,,Celeb-Youtube-fake,Celeb-Youtube-fake:1312,2169ad840dd49cc45c0297057eeb8800bcbf82a1ec6625376064972a9a3b69c4
/Users/gokulmallabathula/deep-fake/datasets/raw/Celeb-Youtube-fake/1313.mp4,1,,Celeb-Youtube-fake,Celeb-Youtube-fake:1313,888c72abcdf5efed4abf639d1bea3e84172c3d499d67233a227cad3da9800069
/Users/gokulmallabathula/deep-fake/datasets/raw/Celeb-Youtube-fake/1314.mp4,1,,Celeb-Youtube-fake,Celeb-Youtube-fake:1314,14e5a1876134accbd89744b54ed680779bb5d23c36618a0661678de5a33ec966
/Users/gokulmallabathula/deep-fake/datasets/raw/Celeb-Youtube-fake/1315.mp4,1,,Celeb-Youtube-fake,Celeb-Youtube-fake:1315,33cc18af63f08e116bd30672b2da5eca49a9b326406a710866bc75417e039a23
/Users/gokulmallabathula/deep-fake/datasets/raw/Celeb-Youtube-fake/1316.mp4,1,,Celeb-Youtube-fake,Celeb-Youtube-fake:1316,67690a3db1723e6de07a172699a730b7238c9d9bd87ed737a47b936508d88999
/Users/gokulmallabathula/deep-fake/datasets/raw/Celeb-Youtube-fake/1318.mp4,1,,Celeb-Youtube-fake,Celeb-Youtube-fake:1318,b04cd971f94b56d19149320b798e8ed03079766609bd5418a0b573d72c47063a
/Users/gokulmallabathula/deep-fake/datasets/raw/Celeb-Youtube-fake/132.mp4,1,,Celeb-Youtube-fake,Celeb-Youtube-fake:132,b5f76c3d63ad37094c625ff5ad25ffcdd39dc1f019b8b40719126341d84e9126
/Users/gokulmallabathula/deep-fake/datasets/raw/Celeb-Youtube-fake/1320.mp4,1,,Celeb-Youtube-fake,Celeb-Youtube-fake:1320,ddd412296d01a74728b060633fa159c9b5d9d434d19395d32cc8e3c326743189
/Users/gokulmallabathula/deep-fake/datasets/raw/Celeb-Youtube-fake/1323.mp4,1,,Celeb-Youtube-fake,Celeb-Youtube-fake:1323,4b4b16e8056c95845636eab8da32d6a2805c47e59c1112a66ee0ee44a4284c98
/Users/gokulmallabathula/deep-fake/datasets/raw/Celeb-Youtube-fake/1325.mp4,1,,Celeb-Youtube-fake,Celeb-Youtube-fake:1325,d0b38d9ee772e77122407754f1c619669f68f06897650ea3c9a672294b266313
/Users/gokulmallabathula/deep-fake/datasets/raw/Celeb-Youtube-fake/1326.mp4,1,,Celeb-Youtube-fake,Celeb-Youtube-fake:1326,bc44eda0697bdb03ea1b771aa7da04ac535f9179b0bdf0b310249557f83a531a
/Users/gokulmallabathula/deep-fake/datasets/raw/Celeb-Youtube-fake/1327.mp4,1,,Celeb-Youtube-fake,Celeb-Youtube-fake:1327,5c77cbeee3b8ef7096db43c5fb9eefefcb1e493d20cf225793a55cf68c3a833f
/Users/gokulmallabathula/deep-fake/datasets/raw/Celeb-Youtube-fake/1328.mp4,1,,Celeb-Youtube-fake,Celeb-Youtube-fake:1328,d496015478f257d386a64649a566cc3d31e70e21e9f4de4a81cc978f5955175d
/Users/gokulmallabathula/deep-fake/datasets/raw/Celeb-Youtube-fake/1329.mp4,1,,Celeb-Youtube-fake,Celeb-Youtube-fake:1329,8d9cb70bcd78ed1bc6836ab1eb31f066e46b94b465f202acba315517718fbcbf
/Users/gokulmallabathula/deep-fake/datasets/raw/Celeb-Youtube-fake/1330.mp4,1,,Celeb-Youtube-fake,Celeb-Youtube-fake:1330,5dd047fa8fca00c8b126583c1e054db0e38cd8567fb15ba3271ec45567880b3e
/Users/gokulmallabathula/deep-fake/datasets/raw/Celeb-Youtube-fake/1334.mp4,1,,Celeb-Youtube-fake,Celeb-Youtube-fake:1334,c6affda184fd6b79e23427e5a9568b72f8bcb91e7b3e9c67da80a5834686d684
/Users/gokulmallabathula/deep-fake/datasets/raw/Celeb-Youtube-fake/1337.mp4,1,,Celeb-Youtube-fake,Celeb-Youtube-fake:1337,d60345466420c8b7cafc581e9313399634cb427a8a3cae79595f8836d7b65021
/Users/gokulmallabathula/deep-fake/datasets/raw/Celeb-Youtube-fake/1339.mp4,1,,Celeb-Youtube-fake,Celeb-Youtube-fake:1339,06fe0473b3ae54edcc30b315e4f860edeeddfa415172e7884452a4a2a69a19b2
/Users/gokulmallabathula/deep-fake/datasets/raw/Celeb-Youtube-fake/134.mp4,1,,Celeb-Youtube-fake,Celeb-Youtube-fake:134,1db99a35ea0bb923e457daa1d4d4ade804b9dc7e0790f585662ac31466245528
/Users/gokulmallabathula/deep-fake/datasets/raw/Celeb-Youtube-fake/1341.mp4,1,,Celeb-Youtube-fake,Celeb-Youtube-fake:1341,d885a7f393873c88ed8366f2a6ff39c961c7115f297d457fd266ceb3702603cf
/Users/gokulmallabathula/deep-fake/datasets/raw/Celeb-Youtube-fake/1342.mp4,1,,Celeb-Youtube-fake,Celeb-Youtube-fake:1342,b23d191d25ad921d30a9e78f4ce0531c8da8909f9e7c9a1582982ab6acc8e744
/Users/gokulmallabathula/deep-fake/datasets/raw/Celeb-Youtube-fake/1343.mp4,1,,Celeb-Youtube-fake,Celeb-Youtube-fake:1343,8084e9ff13bbd867dc74dd061a5546bb6fd4207856aa6551f8d99cc3d2781ff3
/Users/gokulmallabathula/deep-fake/datasets/raw/Celeb-Youtube-fake/1345.mp4,1,,Celeb-Youtube-fake,Celeb-Youtube-fake:1345,7c0647c48f684247d8228ffd3d433255f36600e183ebe254e689d183c0871f56
/Users/gokulmallabathula/deep-fake/datasets/raw/Celeb-Youtube-fake/1346.mp4,1,,Celeb-Youtube-fake,Celeb-Youtube-fake:1346,1b92be556ca0181a064d8f6c4807dcc1464b4765edf5cfb0c64f896c7aa5c43b
/Users/gokulmallabathula/deep-fake/datasets/raw/Celeb-Youtube-fake/1347.mp4,1,,Celeb-Youtube-fake,Celeb-Youtube-fake:1347,bdf5693c474f81c52d05693c8d096a5bd6237b6339c182915d11035c450fed39
/Users/gokulmallabathula/deep-fake/datasets/raw/Celeb-Youtube-fake/1349.mp4,1,,Celeb-Youtube-fake,Celeb-Youtube-fake:1349,2c35ef770e841c0789fb1e1a47abbf73a031eaafa2143fb746e2cb1e388b935c
/Users/gokulmallabathula/deep-fake/datasets/raw/Celeb-Youtube-fake/135.mp4,1,,Celeb-Youtube-fake,Celeb-Youtube-fake:135,c896c3a517b9fbbc7a1dacb33d31142560fea96dd69f7aabbbdbad4e5d6a533f
/Users/gokulmallabathula/deep-fake/datasets/raw/Celeb-Youtube-fake/1350.mp4,1,,Celeb-Youtube-fake,Celeb-Youtube-fake:1350,bb20b6b662573118f5616b0aed866ad42b35c4431d069aaf2b9a773d315386dd
/Users/gokulmallabathula/deep-fake/datasets/raw/Celeb-Youtube-fake/1351.mp4,1,,Celeb-Youtube-fake,Celeb-Youtube-fake:1351,a2392bcf4b832ed4638b9b1d115349896bbf0a19b76f7578c21ee896294d8876
/Users/gokulmallabathula/deep-fake/datasets/raw/Celeb-Youtube-fake/1352.mp4,1,,Celeb-Youtube-fake,Celeb-Youtube-fake:1352,a03d3d86ad33b44ae8cb90a7bc5d8461d6505b56e9a4c426f68234ba5b9a28b3
/Users/gokulmallabathula/deep-fake/datasets/raw/Celeb-Youtube-fake/1354.mp4,1,,Celeb-Youtube-fake,Celeb-Youtube-fake:1354,556c86d527e49ac9fc7265234c491c588722e08f33171aee797fea730edef89f
/Users/gokulmallabathula/deep-fake/datasets/raw/Celeb-Youtube-fake/1355.mp4,1,,Celeb-Youtube-fake,Celeb-Youtube-fake:1355,a2b673553114cf4728f424ecbbd22eac49e9311de2a5940d0c571c26a7b07bc4
/Users/gokulmallabathula/deep-fake/datasets/raw/Celeb-Youtube-fake/1356.mp4,1,,Celeb-Youtube-fake,Celeb-Youtube-fake:1356,7bf7a654896b6abdbe58eabed03d6fa1de540772c6eb7be8e58953eeacce36ad
/Users/gokulmallabathula/deep-fake/datasets/raw/Celeb-Youtube-fake/1357.mp4,1,,Celeb-Youtube-fake,Celeb-Youtube-fake:1357,fe0f2dd636630038adc9298c00a7099f0dd1b9578346975f7d5443ba4b935642
/Users/gokulmallabathula/deep-fake/datasets/raw/Celeb-Youtube-fake/1358.mp4,1,,Celeb-Youtube-fake,Celeb-Youtube-fake:1358,71b45a8346b0f7544f1969f52c07dccc9241189df4022f825fba49ccfa77dd1f
/Users/gokulmallabathula/deep-fake/datasets/raw/Celeb-Youtube-fake/136.mp4,1,,Celeb-Youtube-fake,Celeb-Youtube-fake:136,19a01dc9c090f889e0610f1b8ab39733d2a17b0f9839e106d3a0378c606fc162
/Users/gokulmallabathula/deep-fake/datasets/raw/Celeb-Youtube-fake/1360.mp4,1,,Celeb-Youtube-fake,Celeb-Youtube-fake:1360,a85f41e5dfa60ed60e16e6e12466d8ee341ddf49bc815cf11c381ac8ed261284
/Users/gokulmallabathula/deep-fake/datasets/raw/Celeb-Youtube-fake/1361.mp4,1,,Celeb-Youtube-fake,Celeb-Youtube-fake:1361,f4cbaed04d4ce22e3791b4b2307ce0616326d9b6a0ed2db5048db6d33e500c32
/Users/gokulmallabathula/deep-fake/datasets/raw/Celeb-Youtube-fake/1362.mp4,1,,Celeb-Youtube-fake,Celeb-Youtube-fake:1362,77de8216465876c9c075632b2e3790f2e426eca0f51771450d4363c082abadc1
/Users/gokulmallabathula/deep-fake/datasets/raw/Celeb-Youtube-fake/1364.mp4,1,,Celeb-Youtube-fake,Celeb-Youtube-fake:1364,5d4265cc520406ab2a0511953164cde97385592662faff4aca8254a465506b58
/Users/gokulmallabathula/deep-fake/datasets/raw/Celeb-Youtube-fake/1365.mp4,1,,Celeb-Youtube-fake,Celeb-Youtube-fake:1365,1ed0c29b95375826d15bae0bc9c02def53dabf7f389331980cc2647616003f86
/Users/gokulmallabathula/deep-fake/datasets/raw/Celeb-Youtube-fake/1366.mp4,1,,Celeb-Youtube-fake,Celeb-Youtube-fake:1366,2f42a30944e191e22d3bad315c9bdc36daf54c77ac0bf300d1192a24f2e5da7b
/Users/gokulmallabathula/deep-fake/datasets/raw/Celeb-Youtube-fake/1369.mp4,1,,Celeb-Youtube-fake,Celeb-Youtube-fake:1369,247624e43414fedbbe89f55954d56ef1c6765ae7ddd390b905a0e365c4ec3839
/Users/gokulmallabathula/deep-fake/datasets/raw/Celeb-Youtube-fake/137.mp4,1,,Celeb-Youtube-fake,Celeb-Youtube-fake:137,94c748945d4d721d584f4fe1372c1d1359fa0a11d4b1553732f4786da7891d41
/Users/gokulmallabathula/deep-fake/datasets/raw/Celeb-Youtube-fake/1371.mp4,1,,Celeb-Youtube-fake,Celeb-Youtube-fake:1371,5658baf9e3dcdf0b46bc3deb24ace0dbffe3551010b1e94f3066057d3448fbe0
/Users/gokulmallabathula/deep-fake/datasets/raw/Celeb-Youtube-fake/1373.mp4,1,,Celeb-Youtube-fake,Celeb-Youtube-fake:1373,1766cc050566c73d58b261aac430ca50cb443cbbfbc0721bb5cf826862661a15
/Users/gokulmallabathula/deep-fake/datasets/raw/Celeb-Youtube-fake/1374.mp4,1,,Celeb-Youtube-fake,Celeb-Youtube-fake:1374,c04dd8cb115021bcc3033e9dcabbd46cc45361439a21cf5d9819af106ccf0453
/Users/gokulmallabathula/deep-fake/datasets/raw/Celeb-Youtube-fake/1375.mp4,1,,Celeb-Youtube-fake,Celeb-Youtube-fake:1375,3cc126cfc66d2e9bca6844d6390af76ececb414b5109380ab9805d942d152339
/Users/gokulmallabathula/deep-fake/datasets/raw/Celeb-Youtube-fake/1380.mp4,1,,Celeb-Youtube-fake,Celeb-Youtube-fake:1380,7b76c82c03f2cfb5420176d80dfb31d8f44996a0007b1f01ab1303cedaaf90c3
/Users/gokulmallabathula/deep-fake/datasets/raw/Celeb-Youtube-fake/1382.mp4,1,,Celeb-Youtube-fake,Celeb-Youtube-fake:1382,61f6c1498ba3489b465b1783e7573961662c2f02b7a6cd4b1c8eb0a4399e5ad6
/Users/gokulmallabathula/deep-fake/datasets/raw/Celeb-Youtube-fake/1383.mp4,1,,Celeb-Youtube-fake,Celeb-Youtube-fake:1383,1b55f41ec85a1f791f3afba1d26b2185a6a23bb61ef347255599ca4de8ea9534
/Users/gokulmallabathula/deep-fake/datasets/raw/Celeb-Youtube-fake/1385.mp4,1,,Celeb-Youtube-fake,Celeb-Youtube-fake:1385,a51c5bde5cbfece56e7126e0f11028713bb76bc87dc6dca2f5c12306ee4b2b61
/Users/gokulmallabathula/deep-fake/datasets/raw/Celeb-Youtube-fake/1386.mp4,1,,Celeb-Youtube-fake,Celeb-Youtube-fake:1386,74c64bf983b4d8e19624cf2cb4882f6c9ced0995887af2d443783326aac7b4b6
/Users/gokulmallabathula/deep-fake/datasets/raw/Celeb-Youtube-fake/1387.mp4,1,,Celeb-Youtube-fake,Celeb-Youtube-fake:1387,d871e562e3b0aa0f22f8c07f722d1a866f18eb2687ec099d3107bf6c6a8b29e4
/Users/gokulmallabathula/deep-fake/datasets/raw/Celeb-Youtube-fake/1389.mp4,1,,Celeb-Youtube-fake,Celeb-Youtube-fake:1389,1a1481d05d4b8571c3948fe8e44b84a845bd81caf90bf19bc5d61b6c5d42f6ac
/Users/gokulmallabathula/deep-fake/datasets/raw/Celeb-Youtube-fake/139.mp4,1,,Celeb-Youtube-fake,Celeb-Youtube-fake:139,ffe5c88b26d518a0c7c2b0072ea263391e0387d74b9deb600dcb681329dd9bd0
/Users/gokulmallabathula/deep-fake/datasets/raw/Celeb-Youtube-fake/1390.mp4,1,,Celeb-Youtube-fake,Celeb-Youtube-fake:1390,42b1c09831599e2a2ebdb10f77c54f2a6d2dc683e6551256deae1217f60bc1f1
/Users/gokulmallabathula/deep-fake/datasets/raw/Celeb-Youtube-fake/1391.mp4,1,,Celeb-Youtube-fake,Celeb-Youtube-fake:1391,6d9e7876f439d0383589532e402dd0118927347d08ccc1048a0a4a0cb1362eb5
/Users/gokulmallabathula/deep-fake/datasets/raw/Celeb-Youtube-fake/1392.mp4,1,,Celeb-Youtube-fake,Celeb-Youtube-fake:1392,ee9a36617ff6192b0c41f2f156b3777bc5e8ff4e7654a2272f70131d5fcbaa1e
/Users/gokulmallabathula/deep-fake/datasets/raw/Celeb-Youtube-fake/1394.mp4,1,,Celeb-Youtube-fake,Celeb-Youtube-fake:1394,b835589dcc1d291f189ecdec889378956734cb312f18f21192de0e39c8254566
/Users/gokulmallabathula/deep-fake/datasets/raw/Celeb-Youtube-fake/1395.mp4,1,,Celeb-Youtube-fake,Celeb-Youtube-fake:1395,75a1bea51a485ed29ef521f892da353e9aa676519e9d8b4e15056ed53ad2ebd8
/Users/gokulmallabathula/deep-fake/datasets/raw/Celeb-Youtube-fake/1396.mp4,1,,Celeb-Youtube-fake,Celeb-Youtube-fake:1396,908639adb17c9977c63161dff9ab5d95b4e890efc51a8bbd8cf1b5fdb391e4a9
/Users/gokulmallabathula/deep-fake/datasets/raw/Celeb-Youtube-fake/1399.mp4,1,,Celeb-Youtube-fake,Celeb-Youtube-fake:1399,e908e538570643c4483b2b73f112d4a4bfbd0314648f9e8b2c2bfff8d419d406
/Users/gokulmallabathula/deep-fake/datasets/raw/Celeb-Youtube-fake/140.mp4,1,,Celeb-Youtube-fake,Celeb-Youtube-fake:140,c0856b9a72bb1a9c365f138859dfb9f2cd22c775f3fbd28d1b9f1674b3f96a2e
/Users/gokulmallabathula/deep-fake/datasets/raw/Celeb-Youtube-fake/1400.mp4,1,,Celeb-Youtube-fake,Celeb-Youtube-fake:1400,34c31b34071c08ea33e1770e89a70dbc0e211c2020effed065ef7de7dfed084b
/Users/gokulmallabathula/deep-fake/datasets/raw/Celeb-Youtube-fake/1401.mp4,1,,Celeb-Youtube-fake,Celeb-Youtube-fake:1401,32e0ed919fb1695bfd1d4baa34a10c25643566adda07b623e3601960653cf7bc
/Users/gokulmallabathula/deep-fake/datasets/raw/Celeb-Youtube-fake/1402.mp4,1,,Celeb-Youtube-fake,Celeb-Youtube-fake:1402,07aa564c6b680db57220dffe7f5fd1fbdc58b88a2f03d639008aebb1ffdb9a6e
/Users/gokulmallabathula/deep-fake/datasets/raw/Celeb-Youtube-fake/1403.mp4,1,,Celeb-Youtube-fake,Celeb-Youtube-fake:1403,cf9e91c074d5b235cd4f07d5d6c0442b219ce4200916aa54c9c1a685a4d6c6af
/Users/gokulmallabathula/deep-fake/datasets/raw/Celeb-Youtube-fake/1404.mp4,1,,Celeb-Youtube-fake,Celeb-Youtube-fake:1404,ba830ff13b1ea8ad005ba36cc6130578f56bd74fa04b130c798298e42df4b622
/Users/gokulmallabathula/deep-fake/datasets/raw/Celeb-Youtube-fake/1405.mp4,1,,Celeb-Youtube-fake,Celeb-Youtube-fake:1405,7f3089c84a4b6e52e28c2caa67761976347d8dfd968ab5abeca9901be9db1716
/Users/gokulmallabathula/deep-fake/datasets/raw/Celeb-Youtube-fake/1407.mp4,1,,Celeb-Youtube-fake,Celeb-Youtube-fake:1407,2720bcdbce4c0c9d20487a4ce1152b7b9d77010ebd98b2b206c48ef7b5a11656
/Users/gokulmallabathula/deep-fake/datasets/raw/Celeb-Youtube-fake/1408.mp4,1,,Celeb-Youtube-fake,Celeb-Youtube-fake:1408,ae7cea8fe47d1c97b393d3dfaba8111fb2a4de5111297c908f0caad355c5e9bc
/Users/gokulmallabathula/deep-fake/datasets/raw/Celeb-Youtube-fake/1409.mp4,1,,Celeb-Youtube-fake,Celeb-Youtube-fake:1409,89026a5c6ed4ac51cf89220e1fb45724bffaca754ea8988c46543bd8f193556c
/Users/gokulmallabathula/deep-fake/datasets/raw/Celeb-Youtube-fake/1411.mp4,1,,Celeb-Youtube-fake,Celeb-Youtube-fake:1411,d5636abacb0c1662aef79ea0d748be63e7e3642a00f91d6c3025f491a073258a
/Users/gokulmallabathula/deep-fake/datasets/raw/Celeb-Youtube-fake/1412.mp4,1,,Celeb-Youtube-fake,Celeb-Youtube-fake:1412,a80ee63fb7eef02e4c049c912495592f2613d28be468d37a53baa2e12962e3a4
/Users/gokulmallabathula/deep-fake/datasets/raw/Celeb-Youtube-fake/1413.mp4,1,,Celeb-Youtube-fake,Celeb-Youtube-fake:1413,9fc04256e1bb4ee1befe50318a70b78647902d7d597f238c2c2725aab63992e3
/Users/gokulmallabathula/deep-fake/datasets/raw/Celeb-Youtube-fake/1414.mp4,1,,Celeb-Youtube-fake,Celeb-Youtube-fake:1414,91c5b58ee69a14c8f4b9bbdbbb74e98e1cc6f734e045f8362edb8533f7d0ae99
/Users/gokulmallabathula/deep-fake/datasets/raw/Celeb-Youtube-fake/1415.mp4,1,,Celeb-Youtube-fake,Celeb-Youtube-fake:1415,1c07789b5a9149e9aa8799f90397642709e8337a736c8f6b586bbda542586e88
/Users/gokulmallabathula/deep-fake/datasets/raw/Celeb-Youtube-fake/142.mp4,1,,Celeb-Youtube-fake,Celeb-Youtube-fake:142,6f319c2d67d7cb2e04ef2f01c5ea6bb53ca8fa4ef9b0cf4230b3f00d7f873734
/Users/gokulmallabathula/deep-fake/datasets/raw/Celeb-Youtube-fake/1422.mp4,1,,Celeb-Youtube-fake,Celeb-Youtube-fake:1422,d7a0d106a4fab0845d8c3aee380a651f3007e2fd7e577e00ce49e7296884601c
/Users/gokulmallabathula/deep-fake/datasets/raw/Celeb-Youtube-fake/1423.mp4,1,,Celeb-Youtube-fake,Celeb-Youtube-fake:1423,463c0bc2358f3c9d6156a8db999cff6b6ed70f87871173983427210b03d64424
/Users/gokulmallabathula/deep-fake/datasets/raw/Celeb-Youtube-fake/1425.mp4,1,,Celeb-Youtube-fake,Celeb-Youtube-fake:1425,932326fdb294983a57a69a6af937aff14067c33b3fa001423af7b17f00b7773f
/Users/gokulmallabathula/deep-fake/datasets/raw/Celeb-Youtube-fake/1426.mp4,1,,Celeb-Youtube-fake,Celeb-Youtube-fake:1426,2496fee2cc7d3211ab9f4fdd3839b43504c858cf8aad5f855d3a93eae70ae677
/Users/gokulmallabathula/deep-fake/datasets/raw/Celeb-Youtube-fake/1427.mp4,1,,Celeb-Youtube-fake,Celeb-Youtube-fake:1427,99b3b5b84137bd8070ec221459d12c19a3b200925a136525e1c6b68fb5210eb3
/Users/gokulmallabathula/deep-fake/datasets/raw/Celeb-Youtube-fake/1428.mp4,1,,Celeb-Youtube-fake,Celeb-Youtube-fake:1428,7983127c1c0b4e897a04d38dace02fa7765e1ffd385a3b60847751808d882f35
/Users/gokulmallabathula/deep-fake/datasets/raw/Celeb-Youtube-fake/1430.mp4,1,,Celeb-Youtube-fake,Celeb-Youtube-fake:1430,0083b9c61ea1ea6d9c5b672649b66c174bc540b828e1d9131357b6c57e7176fc
/Users/gokulmallabathula/deep-fake/datasets/raw/Celeb-Youtube-fake/1432.mp4,1,,Celeb-Youtube-fake,Celeb-Youtube-fake:1432,cac4aabeb9f5593d24889223ffd85d0d5a29fec54c07152fddaf90806d827f0b
/Users/gokulmallabathula/deep-fake/datasets/raw/Celeb-Youtube-fake/1433.mp4,1,,Celeb-Youtube-fake,Celeb-Youtube-fake:1433,e9a456509e04f9659496ec60729bf04f601c0350ec2b0af41b562a30351646be
/Users/gokulmallabathula/deep-fake/datasets/raw/Celeb-Youtube-fake/1434.mp4,1,,Celeb-Youtube-fake,Celeb-Youtube-fake:1434,fa669985939d8c8f4c4029ffc7ff3943548e6a565b4ad17c9b0685b903cbe8aa
/Users/gokulmallabathula/deep-fake/datasets/raw/Celeb-Youtube-fake/1435.mp4,1,,Celeb-Youtube-fake,Celeb-Youtube-fake:1435,9b35504636596c982286da10e703939aa1a0a82c4a62a1f75cd89f8867a8e94c
/Users/gokulmallabathula/deep-fake/datasets/raw/Celeb-Youtube-fake/1436.mp4,1,,Celeb-Youtube-fake,Celeb-Youtube-fake:1436,fccd87fdd6cda5250e2617a3483fbb8c6d921d960ec2e62eda4ccf018e3199f2
/Users/gokulmallabathula/deep-fake/datasets/raw/Celeb-Youtube-fake/1438.mp4,1,,Celeb-Youtube-fake,Celeb-Youtube-fake:1438,475b9fff3055bf61c883bc32caa8ecc3fc07a391fb9fc35e83965e90b606b4b5
/Users/gokulmallabathula/deep-fake/datasets/raw/Celeb-Youtube-fake/1439.mp4,1,,Celeb-Youtube-fake,Celeb-Youtube-fake:1439,506a0309aba4ce7bbe7cac6960774b864e455b20783a57b08dee2831dc3e4fdb
/Users/gokulmallabathula/deep-fake/datasets/raw/Celeb-Youtube-fake/1440.mp4,1,,Celeb-Youtube-fake,Celeb-Youtube-fake:1440,0ce254bf2cb9923c88235b51e6df187a9647e345aa4894b53fea51c3e1e4b85d
/Users/gokulmallabathula/deep-fake/datasets/raw/Celeb-Youtube-fake/1442.mp4,1,,Celeb-Youtube-fake,Celeb-Youtube-fake:1442,dde6db676e87263488486695a43d5f18263dc72efb16e95d3cea628f151ecd11
/Users/gokulmallabathula/deep-fake/datasets/raw/Celeb-Youtube-fake/1443.mp4,1,,Celeb-Youtube-fake,Celeb-Youtube-fake:1443,04f0f6d4474b940cfbbab44638e86ba3cab2e32e048ee21400421c68deb76bf7
/Users/gokulmallabathula/deep-fake/datasets/raw/Celeb-Youtube-fake/1445.mp4,1,,Celeb-Youtube-fake,Celeb-Youtube-fake:1445,e2f29f287362204bc3710a078eb2259cce8af843c2bcbaa04b80a796ea82b5b7
/Users/gokulmallabathula/deep-fake/datasets/raw/Celeb-Youtube-fake/1449.mp4,1,,Celeb-Youtube-fake,Celeb-Youtube-fake:1449,5497d640f654539e1587e3ea330b177bcf625eec1404484559b1a757dce9591c
/Users/gokulmallabathula/deep-fake/datasets/raw/Celeb-Youtube-fake/145.mp4,1,,Celeb-Youtube-fake,Celeb-Youtube-fake:145,9c96218087a3b6909aede30bee242cff8e96248db8544356b507318c0e365304
/Users/gokulmallabathula/deep-fake/datasets/raw/Celeb-Youtube-fake/1450.mp4,1,,Celeb-Youtube-fake,Celeb-Youtube-fake:1450,ad6cf04f545410302f6f4507376bd9929b038610bc683475075af7fed584b8bc
/Users/gokulmallabathula/deep-fake/datasets/raw/Celeb-Youtube-fake/1451.mp4,1,,Celeb-Youtube-fake,Celeb-Youtube-fake:1451,d0c4ef3da27427f48e2f387220d7f04aaa6fc4c7873c9312a4e60b89b4a54e54
/Users/gokulmallabathula/deep-fake/datasets/raw/Celeb-Youtube-fake/1452.mp4,1,,Celeb-Youtube-fake,Celeb-Youtube-fake:1452,9ece1ca027416978e9b4f772e88eb6cd34099e8e5be9a61a2e3212aa681cf184
/Users/gokulmallabathula/deep-fake/datasets/raw/Celeb-Youtube-fake/1453.mp4,1,,Celeb-Youtube-fake,Celeb-Youtube-fake:1453,6db6a8cb7b7cfb8de3b92c45714f8b596098a69a2adfc65b328171ec420ae1c0
/Users/gokulmallabathula/deep-fake/datasets/raw/Celeb-Youtube-fake/1454.mp4,1,,Celeb-Youtube-fake,Celeb-Youtube-fake:1454,eb41ab3140203a44780e1a9504a2b260444d1e7672f13a4cc918701e71ed4fb5
/Users/gokulmallabathula/deep-fake/datasets/raw/Celeb-Youtube-fake/1455.mp4,1,,Celeb-Youtube-fake,Celeb-Youtube-fake:1455,72633ca1370f9e9fcc5f9d612eb810b167699c4d919c16a4b2d1459b3758e8c2
/Users/gokulmallabathula/deep-fake/datasets/raw/Celeb-Youtube-fake/1456.mp4,1,,Celeb-Youtube-fake,Celeb-Youtube-fake:1456,fb59760fef52d48e583993352f5ad7f524a5e90b560b6c80bef05af5fcff77df
/Users/gokulmallabathula/deep-fake/datasets/raw/Celeb-Youtube-fake/1458.mp4,1,,Celeb-Youtube-fake,Celeb-Youtube-fake:1458,f164ae8004ddbf12cec114bc13f4fff0469a5e117ffc3000e549a3621e3de06e
/Users/gokulmallabathula/deep-fake/datasets/raw/Celeb-Youtube-fake/1459.mp4,1,,Celeb-Youtube-fake,Celeb-Youtube-fake:1459,b681ebc269cca9e130f998b3f4c9a56ec4628eaf4077613d8c30bbed4395a6f5
/Users/gokulmallabathula/deep-fake/datasets/raw/Celeb-Youtube-fake/146.mp4,1,,Celeb-Youtube-fake,Celeb-Youtube-fake:146,a9a2e4f03f84ae003d3d78ea85bd95b19f6cbf6c0e8f0d64dfb6961f61e6d5e0
/Users/gokulmallabathula/deep-fake/datasets/raw/Celeb-Youtube-fake/1460.mp4,1,,Celeb-Youtube-fake,Celeb-Youtube-fake:1460,5d19a1ff8872e4e82ad057a7007711ea33ddebf8b8adb97edfe356f5d3e72c8a
/Users/gokulmallabathula/deep-fake/datasets/raw/Celeb-Youtube-fake/1461.mp4,1,,Celeb-Youtube-fake,Celeb-Youtube-fake:1461,877df678d9563949d4742c4031fb7d067c7a4903a406422bbc020a18aa406f39
/Users/gokulmallabathula/deep-fake/datasets/raw/Celeb-Youtube-fake/1462.mp4,1,,Celeb-Youtube-fake,Celeb-Youtube-fake:1462,eb922387262251b60640ead10b5d4057c04f07e28668a9393d212f23ca5a2f35
/Users/gokulmallabathula/deep-fake/datasets/raw/Celeb-Youtube-fake/1464.mp4,1,,Celeb-Youtube-fake,Celeb-Youtube-fake:1464,d5add4df1b3c0d129c4e8a33651b8e763cbaa3b29703cac8602dedf9e50cebe6
/Users/gokulmallabathula/deep-fake/datasets/raw/Celeb-Youtube-fake/1465.mp4,1,,Celeb-Youtube-fake,Celeb-Youtube-fake:1465,41aba1f2b1baf4f2312e0a72a56921b44a35da3eb1b1753de99d214085fa8cc7
/Users/gokulmallabathula/deep-fake/datasets/raw/Celeb-Youtube-fake/1467.mp4,1,,Celeb-Youtube-fake,Celeb-Youtube-fake:1467,01062847652c3f078d1b909733f6f17c53e29d487096f27642627462bb3a8c85
/Users/gokulmallabathula/deep-fake/datasets/raw/Celeb-Youtube-fake/1468.mp4,1,,Celeb-Youtube-fake,Celeb-Youtube-fake:1468,b78553fce7551917646a34787cc64d5578587170ce7ce4efc913a1a4c72521ea
/Users/gokulmallabathula/deep-fake/datasets/raw/Celeb-Youtube-fake/1469.mp4,1,,Celeb-Youtube-fake,Celeb-Youtube-fake:1469,3d74f5be2160ebfdd3a7896c450aaf84ce8268bdb583afe5b15ec38f0cf1e046
/Users/gokulmallabathula/deep-fake/datasets/raw/Celeb-Youtube-fake/1470.mp4,1,,Celeb-Youtube-fake,Celeb-Youtube-fake:1470,2040625cc5e1fa5e36ce65149e0615c366211e4fc165c7056d6881575dab6d6c
/Users/gokulmallabathula/deep-fake/datasets/raw/Celeb-Youtube-fake/1472.mp4,1,,Celeb-Youtube-fake,Celeb-Youtube-fake:1472,edd4d7ea19b7e1a0fad9ec71dd0fe9c88a57ed95deb1a45b7d941e3dcabb7e9f
/Users/gokulmallabathula/deep-fake/datasets/raw/Celeb-Youtube-fake/1473.mp4,1,,Celeb-Youtube-fake,Celeb-Youtube-fake:1473,ad5b74aa0a602f7c3fc6b13a7056928a0146e4c303742887f230746c83013b4f
/Users/gokulmallabathula/deep-fake/datasets/raw/Celeb-Youtube-fake/1475.mp4,1,,Celeb-Youtube-fake,Celeb-Youtube-fake:1475,53ec6a2c54aa6112a72c263a3bbf7315794eedb396a0b23c12beda463a133b71
/Users/gokulmallabathula/deep-fake/datasets/raw/Celeb-Youtube-fake/1476.mp4,1,,Celeb-Youtube-fake,Celeb-Youtube-fake:1476,d7c8b7e7f6d2c65398c95402e6274d3fc07dc7b0725e3f0c4c3fbe8a73d2ddd1
/Users/gokulmallabathula/deep-fake/datasets/raw/Celeb-Youtube-fake/1478.mp4,1,,Celeb-Youtube-fake,Celeb-Youtube-fake:1478,d4c41e7e2711a1e31d8f29e0bec737b3c215c379018bab474d3c6be796d12be1
/Users/gokulmallabathula/deep-fake/datasets/raw/Celeb-Youtube-fake/1479.mp4,1,,Celeb-Youtube-fake,Celeb-Youtube-fake:1479,7bf52ca5b780c4d8ec426b39605ff5fedfb08f59bddda4b7a8a8bd151661d0bf
/Users/gokulmallabathula/deep-fake/datasets/raw/Celeb-Youtube-fake/1480.mp4,1,,Celeb-Youtube-fake,Celeb-Youtube-fake:1480,17e9c23d7083a8431fd3675468c71c46b2847cbe951ff27d5566c63b0b9314e4
/Users/gokulmallabathula/deep-fake/datasets/raw/Celeb-Youtube-fake/1481.mp4,1,,Celeb-Youtube-fake,Celeb-Youtube-fake:1481,184cf6c215cb53f304290d55f208572c47db39bd58c0855d9d0daaa0e617ea04
/Users/gokulmallabathula/deep-fake/datasets/raw/Celeb-Youtube-fake/1483.mp4,1,,Celeb-Youtube-fake,Celeb-Youtube-fake:1483,86bec553c1e9e8c420144d352713b6587b6f7df767e8079c2a3fc90930357349
/Users/gokulmallabathula/deep-fake/datasets/raw/Celeb-Youtube-fake/1484.mp4,1,,Celeb-Youtube-fake,Celeb-Youtube-fake:1484,f985a6e5f2890690e1c1b7011d556f76f96ca3d52c8702f9c13e8bc71bf5d441
/Users/gokulmallabathula/deep-fake/datasets/raw/Celeb-Youtube-fake/1485.mp4,1,,Celeb-Youtube-fake,Celeb-Youtube-fake:1485,4fa11e4b9140ba44aa80509376269935cb8f2249ea3b715768bc70a3d484d965
/Users/gokulmallabathula/deep-fake/datasets/raw/Celeb-Youtube-fake/1487.mp4,1,,Celeb-Youtube-fake,Celeb-Youtube-fake:1487,123d3d7ab61f9e712229e6e6781af39bee73b30a2de7252790f81946776c0f7e
/Users/gokulmallabathula/deep-fake/datasets/raw/Celeb-Youtube-fake/1488.mp4,1,,Celeb-Youtube-fake,Celeb-Youtube-fake:1488,afe6c6172955cd0cbbbdbfae225159e3538469557969e54c0a8d8ca430925e8c
/Users/gokulmallabathula/deep-fake/datasets/raw/Celeb-Youtube-fake/1489.mp4,1,,Celeb-Youtube-fake,Celeb-Youtube-fake:1489,08ed8eb865e3bbbea0520777b47c6ec5603884488f067e556637448ba8817407
/Users/gokulmallabathula/deep-fake/datasets/raw/Celeb-Youtube-fake/149.mp4,1,,Celeb-Youtube-fake,Celeb-Youtube-fake:149,e5f8af503e52f6816c05b9c7902c1c6b4cb2021d1fcabbad8b936b726ae51591
/Users/gokulmallabathula/deep-fake/datasets/raw/Celeb-Youtube-fake/1490.mp4,1,,Celeb-Youtube-fake,Celeb-Youtube-fake:1490,80d0d4458eda718f1e4f78869e712dfd90c0b7f7640f375d41353d7be30f56fa
/Users/gokulmallabathula/deep-fake/datasets/raw/Celeb-Youtube-fake/1491.mp4,1,,Celeb-Youtube-fake,Celeb-Youtube-fake:1491,3a6db053f0e88591153d85f38d5e693f4b15b174a39a82b4d0c95961c0314bf0
/Users/gokulmallabathula/deep-fake/datasets/raw/Celeb-Youtube-fake/1492.mp4,1,,Celeb-Youtube-fake,Celeb-Youtube-fake:1492,0f15a7086157fe732fd6a245d9612951e93fceebd263c8686c421b0f468bfd35
/Users/gokulmallabathula/deep-fake/datasets/raw/Celeb-Youtube-fake/1493.mp4,1,,Celeb-Youtube-fake,Celeb-Youtube-fake:1493,4434a4bb97f59b8f3f77cf6de452cf5f3975197c3c71ed258423e4f22c6c06f3
/Users/gokulmallabathula/deep-fake/datasets/raw/Celeb-Youtube-fake/1494.mp4,1,,Celeb-Youtube-fake,Celeb-Youtube-fake:1494,11910dfa352a3aca4b62f0ad420b2a4a4a06d95ee491fd437fb7ea53f3ec1fa0
/Users/gokulmallabathula/deep-fake/datasets/raw/Celeb-Youtube-fake/1496.mp4,1,,Celeb-Youtube-fake,Celeb-Youtube-fake:1496,4f2db664c7c657c463f01b592af8d23f89f09028f531514beb59147025b32007
/Users/gokulmallabathula/deep-fake/datasets/raw/Celeb-Youtube-fake/1497.mp4,1,,Celeb-Youtube-fake,Celeb-Youtube-fake:1497,8d83a7d77a805dc54ff3dc6f2c1de1064908cbeae775e8fff20a9575795ee34c
/Users/gokulmallabathula/deep-fake/datasets/raw/Celeb-Youtube-fake/1498.mp4,1,,Celeb-Youtube-fake,Celeb-Youtube-fake:1498,c80ae4194edced63b19a5f7ca204558f685093a91d89540788b22c2dbf4e506d
/Users/gokulmallabathula/deep-fake/datasets/raw/Celeb-Youtube-fake/15.mp4,1,,Celeb-Youtube-fake,Celeb-Youtube-fake:15,bfdff5788dce61d22a8ad7684e2686507a1edae793dd7383c3625c6e39baf3bb
/Users/gokulmallabathula/deep-fake/datasets/raw/Celeb-Youtube-fake/150.mp4,1,,Celeb-Youtube-fake,Celeb-Youtube-fake:150,f8f6849f2433c7b935cd5e9b1a896b80b9c960843808391c4f7788e1af53f284
/Users/gokulmallabathula/deep-fake/datasets/raw/Celeb-Youtube-fake/1500.mp4,1,,Celeb-Youtube-fake,Celeb-Youtube-fake:1500,101d6bcebddc49433cccfecd20cf59d658c2cd1e76e7f4bc5d7a7642cad1ec61
/Users/gokulmallabathula/deep-fake/datasets/raw/Celeb-Youtube-fake/1506.mp4,1,,Celeb-Youtube-fake,Celeb-Youtube-fake:1506,f13a88adf557d19dccadee91ec6a23b58ce0ee4d037c4c4ac87d65d4a5e39e3b
/Users/gokulmallabathula/deep-fake/datasets/raw/Celeb-Youtube-fake/1508.mp4,1,,Celeb-Youtube-fake,Celeb-Youtube-fake:1508,2564f342a03bf39d51f5ef9979c94b71fe0fc80a60199c27e10d7f064494d1c3
/Users/gokulmallabathula/deep-fake/datasets/raw/Celeb-Youtube-fake/1510.mp4,1,,Celeb-Youtube-fake,Celeb-Youtube-fake:1510,4d8bc153a2d0a892ffe92b3e3ae548e6aeb866b44c36ce70cc168cf29e19a4bc
/Users/gokulmallabathula/deep-fake/datasets/raw/Celeb-Youtube-fake/1512.mp4,1,,Celeb-Youtube-fake,Celeb-Youtube-fake:1512,4637122b5e5a5ee3f30fcd0d9c6a417ddb9910ddd8e25d29d9cdf1ef172a2c9d
/Users/gokulmallabathula/deep-fake/datasets/raw/Celeb-Youtube-fake/1514.mp4,1,,Celeb-Youtube-fake,Celeb-Youtube-fake:1514,403deaa25922b9a81925b2e1f9fbb191cd7fc16fbef4eab44dfa97a26df8d3bb
/Users/gokulmallabathula/deep-fake/datasets/raw/Celeb-Youtube-fake/1515.mp4,1,,Celeb-Youtube-fake,Celeb-Youtube-fake:1515,cf2b99d2465421a802aa2050299948534e0e9587c2476d66b0aa18c56180b961
/Users/gokulmallabathula/deep-fake/datasets/raw/Celeb-Youtube-fake/1516.mp4,1,,Celeb-Youtube-fake,Celeb-Youtube-fake:1516,fca17d55f7b9c08ef12149357ea2d9b55cdb9ece05373350cb149d5533650e62
/Users/gokulmallabathula/deep-fake/datasets/raw/Celeb-Youtube-fake/1517.mp4,1,,Celeb-Youtube-fake,Celeb-Youtube-fake:1517,40d2847099ad9d9d51bd1f1196416231588514ac6020c8ce15fc0cc8c2252b08
/Users/gokulmallabathula/deep-fake/datasets/raw/Celeb-Youtube-fake/1518.mp4,1,,Celeb-Youtube-fake,Celeb-Youtube-fake:1518,bd1cad4b45286d76d87aeb0ae505951970d6f4881b7579b477b863a3b0560ab1
/Users/gokulmallabathula/deep-fake/datasets/raw/Celeb-Youtube-fake/1519.mp4,1,,Celeb-Youtube-fake,Celeb-Youtube-fake:1519,32abb09440413f7c80f4721e0956ac7fd738568100a5fb943da7f919f7e1aa5e
/Users/gokulmallabathula/deep-fake/datasets/raw/Celeb-Youtube-fake/1521.mp4,1,,Celeb-Youtube-fake,Celeb-Youtube-fake:1521,6b75ee344e66137abebb8879af1d03dae15437733acfa889629fa25ed9619511
/Users/gokulmallabathula/deep-fake/datasets/raw/Celeb-Youtube-fake/1524.mp4,1,,Celeb-Youtube-fake,Celeb-Youtube-fake:1524,f08759c232e45478bd3653edb404f0cfbdc21663d4e87682e353d1f90e3a714e
/Users/gokulmallabathula/deep-fake/datasets/raw/Celeb-Youtube-fake/1526.mp4,1,,Celeb-Youtube-fake,Celeb-Youtube-fake:1526,f1353c5bc793ab8d3235a90ab8245bf531b0bef9218d3526f33e8cfe673c08e7
/Users/gokulmallabathula/deep-fake/datasets/raw/Celeb-Youtube-fake/1527.mp4,1,,Celeb-Youtube-fake,Celeb-Youtube-fake:1527,a5487205aee3946b1385a677ca6be8ce6162b48a13a0b062200adc140d27a340
/Users/gokulmallabathula/deep-fake/datasets/raw/Celeb-Youtube-fake/1528.mp4,1,,Celeb-Youtube-fake,Celeb-Youtube-fake:1528,c35a005aac63bfd8be95f49c58f898e41dcbb6a85469bf0e0d50aae0488ab29d
/Users/gokulmallabathula/deep-fake/datasets/raw/Celeb-Youtube-fake/1529.mp4,1,,Celeb-Youtube-fake,Celeb-Youtube-fake:1529,9313eaf63c4b0f2580441edefc3e8c1ff268ae4d13e4c9a79c749750f4b110c0
/Users/gokulmallabathula/deep-fake/datasets/raw/Celeb-Youtube-fake/153.mp4,1,,Celeb-Youtube-fake,Celeb-Youtube-fake:153,f3e76c3c9e47362861d812ded0621f3c5e8fa0a4d993ae930a2ccb4151c761b1
/Users/gokulmallabathula/deep-fake/datasets/raw/Celeb-Youtube-fake/1530.mp4,1,,Celeb-Youtube-fake,Celeb-Youtube-fake:1530,1e4a12b3648e1713daa440d6336c18e543ce6f1515e48642bfb655a14bb5f2f2
/Users/gokulmallabathula/deep-fake/datasets/raw/Celeb-Youtube-fake/1531.mp4,1,,Celeb-Youtube-fake,Celeb-Youtube-fake:1531,3de1ea630e401af0a36b43f2b840e13168a6aca9c6dd1fd444ab9fddec8789b3
/Users/gokulmallabathula/deep-fake/datasets/raw/Celeb-Youtube-fake/1533.mp4,1,,Celeb-Youtube-fake,Celeb-Youtube-fake:1533,526f741135570e18f04b597de94b916ad3af7cf7d7465bb6febcc665f850c0b9
/Users/gokulmallabathula/deep-fake/datasets/raw/Celeb-Youtube-fake/1535.mp4,1,,Celeb-Youtube-fake,Celeb-Youtube-fake:1535,17db289ba15799918e441b3f941dc3b1103135bda7d18dedda06e1ebcd69f7b4
/Users/gokulmallabathula/deep-fake/datasets/raw/Celeb-Youtube-fake/1536.mp4,1,,Celeb-Youtube-fake,Celeb-Youtube-fake:1536,695590994b9b7eb2b3ac2eebab580d9ebec7def4db0bcc6c2f9ca7b7a13973c7
/Users/gokulmallabathula/deep-fake/datasets/raw/Celeb-Youtube-fake/1539.mp4,1,,Celeb-Youtube-fake,Celeb-Youtube-fake:1539,ab1bce704738eeee8522955b0dc5b8f4aaf17ebc2dbf2e230f4c76da2454069b
/Users/gokulmallabathula/deep-fake/datasets/raw/Celeb-Youtube-fake/1540.mp4,1,,Celeb-Youtube-fake,Celeb-Youtube-fake:1540,077d777ce44d3dda634c0ef2331ed5f64cd92dfd8e1d708a5e6c64ed4577072b
/Users/gokulmallabathula/deep-fake/datasets/raw/Celeb-Youtube-fake/1544.mp4,1,,Celeb-Youtube-fake,Celeb-Youtube-fake:1544,375b8dad3d4af02711a55b909d1654edc7ff25af7fd50989586737777cf47d61
/Users/gokulmallabathula/deep-fake/datasets/raw/Celeb-Youtube-fake/1545.mp4,1,,Celeb-Youtube-fake,Celeb-Youtube-fake:1545,3a6c431882c0578fa5d6c77a81816c2e9a2ff1fcefe26dce4837953ec75f7d74
/Users/gokulmallabathula/deep-fake/datasets/raw/Celeb-Youtube-fake/1546.mp4,1,,Celeb-Youtube-fake,Celeb-Youtube-fake:1546,df4f64e878136a74291b0722d3cec7f20119c00e8d06e1aed1b350b314093dc6
/Users/gokulmallabathula/deep-fake/datasets/raw/Celeb-Youtube-fake/1547.mp4,1,,Celeb-Youtube-fake,Celeb-Youtube-fake:1547,41836d61abbe1b929bdb2839beac36adcfba9f16c3a40ffcb9314a2142576cba
/Users/gokulmallabathula/deep-fake/datasets/raw/Celeb-Youtube-fake/1548.mp4,1,,Celeb-Youtube-fake,Celeb-Youtube-fake:1548,65e8ba84078f49b1816cc5c93a472cbaa6d09812d095cd0af730a8d1430d1d23
/Users/gokulmallabathula/deep-fake/datasets/raw/Celeb-Youtube-fake/155.mp4,1,,Celeb-Youtube-fake,Celeb-Youtube-fake:155,12c63e709ddc9b1e6f95b3381881708e6ff1d68ae6593d254e52f9a0dbafc384
/Users/gokulmallabathula/deep-fake/datasets/raw/Celeb-Youtube-fake/1551.mp4,1,,Celeb-Youtube-fake,Celeb-Youtube-fake:1551,14251e66bcb8eb6fe0f25174459e1807ff081f095d55d38bdb939666367f8e96
/Users/gokulmallabathula/deep-fake/datasets/raw/Celeb-Youtube-fake/1555.mp4,1,,Celeb-Youtube-fake,Celeb-Youtube-fake:1555,7d4cc99dfdd53f7856f5cc327ff61a1fbec10f642b96615a0c13690157fb620f
/Users/gokulmallabathula/deep-fake/datasets/raw/Celeb-Youtube-fake/1556.mp4,1,,Celeb-Youtube-fake,Celeb-Youtube-fake:1556,cd3c0501056a129417249815dd22ac4146790a974c7f4a7ec659a0d12ac00e4b
/Users/gokulmallabathula/deep-fake/datasets/raw/Celeb-Youtube-fake/1557.mp4,1,,Celeb-Youtube-fake,Celeb-Youtube-fake:1557,97dfe7fb37b18cf8c1893fd4caad5de7cbaecf7f511ec5c927eb07a8a45b8774
/Users/gokulmallabathula/deep-fake/datasets/raw/Celeb-Youtube-fake/1559.mp4,1,,Celeb-Youtube-fake,Celeb-Youtube-fake:1559,b2911b546a32f41c5138f30289394a9ea0318fd8e88388bb360fa66cf211ba87
/Users/gokulmallabathula/deep-fake/datasets/raw/Celeb-Youtube-fake/156.mp4,1,,Celeb-Youtube-fake,Celeb-Youtube-fake:156,7a5084697fc78a661701b7cbcab945bc1caf0b57b121554c04c4c92dcb00ce5e
/Users/gokulmallabathula/deep-fake/datasets/raw/Celeb-Youtube-fake/1562.mp4,1,,Celeb-Youtube-fake,Celeb-Youtube-fake:1562,35a8a904379722c5fb87e06b89032769b42f76cbb6a8e2e46d9c4f21b1ce651b
/Users/gokulmallabathula/deep-fake/datasets/raw/Celeb-Youtube-fake/1563.mp4,1,,Celeb-Youtube-fake,Celeb-Youtube-fake:1563,c179c9875fbbe87174cb558647a2d08b0c94dbc0cf35c23eb0b9c56150baefaa
/Users/gokulmallabathula/deep-fake/datasets/raw/Celeb-Youtube-fake/1564.mp4,1,,Celeb-Youtube-fake,Celeb-Youtube-fake:1564,1272cc1bfd814f2dd4d6327a9f46f2195ba1a1fc244304621f2ff17c0b4d57af
/Users/gokulmallabathula/deep-fake/datasets/raw/Celeb-Youtube-fake/1565.mp4,1,,Celeb-Youtube-fake,Celeb-Youtube-fake:1565,2fbe503aac15bc1bf47b28c793d69a1b681e30c6ee1fea5a8e5d2c114cdcd0ed
/Users/gokulmallabathula/deep-fake/datasets/raw/Celeb-Youtube-fake/1566.mp4,1,,Celeb-Youtube-fake,Celeb-Youtube-fake:1566,0671609d1c6d091158c4966c41bbf49d27d0506657555ce2ea0d9acccbb6c227
/Users/gokulmallabathula/deep-fake/datasets/raw/Celeb-Youtube-fake/1567.mp4,1,,Celeb-Youtube-fake,Celeb-Youtube-fake:1567,a9588b25d2abe9cf7c23edf414e32fb406b8c28cb11235a261eb21f57f21abbd
/Users/gokulmallabathula/deep-fake/datasets/raw/Celeb-Youtube-fake/157.mp4,1,,Celeb-Youtube-fake,Celeb-Youtube-fake:157,d0752e1f2fd42df7143e2572c12a7a10293b6752754f4db559897220aa6cbc24
/Users/gokulmallabathula/deep-fake/datasets/raw/Celeb-Youtube-fake/1570.mp4,1,,Celeb-Youtube-fake,Celeb-Youtube-fake:1570,58db6fc4bacb2e1109ed4dfd98064dae4f867be7dff996d7f129d04b5044a526
/Users/gokulmallabathula/deep-fake/datasets/raw/Celeb-Youtube-fake/1572.mp4,1,,Celeb-Youtube-fake,Celeb-Youtube-fake:1572,943eeeb2db11c30ff08a6ad4437952d49bc48d7943d262fc4e91ca6a03898820
/Users/gokulmallabathula/deep-fake/datasets/raw/Celeb-Youtube-fake/1573.mp4,1,,Celeb-Youtube-fake,Celeb-Youtube-fake:1573,9ac2c8319635ba2ceb15011e6ecac87fe70226bb4bbd12ec2e3524ccc3922925
/Users/gokulmallabathula/deep-fake/datasets/raw/Celeb-Youtube-fake/1574.mp4,1,,Celeb-Youtube-fake,Celeb-Youtube-fake:1574,316cdd93598814cd6fa76240c9d069111d62f10f65de5b0617058dbfd44e9fcb
/Users/gokulmallabathula/deep-fake/datasets/raw/Celeb-Youtube-fake/1575.mp4,1,,Celeb-Youtube-fake,Celeb-Youtube-fake:1575,dd9c2b46292e71c62f6b978c4e73ef25acf114bff3e8e006c2a53eb9e6b78ea3
/Users/gokulmallabathula/deep-fake/datasets/raw/Celeb-Youtube-fake/1576.mp4,1,,Celeb-Youtube-fake,Celeb-Youtube-fake:1576,13ca57dcc8f5e482d56e2df2e7de523a47dac2681f491afff493f9b43c5c0371
/Users/gokulmallabathula/deep-fake/datasets/raw/Celeb-Youtube-fake/1577.mp4,1,,Celeb-Youtube-fake,Celeb-Youtube-fake:1577,8035c349b1a83f547621955ab92965027c2193435a3688afc2b8660dfc321c5b
/Users/gokulmallabathula/deep-fake/datasets/raw/Celeb-Youtube-fake/1580.mp4,1,,Celeb-Youtube-fake,Celeb-Youtube-fake:1580,8d3468003a4995a4db3cddd68b4fde9493509a7984dc17e8233cd6be544dc703
/Users/gokulmallabathula/deep-fake/datasets/raw/Celeb-Youtube-fake/1581.mp4,1,,Celeb-Youtube-fake,Celeb-Youtube-fake:1581,3917456aad3c7c34010ff76e24a4f11a075eba5168c04226f5e5a51d731532d8
/Users/gokulmallabathula/deep-fake/datasets/raw/Celeb-Youtube-fake/1582.mp4,1,,Celeb-Youtube-fake,Celeb-Youtube-fake:1582,66a36a49384f523970582ec4cf81b90885c2cfb401cb126f29bd5f5346a277ed
/Users/gokulmallabathula/deep-fake/datasets/raw/Celeb-Youtube-fake/1583.mp4,1,,Celeb-Youtube-fake,Celeb-Youtube-fake:1583,4e3e48a32143362f1b0b287bad7776e230f4dc4d92287156730244640c1d40bc
/Users/gokulmallabathula/deep-fake/datasets/raw/Celeb-Youtube-fake/1584.mp4,1,,Celeb-Youtube-fake,Celeb-Youtube-fake:1584,b01e0606783bfc1a836fb25ec0623b4c6dc53d667d8f0ba2d66ad21fe1dfa61b
/Users/gokulmallabathula/deep-fake/datasets/raw/Celeb-Youtube-fake/1585.mp4,1,,Celeb-Youtube-fake,Celeb-Youtube-fake:1585,13519acc4eeea17ca51a58f5e6ee0333ddf4b75c137eb7b9f002ab437b8ce78c
/Users/gokulmallabathula/deep-fake/datasets/raw/Celeb-Youtube-fake/1587.mp4,1,,Celeb-Youtube-fake,Celeb-Youtube-fake:1587,2ce0223f630f37f307d4118a1b195d3e7da63d5ea0e1af4d3fbf825ddc9519be
/Users/gokulmallabathula/deep-fake/datasets/raw/Celeb-Youtube-fake/1588.mp4,1,,Celeb-Youtube-fake,Celeb-Youtube-fake:1588,c895e88d04dec84c040dc6ca7bf944d21401317de86ef9ec74ad7393ef8fe109
/Users/gokulmallabathula/deep-fake/datasets/raw/Celeb-Youtube-fake/1591.mp4,1,,Celeb-Youtube-fake,Celeb-Youtube-fake:1591,fdfb3d78f826e90acc8b4942bdb84d6e311ff0790f69c33f1fe51727f0b94d10
/Users/gokulmallabathula/deep-fake/datasets/raw/Celeb-Youtube-fake/1594.mp4,1,,Celeb-Youtube-fake,Celeb-Youtube-fake:1594,dc4ceaf81fb9a6d2dfaba53d7bbe61ce4ee4b455393b531854b292f9eb024d2e
/Users/gokulmallabathula/deep-fake/datasets/raw/Celeb-Youtube-fake/1595.mp4,1,,Celeb-Youtube-fake,Celeb-Youtube-fake:1595,af69123a260a47c3fa8aaf001f7f6fcb2b39e24bd0bb6e613198b08014e0ed80
/Users/gokulmallabathula/deep-fake/datasets/raw/Celeb-Youtube-fake/1596.mp4,1,,Celeb-Youtube-fake,Celeb-Youtube-fake:1596,78fe9738333bafc835b7050379e6f6859a5bf3027459556eb55eb100f3c75974
/Users/gokulmallabathula/deep-fake/datasets/raw/Celeb-Youtube-fake/1598.mp4,1,,Celeb-Youtube-fake,Celeb-Youtube-fake:1598,114be4881a22fe80dbf01bda6635dc91268cd5f4a4cc1bb557ea12e9fba8b75b
/Users/gokulmallabathula/deep-fake/datasets/raw/Celeb-Youtube-fake/1599.mp4,1,,Celeb-Youtube-fake,Celeb-Youtube-fake:1599,d59e592acbceadef791efa10a9cb190a1c453d9e120b002f6f2b6fc442756c65
/Users/gokulmallabathula/deep-fake/datasets/raw/Celeb-Youtube-fake/16.mp4,1,,Celeb-Youtube-fake,Celeb-Youtube-fake:16,2c643995c638d3ce621223fbad3d472b58a535f8fba69b7e3203bd0c6630e691
/Users/gokulmallabathula/deep-fake/datasets/raw/Celeb-Youtube-fake/160.mp4,1,,Celeb-Youtube-fake,Celeb-Youtube-fake:160,d6827b9830788a09b9c9224414b427f39bf6f493f5360f8cc78e1ea4f624b17c
/Users/gokulmallabathula/deep-fake/datasets/raw/Celeb-Youtube-fake/1602.mp4,1,,Celeb-Youtube-fake,Celeb-Youtube-fake:1602,69acc9c7fbaaa155fb93623310ea5975905e6c4e6fc034fe691aa7cf950fa473
/Users/gokulmallabathula/deep-fake/datasets/raw/Celeb-Youtube-fake/1603.mp4,1,,Celeb-Youtube-fake,Celeb-Youtube-fake:1603,32091f487c10e78e91da98f15c7e3600bf540776b9d6686f7efbf973c5a5bd63
/Users/gokulmallabathula/deep-fake/datasets/raw/Celeb-Youtube-fake/1604.mp4,1,,Celeb-Youtube-fake,Celeb-Youtube-fake:1604,43c1dd9f8bfa292bbe26771a2d7b593299c1e4cc276696f97104893cbc7cb630
/Users/gokulmallabathula/deep-fake/datasets/raw/Celeb-Youtube-fake/1605.mp4,1,,Celeb-Youtube-fake,Celeb-Youtube-fake:1605,d8edbbb1fb8052a19629f1070476ac68776425eb25f97c5cf27187526a6107ea
/Users/gokulmallabathula/deep-fake/datasets/raw/Celeb-Youtube-fake/1606.mp4,1,,Celeb-Youtube-fake,Celeb-Youtube-fake:1606,744346f34dafda274ad6f39e51bccb430089d46c3f5990554e8ec18526154810
/Users/gokulmallabathula/deep-fake/datasets/raw/Celeb-Youtube-fake/1607.mp4,1,,Celeb-Youtube-fake,Celeb-Youtube-fake:1607,140309621a86c569e528e6501fe081ce5d7bfb7e54466a3fc790e34ed621e716
/Users/gokulmallabathula/deep-fake/datasets/raw/Celeb-Youtube-fake/1608.mp4,1,,Celeb-Youtube-fake,Celeb-Youtube-fake:1608,6132563a450b9db168dceb3cb905c215b41478accbc3b063bcfdaf35772309ce
/Users/gokulmallabathula/deep-fake/datasets/raw/Celeb-Youtube-fake/1609.mp4,1,,Celeb-Youtube-fake,Celeb-Youtube-fake:1609,02fe258b071c3488412255fbeebb252a683da8836fbd2f5c18e717cea4fce6c1
/Users/gokulmallabathula/deep-fake/datasets/raw/Celeb-Youtube-fake/161.mp4,1,,Celeb-Youtube-fake,Celeb-Youtube-fake:161,72e373ccf1f21d67cecb829e3d2d2007f472b516f829b109fe2a80c528579311
/Users/gokulmallabathula/deep-fake/datasets/raw/Celeb-Youtube-fake/1610.mp4,1,,Celeb-Youtube-fake,Celeb-Youtube-fake:1610,a09e5b3432dafb1346243fa1db5e2b5b857693a08db4d3e78db35b02085dce9b
/Users/gokulmallabathula/deep-fake/datasets/raw/Celeb-Youtube-fake/1611.mp4,1,,Celeb-Youtube-fake,Celeb-Youtube-fake:1611,f573c8c886cc1a636fb54661d9a1e6abdd64dfc32ff2d759325973ba8b606bd2
/Users/gokulmallabathula/deep-fake/datasets/raw/Celeb-Youtube-fake/1612.mp4,1,,Celeb-Youtube-fake,Celeb-Youtube-fake:1612,49f276acbd6f82b6f667549572a19b25f95c31c68ca68ef9c7a5d356894b2d16
/Users/gokulmallabathula/deep-fake/datasets/raw/Celeb-Youtube-fake/1613.mp4,1,,Celeb-Youtube-fake,Celeb-Youtube-fake:1613,7f157653ad9f4351037270bb047eff749ae130bed7bd96624d0a2d78b90fc1ec
/Users/gokulmallabathula/deep-fake/datasets/raw/Celeb-Youtube-fake/1614.mp4,1,,Celeb-Youtube-fake,Celeb-Youtube-fake:1614,c7a1aa89fab85f4afe9bc4e902f25330949c49285b8c67e94a5d2ebdb192582c
/Users/gokulmallabathula/deep-fake/datasets/raw/Celeb-Youtube-fake/1615.mp4,1,,Celeb-Youtube-fake,Celeb-Youtube-fake:1615,86062932bffc4f058077b78fd8b5d46069ea5e93f8aa98cb32a09eb5b528b117
/Users/gokulmallabathula/deep-fake/datasets/raw/Celeb-Youtube-fake/1618.mp4,1,,Celeb-Youtube-fake,Celeb-Youtube-fake:1618,885c5831a5828089714d7787eb4a9b26a204d9a1412fea54a9882df5415d85d7
/Users/gokulmallabathula/deep-fake/datasets/raw/Celeb-Youtube-fake/1619.mp4,1,,Celeb-Youtube-fake,Celeb-Youtube-fake:1619,fa145ca4193e43b5b93c36fd8f54bed25773e1f8478f4b4399eee576f50b05a9
/Users/gokulmallabathula/deep-fake/datasets/raw/Celeb-Youtube-fake/162.mp4,1,,Celeb-Youtube-fake,Celeb-Youtube-fake:162,d6c360eaaabd895f9d5306bc8118a7a55c0ecab6b6885ceef5eb601857baba5e
/Users/gokulmallabathula/deep-fake/datasets/raw/Celeb-Youtube-fake/1620.mp4,1,,Celeb-Youtube-fake,Celeb-Youtube-fake:1620,b277bed5a9abbe43a7ce72144a1199bd4f8575f387fc259a1372d6d411506a13
/Users/gokulmallabathula/deep-fake/datasets/raw/Celeb-Youtube-fake/1621.mp4,1,,Celeb-Youtube-fake,Celeb-Youtube-fake:1621,285cbe9730250a8bc69d78bed15b3aff7c9f5dfc429953bdad3e0bbde29bb0af
/Users/gokulmallabathula/deep-fake/datasets/raw/Celeb-Youtube-fake/1623.mp4,1,,Celeb-Youtube-fake,Celeb-Youtube-fake:1623,034999e53094fe4840457907b930311f9dff355576d846cfd6f51fe01e25cd43
/Users/gokulmallabathula/deep-fake/datasets/raw/Celeb-Youtube-fake/1624.mp4,1,,Celeb-Youtube-fake,Celeb-Youtube-fake:1624,4d56e4a750467fa67ce3130cac5012d8297b24830a078a5c61890ce822936c0f
/Users/gokulmallabathula/deep-fake/datasets/raw/Celeb-Youtube-fake/1626.mp4,1,,Celeb-Youtube-fake,Celeb-Youtube-fake:1626,dff8616809b34900dba0920047b3f928972e9eddd3ff08a0cc178d53f7848252
/Users/gokulmallabathula/deep-fake/datasets/raw/Celeb-Youtube-fake/1627.mp4,1,,Celeb-Youtube-fake,Celeb-Youtube-fake:1627,a73800ac07f25865928d213958a65415b1bc5e9d5a78156e42ae63b519c80269
/Users/gokulmallabathula/deep-fake/datasets/raw/Celeb-Youtube-fake/1628.mp4,1,,Celeb-Youtube-fake,Celeb-Youtube-fake:1628,f2273e0771c21e5b754919994b726afb650912b2fdbc97d1a00afdd5ee3e81e4
/Users/gokulmallabathula/deep-fake/datasets/raw/Celeb-Youtube-fake/163.mp4,1,,Celeb-Youtube-fake,Celeb-Youtube-fake:163,dad9c1bedf76326073eb8840c1771eaadd315a4f50b5089680f732b38e29f814
/Users/gokulmallabathula/deep-fake/datasets/raw/Celeb-Youtube-fake/1631.mp4,1,,Celeb-Youtube-fake,Celeb-Youtube-fake:1631,ed9f3b092239ed5019483dc3511609b2aca4d73188f9b069cef8b2e93287026a
/Users/gokulmallabathula/deep-fake/datasets/raw/Celeb-Youtube-fake/1632.mp4,1,,Celeb-Youtube-fake,Celeb-Youtube-fake:1632,f4c07229002f56581ab16f50463d0ee780046b09d2619e9020203f9f47aa62fc
/Users/gokulmallabathula/deep-fake/datasets/raw/Celeb-Youtube-fake/1634.mp4,1,,Celeb-Youtube-fake,Celeb-Youtube-fake:1634,06509a34fc5718cdda310bf1e14df856ccd26fd24bedb88936098b37bd0c64f5
/Users/gokulmallabathula/deep-fake/datasets/raw/Celeb-Youtube-fake/1635.mp4,1,,Celeb-Youtube-fake,Celeb-Youtube-fake:1635,897f238f78a0d1e0d3e4be279f542f9a26161ab7dad5a8b61aab03eac4d121f5
/Users/gokulmallabathula/deep-fake/datasets/raw/Celeb-Youtube-fake/1638.mp4,1,,Celeb-Youtube-fake,Celeb-Youtube-fake:1638,9e92ef28625972b96c17a5ca0d936b9009a89d5b408b03b0ff172dfabe7aba23
/Users/gokulmallabathula/deep-fake/datasets/raw/Celeb-Youtube-fake/164.mp4,1,,Celeb-Youtube-fake,Celeb-Youtube-fake:164,55e0912d668edbf5c169c7b0693b849726c37f6bdc9016a47ecc165d0363a58d
/Users/gokulmallabathula/deep-fake/datasets/raw/Celeb-Youtube-fake/1640.mp4,1,,Celeb-Youtube-fake,Celeb-Youtube-fake:1640,92d2d6b998db6ffc2b6c2472e91bb7eb480df4d2b8e61b5796c2f787c1cf4b74
/Users/gokulmallabathula/deep-fake/datasets/raw/Celeb-Youtube-fake/1641.mp4,1,,Celeb-Youtube-fake,Celeb-Youtube-fake:1641,d3c983f70050f1f3dff9ef6342ca7162acea6c236bb979fa8e08610c36e229ad
/Users/gokulmallabathula/deep-fake/datasets/raw/Celeb-Youtube-fake/1642.mp4,1,,Celeb-Youtube-fake,Celeb-Youtube-fake:1642,8779fc5634ccba0cb923ae5fba1618c3ee9bf15cfe885230c9fc843ae9cc5bd0
/Users/gokulmallabathula/deep-fake/datasets/raw/Celeb-Youtube-fake/1643.mp4,1,,Celeb-Youtube-fake,Celeb-Youtube-fake:1643,eb07ea2e1490c58bc672ecfcadf653c1b8d4a03b42292cd0505e583bfec23833
/Users/gokulmallabathula/deep-fake/datasets/raw/Celeb-Youtube-fake/1644.mp4,1,,Celeb-Youtube-fake,Celeb-Youtube-fake:1644,e4d2d3b02d559e5c3c477683bca642df5ddb23882391678e6bec60da80a81a74
/Users/gokulmallabathula/deep-fake/datasets/raw/Celeb-Youtube-fake/1646.mp4,1,,Celeb-Youtube-fake,Celeb-Youtube-fake:1646,32cb8f1bc6ecb0be7c4a375581487772d70f79474d1b080cc36a114ec3a626f3
/Users/gokulmallabathula/deep-fake/datasets/raw/Celeb-Youtube-fake/1648.mp4,1,,Celeb-Youtube-fake,Celeb-Youtube-fake:1648,b420189c54219c7220f511e9f0814ff8f7c46ff02e00cb3781fa4f8b4977abd4
/Users/gokulmallabathula/deep-fake/datasets/raw/Celeb-Youtube-fake/1649.mp4,1,,Celeb-Youtube-fake,Celeb-Youtube-fake:1649,3e239cfbf4a9f3ae94a6de779cff625a9569051bcbf4d444b65fb71556259d15
/Users/gokulmallabathula/deep-fake/datasets/raw/Celeb-Youtube-fake/165.mp4,1,,Celeb-Youtube-fake,Celeb-Youtube-fake:165,26c22b64c7a75e28fd06f20cd5517d33abc5058fe2e4e6304577d5aadcfc3c24
/Users/gokulmallabathula/deep-fake/datasets/raw/Celeb-Youtube-fake/1651.mp4,1,,Celeb-Youtube-fake,Celeb-Youtube-fake:1651,811922e4bd76e4eb90ecbd3f2471dc462b41e36214cf0f6155e77270c2a680cd
/Users/gokulmallabathula/deep-fake/datasets/raw/Celeb-Youtube-fake/1652.mp4,1,,Celeb-Youtube-fake,Celeb-Youtube-fake:1652,d6e44fedb699903c6d0adba2ebc50b5d5ea70a4d272af6571bb601a0a90952de
/Users/gokulmallabathula/deep-fake/datasets/raw/Celeb-Youtube-fake/1653.mp4,1,,Celeb-Youtube-fake,Celeb-Youtube-fake:1653,20f2341ff3f4737e4d803c7c1502a1d0c0f2169d88aba0244e3987d3bd47fabb
/Users/gokulmallabathula/deep-fake/datasets/raw/Celeb-Youtube-fake/1654.mp4,1,,Celeb-Youtube-fake,Celeb-Youtube-fake:1654,b09b76d79b139c004287c040d17867ebd0da2a1c045fd236815e48e71a2b6b45
/Users/gokulmallabathula/deep-fake/datasets/raw/Celeb-Youtube-fake/1655.mp4,1,,Celeb-Youtube-fake,Celeb-Youtube-fake:1655,040fb51752f9034fdb0682e54c767eecb54983b4cbdc83c091c1e1019b499f29
/Users/gokulmallabathula/deep-fake/datasets/raw/Celeb-Youtube-fake/1656.mp4,1,,Celeb-Youtube-fake,Celeb-Youtube-fake:1656,765b8326231359ebd9cc3a419c49e48ec1e51a2cda6068074271ff163201436f
/Users/gokulmallabathula/deep-fake/datasets/raw/Celeb-Youtube-fake/1657.mp4,1,,Celeb-Youtube-fake,Celeb-Youtube-fake:1657,e245958660bd3cff87f19a9e007f302adb68d0141dea01effef2bb0585bdd0c9
/Users/gokulmallabathula/deep-fake/datasets/raw/Celeb-Youtube-fake/1658.mp4,1,,Celeb-Youtube-fake,Celeb-Youtube-fake:1658,43844f1ecd53c90c8073a8700d3636e2be14d3c5b81d3c73d96d313c0fa967a1
/Users/gokulmallabathula/deep-fake/datasets/raw/Celeb-Youtube-fake/1659.mp4,1,,Celeb-Youtube-fake,Celeb-Youtube-fake:1659,85157d6e9bfef7e58c2c4ef2fe38f9a7bf7424813800408c7c72de997840a80b
/Users/gokulmallabathula/deep-fake/datasets/raw/Celeb-Youtube-fake/166.mp4,1,,Celeb-Youtube-fake,Celeb-Youtube-fake:166,5d757e4d85685113fc22ac5dbeb7a43595f5e27db4ece859a77f2d6903b4f95b
/Users/gokulmallabathula/deep-fake/datasets/raw/Celeb-Youtube-fake/1660.mp4,1,,Celeb-Youtube-fake,Celeb-Youtube-fake:1660,1120898ba82b29fc53a2c2a2e0d78795ed6455dfecb9af69a60eddd9a4b68bea
/Users/gokulmallabathula/deep-fake/datasets/raw/Celeb-Youtube-fake/1661.mp4,1,,Celeb-Youtube-fake,Celeb-Youtube-fake:1661,c2c626ada531d67640b47577ef2f6b68da1ccc7064787dba22d663a52ef5f14f
/Users/gokulmallabathula/deep-fake/datasets/raw/Celeb-Youtube-fake/1665.mp4,1,,Celeb-Youtube-fake,Celeb-Youtube-fake:1665,5465b7ebb2df8a6ab577b0f76467651c4001f15f2b0d7f79bee1cb833e49b3d5
/Users/gokulmallabathula/deep-fake/datasets/raw/Celeb-Youtube-fake/1666.mp4,1,,Celeb-Youtube-fake,Celeb-Youtube-fake:1666,3da71edb821c6e68a5170980e71cc08404c953c0c78c58e3f35d1621901a16cd
/Users/gokulmallabathula/deep-fake/datasets/raw/Celeb-Youtube-fake/1669.mp4,1,,Celeb-Youtube-fake,Celeb-Youtube-fake:1669,e7e9ad91276e4caa3a2c253948f072342b2340c982e8979b47621ee2f1cf4b64
/Users/gokulmallabathula/deep-fake/datasets/raw/Celeb-Youtube-fake/167.mp4,1,,Celeb-Youtube-fake,Celeb-Youtube-fake:167,a7e102dc28df6c28b3f14077687bbad86e3e6ecfe38a0dc88f11e73d45f7f2c0
/Users/gokulmallabathula/deep-fake/datasets/raw/Celeb-Youtube-fake/1672.mp4,1,,Celeb-Youtube-fake,Celeb-Youtube-fake:1672,fed6024c77b2655ce070f48f91e8d6721a38334ad23487b4aa051766c001ab6d
/Users/gokulmallabathula/deep-fake/datasets/raw/Celeb-Youtube-fake/1674.mp4,1,,Celeb-Youtube-fake,Celeb-Youtube-fake:1674,8289b57598a544187929922bc923a5e5d699c9d36360c251b2743ac453ffddf5
/Users/gokulmallabathula/deep-fake/datasets/raw/Celeb-Youtube-fake/1675.mp4,1,,Celeb-Youtube-fake,Celeb-Youtube-fake:1675,898f65c3804720e4cd2f6eebdb44bfffaf4353c4af95fd6451a7e2c50518900b
/Users/gokulmallabathula/deep-fake/datasets/raw/Celeb-Youtube-fake/1676.mp4,1,,Celeb-Youtube-fake,Celeb-Youtube-fake:1676,a9b1dc4b87cdaddf940d6d7e9557e349ba7ed16812615f213c1d670a723af482
/Users/gokulmallabathula/deep-fake/datasets/raw/Celeb-Youtube-fake/1677.mp4,1,,Celeb-Youtube-fake,Celeb-Youtube-fake:1677,716727a5831821c89531f09f2e239879494819cf21933bfedb9fb5242260fbd4
/Users/gokulmallabathula/deep-fake/datasets/raw/Celeb-Youtube-fake/1678.mp4,1,,Celeb-Youtube-fake,Celeb-Youtube-fake:1678,16afd9fc33d6603d62c28d66c90164fa4862f46edafe9be64e88e61c52d9e093
/Users/gokulmallabathula/deep-fake/datasets/raw/Celeb-Youtube-fake/168.mp4,1,,Celeb-Youtube-fake,Celeb-Youtube-fake:168,6ba29fa7e8ffd19305c7ede23c4e3939c48c700f0977a0404cacde85906962db
/Users/gokulmallabathula/deep-fake/datasets/raw/Celeb-Youtube-fake/1680.mp4,1,,Celeb-Youtube-fake,Celeb-Youtube-fake:1680,0033cc2f7bc7b490df7a29c55fcd26cc952a6331ffc818add117654dc05f7c75
/Users/gokulmallabathula/deep-fake/datasets/raw/Celeb-Youtube-fake/1682.mp4,1,,Celeb-Youtube-fake,Celeb-Youtube-fake:1682,8ed07d1f10fa08037838b869e7a00dbecc39b77abaa7ebf1a3c2103c82326518
/Users/gokulmallabathula/deep-fake/datasets/raw/Celeb-Youtube-fake/1683.mp4,1,,Celeb-Youtube-fake,Celeb-Youtube-fake:1683,da9412764df6eec1e77663dd4058adf7059e2aed13bdfe7b67efeb9a78d72b14
/Users/gokulmallabathula/deep-fake/datasets/raw/Celeb-Youtube-fake/1688.mp4,1,,Celeb-Youtube-fake,Celeb-Youtube-fake:1688,7fedc4b03a7404c96b537ff8adcfdf0ab9b9e3015236e15a294e82dac9d562e8
/Users/gokulmallabathula/deep-fake/datasets/raw/Celeb-Youtube-fake/169.mp4,1,,Celeb-Youtube-fake,Celeb-Youtube-fake:169,2f62ee4cff2ce2a7f7625bec5142059e33b3a8c4267cdaeaf981acbf7754ea49
/Users/gokulmallabathula/deep-fake/datasets/raw/Celeb-Youtube-fake/1690.mp4,1,,Celeb-Youtube-fake,Celeb-Youtube-fake:1690,2c67f71481ff5fe9ae36a96eb4d443e59955d1c6caaebb9483fe8f19bf26f23c
/Users/gokulmallabathula/deep-fake/datasets/raw/Celeb-Youtube-fake/1691.mp4,1,,Celeb-Youtube-fake,Celeb-Youtube-fake:1691,4091665409977d01398e68aec0a20b95987ada32e8fd0bdb455c7c12b3684f00
/Users/gokulmallabathula/deep-fake/datasets/raw/Celeb-Youtube-fake/1694.mp4,1,,Celeb-Youtube-fake,Celeb-Youtube-fake:1694,b9b84a5cac88a84fde33161bc7e0614a707cbffa8e4a4dffd2883a9dbe4a42a9
/Users/gokulmallabathula/deep-fake/datasets/raw/Celeb-Youtube-fake/1695.mp4,1,,Celeb-Youtube-fake,Celeb-Youtube-fake:1695,23c52fc4f1c7c519cccfcce26b7ff00541e3cfddc1784d4f59b86f72ae9ce0e5
/Users/gokulmallabathula/deep-fake/datasets/raw/Celeb-Youtube-fake/1696.mp4,1,,Celeb-Youtube-fake,Celeb-Youtube-fake:1696,deb84b6ef3bc2d07769857c863c3ec6b5e9e414dd89fc23e5500141054ff9072
/Users/gokulmallabathula/deep-fake/datasets/raw/Celeb-Youtube-fake/1697.mp4,1,,Celeb-Youtube-fake,Celeb-Youtube-fake:1697,6452749709456542b0551eed64fd107e30ad2a44056907b7c23c81c8d8b847c9
/Users/gokulmallabathula/deep-fake/datasets/raw/Celeb-Youtube-fake/1698.mp4,1,,Celeb-Youtube-fake,Celeb-Youtube-fake:1698,34930dbd0132f09eebf1cbc2b5e23d0069735fd4dfdf8178d1f9c1d0c76304b6
/Users/gokulmallabathula/deep-fake/datasets/raw/Celeb-Youtube-fake/1699.mp4,1,,Celeb-Youtube-fake,Celeb-Youtube-fake:1699,cced2cb1a1a7dcaf2a572a78af93eae7e479cfbdd13dfe4788ded1c79f389ebf
/Users/gokulmallabathula/deep-fake/datasets/raw/Celeb-Youtube-fake/17.mp4,1,,Celeb-Youtube-fake,Celeb-Youtube-fake:17,d0f01b6bfbd9c7989c57e403c576ed55e1ea1a092623fae84679ceb3ec79498a
/Users/gokulmallabathula/deep-fake/datasets/raw/Celeb-Youtube-fake/170.mp4,1,,Celeb-Youtube-fake,Celeb-Youtube-fake:170,4617be514d58df52c1e91c16c37e8d5d0500eea6bfb0ed0eb0547ef608e95198
/Users/gokulmallabathula/deep-fake/datasets/raw/Celeb-Youtube-fake/1700.mp4,1,,Celeb-Youtube-fake,Celeb-Youtube-fake:1700,2a6b49d1f1792d20938b39f37191c64e304da7cd65eaf326f38816c0acb2d464
/Users/gokulmallabathula/deep-fake/datasets/raw/Celeb-Youtube-fake/1701.mp4,1,,Celeb-Youtube-fake,Celeb-Youtube-fake:1701,ae042701f8ed5148a4e9be7365ab5d1aa151201b7f3fb7ad3a8d3dfec40abb6f
/Users/gokulmallabathula/deep-fake/datasets/raw/Celeb-Youtube-fake/1702.mp4,1,,Celeb-Youtube-fake,Celeb-Youtube-fake:1702,73b757371b3b3bae0ef647a3f53a390631c9feb3ed87bd2fead3dcd015ecbc44
/Users/gokulmallabathula/deep-fake/datasets/raw/Celeb-Youtube-fake/1703.mp4,1,,Celeb-Youtube-fake,Celeb-Youtube-fake:1703,9aa96e16f957595d8af0f78a699e62e672dc559d86d87aa21901f1652a32aaca
/Users/gokulmallabathula/deep-fake/datasets/raw/Celeb-Youtube-fake/1704.mp4,1,,Celeb-Youtube-fake,Celeb-Youtube-fake:1704,b67eb2f4799a14919fe2eec8ab8b368b9169f9ca009b09ec9a42cb31e04a9421
/Users/gokulmallabathula/deep-fake/datasets/raw/Celeb-Youtube-fake/1705.mp4,1,,Celeb-Youtube-fake,Celeb-Youtube-fake:1705,66db800349b1b9a58bd34ffaad3ee779a3ef4f54cef668796db1fe4e558dd879
/Users/gokulmallabathula/deep-fake/datasets/raw/Celeb-Youtube-fake/1706.mp4,1,,Celeb-Youtube-fake,Celeb-Youtube-fake:1706,d8c78dee634eed36d2f0efd75474b3b7b114949ec59c4a922d1d69ae43cf1f02
/Users/gokulmallabathula/deep-fake/datasets/raw/Celeb-Youtube-fake/1707.mp4,1,,Celeb-Youtube-fake,Celeb-Youtube-fake:1707,f8265ec545fd1986f412ab2f1c230e501897ae80a689102ec28f7f7c95f52fd5
/Users/gokulmallabathula/deep-fake/datasets/raw/Celeb-Youtube-fake/1708.mp4,1,,Celeb-Youtube-fake,Celeb-Youtube-fake:1708,a58bb35d62cee8f560b1a86eb09a128500f3594975ab5c7c1d5ef242f332723f
/Users/gokulmallabathula/deep-fake/datasets/raw/Celeb-Youtube-fake/1709.mp4,1,,Celeb-Youtube-fake,Celeb-Youtube-fake:1709,25675403f405748fbdf864a9f19cb4893536c7a00b1059fa71ae7734fa002db9
/Users/gokulmallabathula/deep-fake/datasets/raw/Celeb-Youtube-fake/171.mp4,1,,Celeb-Youtube-fake,Celeb-Youtube-fake:171,dd22219f9dad0ab9d7b58e54f6e7df7f492ee85fc40b01170273191e9c1d5a47
/Users/gokulmallabathula/deep-fake/datasets/raw/Celeb-Youtube-fake/1711.mp4,1,,Celeb-Youtube-fake,Celeb-Youtube-fake:1711,269c289667ea2d900366e253682895e5d8d0d36c6fd4b11976a1d39a4b9f6884
/Users/gokulmallabathula/deep-fake/datasets/raw/Celeb-Youtube-fake/1715.mp4,1,,Celeb-Youtube-fake,Celeb-Youtube-fake:1715,ff0512b745ec0ab2860fe17fbf27435e2f8d989dc177e9a18fad7486e2875038
/Users/gokulmallabathula/deep-fake/datasets/raw/Celeb-Youtube-fake/1716.mp4,1,,Celeb-Youtube-fake,Celeb-Youtube-fake:1716,7488c5b468b910978b024767faa8d358c5e3cb2908b45762b1b4af0aca83e20e
/Users/gokulmallabathula/deep-fake/datasets/raw/Celeb-Youtube-fake/1717.mp4,1,,Celeb-Youtube-fake,Celeb-Youtube-fake:1717,5f6506f3d61add3bea3037fd0ea57ae4dff9233374f91735107f6bf2cd3b7c0a
/Users/gokulmallabathula/deep-fake/datasets/raw/Celeb-Youtube-fake/1718.mp4,1,,Celeb-Youtube-fake,Celeb-Youtube-fake:1718,93313ae8a7f5064320865a4f20a783d63de70fe1d0a0a461100f3944ab349fcd
/Users/gokulmallabathula/deep-fake/datasets/raw/Celeb-Youtube-fake/1719.mp4,1,,Celeb-Youtube-fake,Celeb-Youtube-fake:1719,4156167790b00a8b14a111781ef238f0412661769756d3465e426c22f8a7bf15
/Users/gokulmallabathula/deep-fake/datasets/raw/Celeb-Youtube-fake/1720.mp4,1,,Celeb-Youtube-fake,Celeb-Youtube-fake:1720,14a0c3f37a32fc8767d24b3431a1a71dcc524b5a676d18661ba3fbc8cc5937fe
/Users/gokulmallabathula/deep-fake/datasets/raw/Celeb-Youtube-fake/1721.mp4,1,,Celeb-Youtube-fake,Celeb-Youtube-fake:1721,bfee760ae4325840d753a9358b891e16e147170691b424a06710840ff47e0344
/Users/gokulmallabathula/deep-fake/datasets/raw/Celeb-Youtube-fake/1722.mp4,1,,Celeb-Youtube-fake,Celeb-Youtube-fake:1722,72db1362f3d981add006353fdbfa1d606537159e43e75cb64b2f60a7ea530092
/Users/gokulmallabathula/deep-fake/datasets/raw/Celeb-Youtube-fake/1724.mp4,1,,Celeb-Youtube-fake,Celeb-Youtube-fake:1724,813d781fb91513140559f2f29d58a1b35934875769b25922dd9f7e005e1bbc09
/Users/gokulmallabathula/deep-fake/datasets/raw/Celeb-Youtube-fake/1726.mp4,1,,Celeb-Youtube-fake,Celeb-Youtube-fake:1726,71a51a9e1424c1bb5afe7b7277bb503e03136ff9d59d5c76d01fcf4c1b342fbe
/Users/gokulmallabathula/deep-fake/datasets/raw/Celeb-Youtube-fake/1727.mp4,1,,Celeb-Youtube-fake,Celeb-Youtube-fake:1727,53a34034eb28de04c52b16bbd9e0f175c3dd3bad76bc58cda8e1f0c8c306b1b4
/Users/gokulmallabathula/deep-fake/datasets/raw/Celeb-Youtube-fake/1730.mp4,1,,Celeb-Youtube-fake,Celeb-Youtube-fake:1730,2404d60d4e0696c10f839ceac8eda1c8f4b13a047383c73e844ba63cd709eb62
/Users/gokulmallabathula/deep-fake/datasets/raw/Celeb-Youtube-fake/1731.mp4,1,,Celeb-Youtube-fake,Celeb-Youtube-fake:1731,3f3731e31c5b0fee11d51f130ce5fe16be8a418345b96babafa294484ba96626
/Users/gokulmallabathula/deep-fake/datasets/raw/Celeb-Youtube-fake/1733.mp4,1,,Celeb-Youtube-fake,Celeb-Youtube-fake:1733,9ca2e65a301f747ed4995fee8b5d94a7e3b7281d3f40d415be87356c5cc25bf0
/Users/gokulmallabathula/deep-fake/datasets/raw/Celeb-Youtube-fake/1734.mp4,1,,Celeb-Youtube-fake,Celeb-Youtube-fake:1734,4e6f28c28e309da33837840e7c0b332db2303446d7576ca451b09f1f964a7e56
/Users/gokulmallabathula/deep-fake/datasets/raw/Celeb-Youtube-fake/1736.mp4,1,,Celeb-Youtube-fake,Celeb-Youtube-fake:1736,202098ad657632dc796054f69d9cbff6c1c4966d5c0749d280cec6053eafb8f0
/Users/gokulmallabathula/deep-fake/datasets/raw/Celeb-Youtube-fake/1737.mp4,1,,Celeb-Youtube-fake,Celeb-Youtube-fake:1737,4529cb7afd9216a7b34a09aa9134441f678377222e459d2264d8ef07278eb9c6
/Users/gokulmallabathula/deep-fake/datasets/raw/Celeb-Youtube-fake/174.mp4,1,,Celeb-Youtube-fake,Celeb-Youtube-fake:174,33fac4f31fb325655720373293677fda751cf9f0fdb7461344110cac7cc008d8
/Users/gokulmallabathula/deep-fake/datasets/raw/Celeb-Youtube-fake/1740.mp4,1,,Celeb-Youtube-fake,Celeb-Youtube-fake:1740,ced7dc00afcb477cbb250658d821d09557ff36a4554b15eb1622c4aeaa37cffa
/Users/gokulmallabathula/deep-fake/datasets/raw/Celeb-Youtube-fake/1741.mp4,1,,Celeb-Youtube-fake,Celeb-Youtube-fake:1741,54ac271a3bb152b34f9897d6d79bdf676d770aea6d08b203b470d7c45247146e
/Users/gokulmallabathula/deep-fake/datasets/raw/Celeb-Youtube-fake/1743.mp4,1,,Celeb-Youtube-fake,Celeb-Youtube-fake:1743,2c1b2527c576c3f6b3f8798e6adc96a8ab5bebcbee86829878cd727d1d5b33df
/Users/gokulmallabathula/deep-fake/datasets/raw/Celeb-Youtube-fake/1744.mp4,1,,Celeb-Youtube-fake,Celeb-Youtube-fake:1744,aa0ac0f8961cdd78d3148a3a8f1d96d7128f57efb67d8630d2f203af6c1de39b
/Users/gokulmallabathula/deep-fake/datasets/raw/Celeb-Youtube-fake/1745.mp4,1,,Celeb-Youtube-fake,Celeb-Youtube-fake:1745,749a63bd3234550e5f083fa4ca8c0fc899a011c26cca2039db70829d0911c90a
/Users/gokulmallabathula/deep-fake/datasets/raw/Celeb-Youtube-fake/1746.mp4,1,,Celeb-Youtube-fake,Celeb-Youtube-fake:1746,310b06331ace1b4548113e3c5a6a7e3cc98e6b5b5ce5e1faa9afc60f4541e61f
/Users/gokulmallabathula/deep-fake/datasets/raw/Celeb-Youtube-fake/1747.mp4,1,,Celeb-Youtube-fake,Celeb-Youtube-fake:1747,13f5032c846174ab3cea72b8875759cc7dc2b541f1b965ea0aaf55280bb9490c
/Users/gokulmallabathula/deep-fake/datasets/raw/Celeb-Youtube-fake/1748.mp4,1,,Celeb-Youtube-fake,Celeb-Youtube-fake:1748,38c6e47ff58c8300ffa166f150c346e3d88bedd901fb6297ad7902c9e520fda9
/Users/gokulmallabathula/deep-fake/datasets/raw/Celeb-Youtube-fake/175.mp4,1,,Celeb-Youtube-fake,Celeb-Youtube-fake:175,26f02ced9e9bbde9a10c8d839aeb02e5bb467af94a3049beabbe3d030ac14c4b
/Users/gokulmallabathula/deep-fake/datasets/raw/Celeb-Youtube-fake/1750.mp4,1,,Celeb-Youtube-fake,Celeb-Youtube-fake:1750,360e043c4fe49720a894f3fb685bb6ea361dc5f18036d7350f7b860febd6d5fc
/Users/gokulmallabathula/deep-fake/datasets/raw/Celeb-Youtube-fake/1752.mp4,1,,Celeb-Youtube-fake,Celeb-Youtube-fake:1752,2db7d1451e28e4f3707405d856243a1cae5867287d23f77f16bd90d665247360
/Users/gokulmallabathula/deep-fake/datasets/raw/Celeb-Youtube-fake/1755.mp4,1,,Celeb-Youtube-fake,Celeb-Youtube-fake:1755,3f68af667bdc6c1959a3ffcb0cc3da3c40a3ef8496d605dc224bd1c8ee063a27
/Users/gokulmallabathula/deep-fake/datasets/raw/Celeb-Youtube-fake/1757.mp4,1,,Celeb-Youtube-fake,Celeb-Youtube-fake:1757,300fc3ec855e8a1ef3c751d3a35775d2940068f88d3041ec238cf4516ad7e2d8
/Users/gokulmallabathula/deep-fake/datasets/raw/Celeb-Youtube-fake/1758.mp4,1,,Celeb-Youtube-fake,Celeb-Youtube-fake:1758,4df3aa401497612fdeb7e71ea8b7467fabac226ba35254db1da5a149843c754d
/Users/gokulmallabathula/deep-fake/datasets/raw/Celeb-Youtube-fake/1759.mp4,1,,Celeb-Youtube-fake,Celeb-Youtube-fake:1759,f82757e5d2bf103c1ca4605d68df9fd5759eaa831786a8fad4c492469c2b5e7b
/Users/gokulmallabathula/deep-fake/datasets/raw/Celeb-Youtube-fake/176.mp4,1,,Celeb-Youtube-fake,Celeb-Youtube-fake:176,6fe056a50e1ffa7d1b59c6e90fadb62e9a50d0b810ca96029fb7fb9e2de56978
/Users/gokulmallabathula/deep-fake/datasets/raw/Celeb-Youtube-fake/1760.mp4,1,,Celeb-Youtube-fake,Celeb-Youtube-fake:1760,d326c98c9d3701824feb1303254569666f59594dab4c9ca1b0cb6bfba182aabe
/Users/gokulmallabathula/deep-fake/datasets/raw/Celeb-Youtube-fake/1762.mp4,1,,Celeb-Youtube-fake,Celeb-Youtube-fake:1762,12879abc56399e5b5a4ff7d5815532e2d757869205ea5881659bb8ccd40c8fae
/Users/gokulmallabathula/deep-fake/datasets/raw/Celeb-Youtube-fake/1763.mp4,1,,Celeb-Youtube-fake,Celeb-Youtube-fake:1763,30db0aa8ccfacfaac1a356d6dbbf162d9d3f5d320980d985ded744b51acb33a0
/Users/gokulmallabathula/deep-fake/datasets/raw/Celeb-Youtube-fake/1764.mp4,1,,Celeb-Youtube-fake,Celeb-Youtube-fake:1764,a67320d749aef0bad2ba10af9b234def631b3a9a453ac0655390a49a6d4820f5
/Users/gokulmallabathula/deep-fake/datasets/raw/Celeb-Youtube-fake/1765.mp4,1,,Celeb-Youtube-fake,Celeb-Youtube-fake:1765,2f35c8771456847b268419dc3b9ed9f2de7a7256066d5fdac2e72f9c7cf0b829
/Users/gokulmallabathula/deep-fake/datasets/raw/Celeb-Youtube-fake/1766.mp4,1,,Celeb-Youtube-fake,Celeb-Youtube-fake:1766,e69a0824d0575b149a40c5ea46978da22445a0b4492d246338016732c476bf4c
/Users/gokulmallabathula/deep-fake/datasets/raw/Celeb-Youtube-fake/1767.mp4,1,,Celeb-Youtube-fake,Celeb-Youtube-fake:1767,e131f66e65382644a906c7fc6bb9f66d869b54374e75ecc109ce468b51160d14
/Users/gokulmallabathula/deep-fake/datasets/raw/Celeb-Youtube-fake/1768.mp4,1,,Celeb-Youtube-fake,Celeb-Youtube-fake:1768,cbb8d5d51079507e59a6a5cfb3d4312325d348f2c5b340957a89451109abc420
/Users/gokulmallabathula/deep-fake/datasets/raw/Celeb-Youtube-fake/177.mp4,1,,Celeb-Youtube-fake,Celeb-Youtube-fake:177,f575effd6e77c5f26dc3567909d972ea0e45ca3c81b59651d928e5bb2311d133
/Users/gokulmallabathula/deep-fake/datasets/raw/Celeb-Youtube-fake/1770.mp4,1,,Celeb-Youtube-fake,Celeb-Youtube-fake:1770,de4e96142bf59cf621457f8731bfcbfa2a41092a51b8f229464cfc98ed0ba7c3
/Users/gokulmallabathula/deep-fake/datasets/raw/Celeb-Youtube-fake/1771.mp4,1,,Celeb-Youtube-fake,Celeb-Youtube-fake:1771,8ad5fb6386b49f2548897e7579a9adbfea4ddee98ba77d43cbb3e6663363f984
/Users/gokulmallabathula/deep-fake/datasets/raw/Celeb-Youtube-fake/1772.mp4,1,,Celeb-Youtube-fake,Celeb-Youtube-fake:1772,36f1098ebf369f51de3d08e2f554c9306696ce327a0a6f80107507e2b0c0ed9a
/Users/gokulmallabathula/deep-fake/datasets/raw/Celeb-Youtube-fake/1773.mp4,1,,Celeb-Youtube-fake,Celeb-Youtube-fake:1773,0046de075a411dda580f9f1f162ba5fac34485a24d725629e4e3645373f7a399
/Users/gokulmallabathula/deep-fake/datasets/raw/Celeb-Youtube-fake/1774.mp4,1,,Celeb-Youtube-fake,Celeb-Youtube-fake:1774,17df13f030d73b7af34a3f5f664ac9a19c0f1fa7df9a04e85769b2dfca6e0853
/Users/gokulmallabathula/deep-fake/datasets/raw/Celeb-Youtube-fake/1775.mp4,1,,Celeb-Youtube-fake,Celeb-Youtube-fake:1775,cefab310dcf84f042a7ad1b74f77c2974054055ab4ca03f99834ff95506cae0b
/Users/gokulmallabathula/deep-fake/datasets/raw/Celeb-Youtube-fake/1778.mp4,1,,Celeb-Youtube-fake,Celeb-Youtube-fake:1778,7f20aef245576d650a40ce95ec072dba076db2f323cf04e9855da3a953692be5
/Users/gokulmallabathula/deep-fake/datasets/raw/Celeb-Youtube-fake/1779.mp4,1,,Celeb-Youtube-fake,Celeb-Youtube-fake:1779,136ca034b97180fe485e1096b0feba41ccd1a11e358338fd7c543e9ff26cfd50
/Users/gokulmallabathula/deep-fake/datasets/raw/Celeb-Youtube-fake/178.mp4,1,,Celeb-Youtube-fake,Celeb-Youtube-fake:178,50809b6c72d78c21fec8b6d2fc8e4755ddd7f1ca3e6970b0e13f167f69c191df
/Users/gokulmallabathula/deep-fake/datasets/raw/Celeb-Youtube-fake/1780.mp4,1,,Celeb-Youtube-fake,Celeb-Youtube-fake:1780,982943efc043b68e4be3dd5402703f5da399b94bde1ba03056e7e13943aba109
/Users/gokulmallabathula/deep-fake/datasets/raw/Celeb-Youtube-fake/1781.mp4,1,,Celeb-Youtube-fake,Celeb-Youtube-fake:1781,18240cf7e0f73374d0b7542d73fd483840c89af28dfb4ccb286072c303aa1786
/Users/gokulmallabathula/deep-fake/datasets/raw/Celeb-Youtube-fake/1783.mp4,1,,Celeb-Youtube-fake,Celeb-Youtube-fake:1783,5dd85d00dd8a98a7f7e60b6f2da9e765cf52cea6e9ca8cfd48f5f3359e1b4942
/Users/gokulmallabathula/deep-fake/datasets/raw/Celeb-Youtube-fake/1785.mp4,1,,Celeb-Youtube-fake,Celeb-Youtube-fake:1785,e72669f48c487f90face0ca8d3a011052d7f95e413fb55d0a3ba3ebdc278950c
/Users/gokulmallabathula/deep-fake/datasets/raw/Celeb-Youtube-fake/1786.mp4,1,,Celeb-Youtube-fake,Celeb-Youtube-fake:1786,3341d252e01e350528785dfe33617b8bc1b6fcf7d259958d4e3db09746bad9fc
/Users/gokulmallabathula/deep-fake/datasets/raw/Celeb-Youtube-fake/1788.mp4,1,,Celeb-Youtube-fake,Celeb-Youtube-fake:1788,4cc9cceb8468c49fcc17ff426cbd6046e6f2bdc661a7e77aef85f87bad8ac97a
/Users/gokulmallabathula/deep-fake/datasets/raw/Celeb-Youtube-fake/1789.mp4,1,,Celeb-Youtube-fake,Celeb-Youtube-fake:1789,393ec57f864af973bb0ae4d61b332ebfbe5be2065b459336ab929e362ae95325
/Users/gokulmallabathula/deep-fake/datasets/raw/Celeb-Youtube-fake/179.mp4,1,,Celeb-Youtube-fake,Celeb-Youtube-fake:179,9804eef9850856bbedf3285c183cb543498bd8911e336bb1dfb73fc3fa34ab14
/Users/gokulmallabathula/deep-fake/datasets/raw/Celeb-Youtube-fake/1793.mp4,1,,Celeb-Youtube-fake,Celeb-Youtube-fake:1793,ed09ac4807b91a279bff6c2b34dd4413ae557c3fe703550b4baeef9e293c8404
/Users/gokulmallabathula/deep-fake/datasets/raw/Celeb-Youtube-fake/1796.mp4,1,,Celeb-Youtube-fake,Celeb-Youtube-fake:1796,fef6745995a8afe40edf0eb85fbda49d0787ecf223f41bcdd015188399d78ff6
/Users/gokulmallabathula/deep-fake/datasets/raw/Celeb-Youtube-fake/1799.mp4,1,,Celeb-Youtube-fake,Celeb-Youtube-fake:1799,ffa8ed3c6223a6a9f9eee8003cf9d1ffb3f4f99c8dc6190afec1546a8c65db59
/Users/gokulmallabathula/deep-fake/datasets/raw/Celeb-Youtube-fake/18.mp4,1,,Celeb-Youtube-fake,Celeb-Youtube-fake:18,1e9ded9ccfdaa166c1288d70f8c017cb0e9ae80dcf7e8401f79f5253911802c2
/Users/gokulmallabathula/deep-fake/datasets/raw/Celeb-Youtube-fake/180.mp4,1,,Celeb-Youtube-fake,Celeb-Youtube-fake:180,c55c00bb9e1f0e438a93c79f558b791e032f38827de1b866c385e2a5af6f7179
/Users/gokulmallabathula/deep-fake/datasets/raw/Celeb-Youtube-fake/1800.mp4,1,,Celeb-Youtube-fake,Celeb-Youtube-fake:1800,c619f21cb484a9c590122ecd202c8cfd9294b3134e9abf5369c9d3ed57ee409b
/Users/gokulmallabathula/deep-fake/datasets/raw/Celeb-Youtube-fake/1802.mp4,1,,Celeb-Youtube-fake,Celeb-Youtube-fake:1802,f33d081ae18859dc1704d0a6645412a81f0a211444583c185b7cdb7e18a96456
/Users/gokulmallabathula/deep-fake/datasets/raw/Celeb-Youtube-fake/1804.mp4,1,,Celeb-Youtube-fake,Celeb-Youtube-fake:1804,77aa38611df59198770f3782970e855606c3f005cc7d54e65ddb855af383d44f
/Users/gokulmallabathula/deep-fake/datasets/raw/Celeb-Youtube-fake/1805.mp4,1,,Celeb-Youtube-fake,Celeb-Youtube-fake:1805,ae21a084fe3832b7025534b37d387d0ade08825606f65c6cf9fce30a52733eb3
/Users/gokulmallabathula/deep-fake/datasets/raw/Celeb-Youtube-fake/1807.mp4,1,,Celeb-Youtube-fake,Celeb-Youtube-fake:1807,b325755830b0b774808f7007c2daa73aff927264244b31f3f719e72a664b4679
/Users/gokulmallabathula/deep-fake/datasets/raw/Celeb-Youtube-fake/1809.mp4,1,,Celeb-Youtube-fake,Celeb-Youtube-fake:1809,7f29eb17d1de3faff3fa2f1353f2c75f51e3a8771b7ac4eb45cfee82bed87e4d
/Users/gokulmallabathula/deep-fake/datasets/raw/Celeb-Youtube-fake/181.mp4,1,,Celeb-Youtube-fake,Celeb-Youtube-fake:181,22dcf1ff9ce668c850380f36501cf085c12f4e39dd33e6fe4cd75b6bb87e603c
/Users/gokulmallabathula/deep-fake/datasets/raw/Celeb-Youtube-fake/1811.mp4,1,,Celeb-Youtube-fake,Celeb-Youtube-fake:1811,40afd5cf24b4491796e22df4d6e3e34a50343756a17b721e455b858e416a0582
/Users/gokulmallabathula/deep-fake/datasets/raw/Celeb-Youtube-fake/1812.mp4,1,,Celeb-Youtube-fake,Celeb-Youtube-fake:1812,83733d99754655facea2588de441292f42b4861398e8ba130c2baf0a82198ff6
/Users/gokulmallabathula/deep-fake/datasets/raw/Celeb-Youtube-fake/1813.mp4,1,,Celeb-Youtube-fake,Celeb-Youtube-fake:1813,8bc8b73861a76da97621bf4d8c0d2f2ded0fb05b8f559e8d745dfc6c99189e61
/Users/gokulmallabathula/deep-fake/datasets/raw/Celeb-Youtube-fake/1815.mp4,1,,Celeb-Youtube-fake,Celeb-Youtube-fake:1815,06a2cea41512208891f371a7b47c5bff59a4f3f35dab1c0ffe308d556f265892
/Users/gokulmallabathula/deep-fake/datasets/raw/Celeb-Youtube-fake/1816.mp4,1,,Celeb-Youtube-fake,Celeb-Youtube-fake:1816,70c45769a918a52193a166afb9d5722671fe34d7a12e86cd6ef33a3ea878102a
/Users/gokulmallabathula/deep-fake/datasets/raw/Celeb-Youtube-fake/1817.mp4,1,,Celeb-Youtube-fake,Celeb-Youtube-fake:1817,6d76dfecd9246bafc680a48a5ab5a494f4059377a3226be42944efd8269aeb90
/Users/gokulmallabathula/deep-fake/datasets/raw/Celeb-Youtube-fake/1818.mp4,1,,Celeb-Youtube-fake,Celeb-Youtube-fake:1818,b092bb8a819a4297c6bb3c6129e0b993ee6fa0cacf8d290b83b23ba769b05496
/Users/gokulmallabathula/deep-fake/datasets/raw/Celeb-Youtube-fake/1820.mp4,1,,Celeb-Youtube-fake,Celeb-Youtube-fake:1820,34d683b39bd57e015ce73b0a9ddd7634d8f792eb4f180fab60eb025dc2474c69
/Users/gokulmallabathula/deep-fake/datasets/raw/Celeb-Youtube-fake/1821.mp4,1,,Celeb-Youtube-fake,Celeb-Youtube-fake:1821,8160ef23e437b8f17071a7aeb59f3e0de45fad0f54c28edc869ff866ec56df59
/Users/gokulmallabathula/deep-fake/datasets/raw/Celeb-Youtube-fake/1823.mp4,1,,Celeb-Youtube-fake,Celeb-Youtube-fake:1823,103cafa5b855b242b654672f9867640adf73f60c87d233594776817fd0f0a52e
/Users/gokulmallabathula/deep-fake/datasets/raw/Celeb-Youtube-fake/1825.mp4,1,,Celeb-Youtube-fake,Celeb-Youtube-fake:1825,9b2c6e4ce8270dda34780303d452e9ffe837aee5c2ae5718fb39bb98a36bfe4f
/Users/gokulmallabathula/deep-fake/datasets/raw/Celeb-Youtube-fake/1826.mp4,1,,Celeb-Youtube-fake,Celeb-Youtube-fake:1826,ad0a5efe9613d2f0869c4ca5bdcfe79c6f45632c120a6bac3ef057f3f58c9dd8
/Users/gokulmallabathula/deep-fake/datasets/raw/Celeb-Youtube-fake/1827.mp4,1,,Celeb-Youtube-fake,Celeb-Youtube-fake:1827,402bfc8ddd550c283cb3fe73c307e000f24c60ce2b3df82968eedcf813d0dd7b
/Users/gokulmallabathula/deep-fake/datasets/raw/Celeb-Youtube-fake/1828.mp4,1,,Celeb-Youtube-fake,Celeb-Youtube-fake:1828,9061319cca48a8a3959d7415e1e3f1755b023e94d6ffba146c588263dcf1f137
/Users/gokulmallabathula/deep-fake/datasets/raw/Celeb-Youtube-fake/1829.mp4,1,,Celeb-Youtube-fake,Celeb-Youtube-fake:1829,60aca9ba3e0a2ee9ff9db4c8a1dd8874e7880d699d2ae9026f72b102a58d2525
/Users/gokulmallabathula/deep-fake/datasets/raw/Celeb-Youtube-fake/183.mp4,1,,Celeb-Youtube-fake,Celeb-Youtube-fake:183,aa31dc6eb239f23ef30eb3dc3088925e9ac0412a4d14e986588e1d78a6dbd2df
/Users/gokulmallabathula/deep-fake/datasets/raw/Celeb-Youtube-fake/1830.mp4,1,,Celeb-Youtube-fake,Celeb-Youtube-fake:1830,3b12cef09f41d8349f5572514a2c6e0d527b9eb82faed5bb263679da2b772fd6
/Users/gokulmallabathula/deep-fake/datasets/raw/Celeb-Youtube-fake/1832.mp4,1,,Celeb-Youtube-fake,Celeb-Youtube-fake:1832,7f0563b84afbc874a4e0bcf4ffbc960c65e047a66840fbc044d9a7a2cee9c83c
/Users/gokulmallabathula/deep-fake/datasets/raw/Celeb-Youtube-fake/1833.mp4,1,,Celeb-Youtube-fake,Celeb-Youtube-fake:1833,f5081693d77e3a99bf0a0722b1f76c11626b0867e12f2959b0b89bd7488688e1
/Users/gokulmallabathula/deep-fake/datasets/raw/Celeb-Youtube-fake/1835.mp4,1,,Celeb-Youtube-fake,Celeb-Youtube-fake:1835,d42ceaa9a3e9459a211406bc6bcdc64655809f37401bcd65f9223cf97fba9e50
/Users/gokulmallabathula/deep-fake/datasets/raw/Celeb-Youtube-fake/1837.mp4,1,,Celeb-Youtube-fake,Celeb-Youtube-fake:1837,e8203910d5e271efd8af2a9b631d29385c3f2b023da3c9f711e0237ce0c4815e
/Users/gokulmallabathula/deep-fake/datasets/raw/Celeb-Youtube-fake/1838.mp4,1,,Celeb-Youtube-fake,Celeb-Youtube-fake:1838,e96ef87130eed6ef3c9dc286e12c9926dbe94febe6d99e90e1b89e03b43b6f06
/Users/gokulmallabathula/deep-fake/datasets/raw/Celeb-Youtube-fake/1840.mp4,1,,Celeb-Youtube-fake,Celeb-Youtube-fake:1840,58c48689c320fc61117c2274158ea9fa9cfaa6ccfea0c01e5093ad496da1a230
/Users/gokulmallabathula/deep-fake/datasets/raw/Celeb-Youtube-fake/1843.mp4,1,,Celeb-Youtube-fake,Celeb-Youtube-fake:1843,283e8f242300c0d86c51f0e9834be5ec26c3198f4839a4ab045bda8a92117803
/Users/gokulmallabathula/deep-fake/datasets/raw/Celeb-Youtube-fake/1845.mp4,1,,Celeb-Youtube-fake,Celeb-Youtube-fake:1845,d3ccdc6f52b45379395d0dc402930dac407505ee394b4e74560d76d015b34f0f
/Users/gokulmallabathula/deep-fake/datasets/raw/Celeb-Youtube-fake/185.mp4,1,,Celeb-Youtube-fake,Celeb-Youtube-fake:185,602f9e2d6d1d7b6403b0b9c951b6002f26bd5772cac737a2237745cfb3fd5773
/Users/gokulmallabathula/deep-fake/datasets/raw/Celeb-Youtube-fake/1851.mp4,1,,Celeb-Youtube-fake,Celeb-Youtube-fake:1851,76d9b590b848197c575810aece08e5ebcb3edfbe54da2c4c7780390b4c81628b
/Users/gokulmallabathula/deep-fake/datasets/raw/Celeb-Youtube-fake/1853.mp4,1,,Celeb-Youtube-fake,Celeb-Youtube-fake:1853,b0ef845ad9de2790bf7c351b0a7287a519a5f6377fd7eb8439a7d097d1ab6b08
/Users/gokulmallabathula/deep-fake/datasets/raw/Celeb-Youtube-fake/1855.mp4,1,,Celeb-Youtube-fake,Celeb-Youtube-fake:1855,04649bc4397796622341620c94a2da03f39de5b5ed672a2f61b73c9ef7b6a5ca
/Users/gokulmallabathula/deep-fake/datasets/raw/Celeb-Youtube-fake/1856.mp4,1,,Celeb-Youtube-fake,Celeb-Youtube-fake:1856,7bd587a1ff359fe2b913d46d67183b45b00d394d3b54099fd76fe6a3f7ff8844
/Users/gokulmallabathula/deep-fake/datasets/raw/Celeb-Youtube-fake/1857.mp4,1,,Celeb-Youtube-fake,Celeb-Youtube-fake:1857,b9c0df4da94055056b014b6a6c1abc83f0d607ddb9ba7b922aa0e0fc96c24fe5
/Users/gokulmallabathula/deep-fake/datasets/raw/Celeb-Youtube-fake/1859.mp4,1,,Celeb-Youtube-fake,Celeb-Youtube-fake:1859,862f191672a184ecf6149727b01406cdb9eb0b1814baa6b161b461e475e0b1d6
/Users/gokulmallabathula/deep-fake/datasets/raw/Celeb-Youtube-fake/186.mp4,1,,Celeb-Youtube-fake,Celeb-Youtube-fake:186,863d3a1e0e4886eb7687645663fc88d05a4a24a3ffe8288bc6da3b3716217103
/Users/gokulmallabathula/deep-fake/datasets/raw/Celeb-Youtube-fake/1860.mp4,1,,Celeb-Youtube-fake,Celeb-Youtube-fake:1860,862cd62aa35f4fc7299f18308793838a6cd54b7a6f99cd1c2d5dee94b94a54c8
/Users/gokulmallabathula/deep-fake/datasets/raw/Celeb-Youtube-fake/1861.mp4,1,,Celeb-Youtube-fake,Celeb-Youtube-fake:1861,f8ec186ba93368588eec131ee11e7cec736cb817a7db92b1abec21052fe45d65
/Users/gokulmallabathula/deep-fake/datasets/raw/Celeb-Youtube-fake/1862.mp4,1,,Celeb-Youtube-fake,Celeb-Youtube-fake:1862,e62e264a56e1e31bf03a4d762c9384de9e8dee4aeefbd99dd63f55c24e73185f
/Users/gokulmallabathula/deep-fake/datasets/raw/Celeb-Youtube-fake/1863.mp4,1,,Celeb-Youtube-fake,Celeb-Youtube-fake:1863,0996a283cffbcafeda44b60d8fe90066774309da5315a2215dec000dbfe6a3d6
/Users/gokulmallabathula/deep-fake/datasets/raw/Celeb-Youtube-fake/1865.mp4,1,,Celeb-Youtube-fake,Celeb-Youtube-fake:1865,eb12320374bcea37d2c7e590ab1424b0a54d1a2e2f39207f518dc9249e159ea9
/Users/gokulmallabathula/deep-fake/datasets/raw/Celeb-Youtube-fake/1866.mp4,1,,Celeb-Youtube-fake,Celeb-Youtube-fake:1866,0da4f2189e15a017752b3fbfad7056b82d09ad1b3b9430428396465615654948
/Users/gokulmallabathula/deep-fake/datasets/raw/Celeb-Youtube-fake/1867.mp4,1,,Celeb-Youtube-fake,Celeb-Youtube-fake:1867,a45e088b378d71cff511ea48293c6dad2095be75775d7c0c34d9bac9db4b0983
/Users/gokulmallabathula/deep-fake/datasets/raw/Celeb-Youtube-fake/1868.mp4,1,,Celeb-Youtube-fake,Celeb-Youtube-fake:1868,4623fe81e55b8d6726210f490e5f073f6e54adc2b6a3c0e3645ec65399c8ac35
/Users/gokulmallabathula/deep-fake/datasets/raw/Celeb-Youtube-fake/187.mp4,1,,Celeb-Youtube-fake,Celeb-Youtube-fake:187,00b98ce7246580ee0c96f331cc0460366dbd8954d5572a6ab4a5787c404d05e7
/Users/gokulmallabathula/deep-fake/datasets/raw/Celeb-Youtube-fake/1870.mp4,1,,Celeb-Youtube-fake,Celeb-Youtube-fake:1870,ba998639047acd539448af90566b8a4e1fc3845a382afa8c875148b77e8c25d9
/Users/gokulmallabathula/deep-fake/datasets/raw/Celeb-Youtube-fake/1872.mp4,1,,Celeb-Youtube-fake,Celeb-Youtube-fake:1872,4cafa441ab6cdf703dc7e5bb6e28fa994467e0ebb8efdb0881b20fc25fc9112b
/Users/gokulmallabathula/deep-fake/datasets/raw/Celeb-Youtube-fake/1873.mp4,1,,Celeb-Youtube-fake,Celeb-Youtube-fake:1873,20b7f7333d534b1f0c8dc1cd57318ace05d87a61234ea3a6bfc1bb2d92fdf163
/Users/gokulmallabathula/deep-fake/datasets/raw/Celeb-Youtube-fake/1874.mp4,1,,Celeb-Youtube-fake,Celeb-Youtube-fake:1874,6a96ab8213e3c3dbf249d1ad905c62db2a05a04c58cabb6cf1d1bde10f128f1e
/Users/gokulmallabathula/deep-fake/datasets/raw/Celeb-Youtube-fake/1875.mp4,1,,Celeb-Youtube-fake,Celeb-Youtube-fake:1875,b3610d58061c4f0bdda3b9ccacae038ca1a9f7212b91dd9f73422385c6ae60d0
/Users/gokulmallabathula/deep-fake/datasets/raw/Celeb-Youtube-fake/1876.mp4,1,,Celeb-Youtube-fake,Celeb-Youtube-fake:1876,c2a7ae35a677c49970efe1647c5344a92dbe06f3ff019e5a118089f05b16f031
/Users/gokulmallabathula/deep-fake/datasets/raw/Celeb-Youtube-fake/1877.mp4,1,,Celeb-Youtube-fake,Celeb-Youtube-fake:1877,900653b30d4efd93b181bc026b51395291b688b7c9d7e489b382c1dce352b067
/Users/gokulmallabathula/deep-fake/datasets/raw/Celeb-Youtube-fake/1878.mp4,1,,Celeb-Youtube-fake,Celeb-Youtube-fake:1878,cc29fc44517822b73aa34cffd30dbef30764eaa38178663adc1bffc40ba77e66
/Users/gokulmallabathula/deep-fake/datasets/raw/Celeb-Youtube-fake/1879.mp4,1,,Celeb-Youtube-fake,Celeb-Youtube-fake:1879,5f167ea5664c42fb550a62bae5e7f7c1b463d6a8faa4f1de9fcfe6870cfcc46c
/Users/gokulmallabathula/deep-fake/datasets/raw/Celeb-Youtube-fake/1880.mp4,1,,Celeb-Youtube-fake,Celeb-Youtube-fake:1880,fbce94292cc4efcce6b2ab9caef335688d9a7f1c63d7bc2cbc4b53da3b091a62
/Users/gokulmallabathula/deep-fake/datasets/raw/Celeb-Youtube-fake/1881.mp4,1,,Celeb-Youtube-fake,Celeb-Youtube-fake:1881,bb362ad4c05cddbcf440c3711f6a80edbb602b2a24de77f0c0e82ac294322c22
/Users/gokulmallabathula/deep-fake/datasets/raw/Celeb-Youtube-fake/1883.mp4,1,,Celeb-Youtube-fake,Celeb-Youtube-fake:1883,786fe22898f0abacc2d0f56c0d09e7e2b60b9e141add2fac0d2d1dcb87bddf13
/Users/gokulmallabathula/deep-fake/datasets/raw/Celeb-Youtube-fake/1884.mp4,1,,Celeb-Youtube-fake,Celeb-Youtube-fake:1884,32b1460a2717948a603d9c04f6259ebaa49dd85475578200d244448d804d28a0
/Users/gokulmallabathula/deep-fake/datasets/raw/Celeb-Youtube-fake/1885.mp4,1,,Celeb-Youtube-fake,Celeb-Youtube-fake:1885,31d0fe27b423ffd1ed79b2dd884255741715e2c536d61553dfa58a1953a7a34d
/Users/gokulmallabathula/deep-fake/datasets/raw/Celeb-Youtube-fake/1886.mp4,1,,Celeb-Youtube-fake,Celeb-Youtube-fake:1886,a5d3a64629c41d6c4f8500567bd9654bfed7a49a3f9651ea29f4dad482010103
/Users/gokulmallabathula/deep-fake/datasets/raw/Celeb-Youtube-fake/1887.mp4,1,,Celeb-Youtube-fake,Celeb-Youtube-fake:1887,3eb85455f26efe73c6d017f8be85b5f67153de9fc0320ae6bb7e373415b5c410
/Users/gokulmallabathula/deep-fake/datasets/raw/Celeb-Youtube-fake/1889.mp4,1,,Celeb-Youtube-fake,Celeb-Youtube-fake:1889,f61ebe81b07b23e892092dafd12d569949c64409500acb71d39db14096a26b1f
/Users/gokulmallabathula/deep-fake/datasets/raw/Celeb-Youtube-fake/189.mp4,1,,Celeb-Youtube-fake,Celeb-Youtube-fake:189,3e02f6d34155f99437afa06f98e50b94b62b4acba1fb46a8488b0b5e337bc795
/Users/gokulmallabathula/deep-fake/datasets/raw/Celeb-Youtube-fake/1891.mp4,1,,Celeb-Youtube-fake,Celeb-Youtube-fake:1891,11b9492cdbf7fd07e0a60918965b0819ff33c1abddd6e51822f4159035bae165
/Users/gokulmallabathula/deep-fake/datasets/raw/Celeb-Youtube-fake/1892.mp4,1,,Celeb-Youtube-fake,Celeb-Youtube-fake:1892,846d7dd3f5a552df196237ec4307f3b8a1da92fcd57b0c2b62524b6ed1362ba6
/Users/gokulmallabathula/deep-fake/datasets/raw/Celeb-Youtube-fake/1894.mp4,1,,Celeb-Youtube-fake,Celeb-Youtube-fake:1894,1c17d36c10c20bef6c76ccc9575ce6ea45f6f721dd1f512aaa863387935abe58
/Users/gokulmallabathula/deep-fake/datasets/raw/Celeb-Youtube-fake/1896.mp4,1,,Celeb-Youtube-fake,Celeb-Youtube-fake:1896,1fceea885f859c95cdb7a4a5308315bd48ccf6e3caeafd67df9fb54cfe140257
/Users/gokulmallabathula/deep-fake/datasets/raw/Celeb-Youtube-fake/1897.mp4,1,,Celeb-Youtube-fake,Celeb-Youtube-fake:1897,af7215cb00da1d874d1950bfe8aaed784b321d143c6bd969669454ad307faf1b
/Users/gokulmallabathula/deep-fake/datasets/raw/Celeb-Youtube-fake/1898.mp4,1,,Celeb-Youtube-fake,Celeb-Youtube-fake:1898,31eb989a532dafcdc6d3aa900e7f4b1f516595a1266f609c1736ee0448322cd9
/Users/gokulmallabathula/deep-fake/datasets/raw/Celeb-Youtube-fake/19.mp4,1,,Celeb-Youtube-fake,Celeb-Youtube-fake:19,f8b7b96a4944654d3475f9c19a3c66bf82d0f315fd4e01b83b903cbd8b9d163e
/Users/gokulmallabathula/deep-fake/datasets/raw/Celeb-Youtube-fake/190.mp4,1,,Celeb-Youtube-fake,Celeb-Youtube-fake:190,fac3522d4a91582ec159afc95e68b5f3d224fc63442d6e8ba424c756499f72db
/Users/gokulmallabathula/deep-fake/datasets/raw/Celeb-Youtube-fake/1900.mp4,1,,Celeb-Youtube-fake,Celeb-Youtube-fake:1900,0b35439ead8da61083a875ff4a9bc2ff0e2665d7145d52e257665d62d4d9ea3c
/Users/gokulmallabathula/deep-fake/datasets/raw/Celeb-Youtube-fake/1901.mp4,1,,Celeb-Youtube-fake,Celeb-Youtube-fake:1901,8d8cec4c05364624a689d7bbcf8d26c2bb1e94d3106e47e4b85e89b62c405031
/Users/gokulmallabathula/deep-fake/datasets/raw/Celeb-Youtube-fake/1902.mp4,1,,Celeb-Youtube-fake,Celeb-Youtube-fake:1902,006ca64241fc3a4511f4bcb874ff81ccafac256ba5536b95d4a2833706f8a3db
/Users/gokulmallabathula/deep-fake/datasets/raw/Celeb-Youtube-fake/1903.mp4,1,,Celeb-Youtube-fake,Celeb-Youtube-fake:1903,e9ab7ea122faf182b06a3ad141ab5da4c4687f934a35a3dce924aeb86305a78b
/Users/gokulmallabathula/deep-fake/datasets/raw/Celeb-Youtube-fake/1904.mp4,1,,Celeb-Youtube-fake,Celeb-Youtube-fake:1904,74f92c907345e3f3d56ff83189eb261887cf9b36a010fd991c6cd03c02b3c9b0
/Users/gokulmallabathula/deep-fake/datasets/raw/Celeb-Youtube-fake/1905.mp4,1,,Celeb-Youtube-fake,Celeb-Youtube-fake:1905,96aa1180aa5e347aba1da865bd671758ef7e38d776ac98f00b8a0017d401f384
/Users/gokulmallabathula/deep-fake/datasets/raw/Celeb-Youtube-fake/1906.mp4,1,,Celeb-Youtube-fake,Celeb-Youtube-fake:1906,2df878bc5bd9966e02f0766207702f3883bab1d92c598947f826564b20eb43cb
/Users/gokulmallabathula/deep-fake/datasets/raw/Celeb-Youtube-fake/1907.mp4,1,,Celeb-Youtube-fake,Celeb-Youtube-fake:1907,977ff8c6ae5f19128d0e4ad1a50936d5d7463a8eac6e77454689b7ed75e9b796
/Users/gokulmallabathula/deep-fake/datasets/raw/Celeb-Youtube-fake/1908.mp4,1,,Celeb-Youtube-fake,Celeb-Youtube-fake:1908,5cccb9dfec7d7b55a58003007aef1e0019cfef774a1c77eac5e8e775fbb7ad07
/Users/gokulmallabathula/deep-fake/datasets/raw/Celeb-Youtube-fake/191.mp4,1,,Celeb-Youtube-fake,Celeb-Youtube-fake:191,01bf4ed4ba146b7eae7d19004b4982a84bd90e3129a5e8ac39e6b8164b51f56a
/Users/gokulmallabathula/deep-fake/datasets/raw/Celeb-Youtube-fake/1911.mp4,1,,Celeb-Youtube-fake,Celeb-Youtube-fake:1911,d143476d3dea0e8778d0e299064fce86fcdc97e9a342c36fa61ba4c9c62ec0e4
/Users/gokulmallabathula/deep-fake/datasets/raw/Celeb-Youtube-fake/1912.mp4,1,,Celeb-Youtube-fake,Celeb-Youtube-fake:1912,7cc0cb07352e1cca3a8a6a7161abc637cac59a713d48988db949600b1bfb6a44
/Users/gokulmallabathula/deep-fake/datasets/raw/Celeb-Youtube-fake/1913.mp4,1,,Celeb-Youtube-fake,Celeb-Youtube-fake:1913,7e7afc290aa16f2711aed19d72ec1d9d7e64e918dbacb4890f01926b4578342b
/Users/gokulmallabathula/deep-fake/datasets/raw/Celeb-Youtube-fake/1915.mp4,1,,Celeb-Youtube-fake,Celeb-Youtube-fake:1915,3963f1859effc983fbd143a8ec69a9a6e247c6f384b8bb20bff8757a16315bff
/Users/gokulmallabathula/deep-fake/datasets/raw/Celeb-Youtube-fake/1917.mp4,1,,Celeb-Youtube-fake,Celeb-Youtube-fake:1917,c3d66d179490cbff98780e5e738c2069d787ab039c86586f4aaf837a19382d3c
/Users/gokulmallabathula/deep-fake/datasets/raw/Celeb-Youtube-fake/1919.mp4,1,,Celeb-Youtube-fake,Celeb-Youtube-fake:1919,0a103feadb9a16e2bf1395c8613b6df4aa2d6ce955a76818aa4cdcb1fabe8224
/Users/gokulmallabathula/deep-fake/datasets/raw/Celeb-Youtube-fake/192.mp4,1,,Celeb-Youtube-fake,Celeb-Youtube-fake:192,bcec9859a0f63260e9a05be67e41e27337d37ab79e622b65139e3595991d9dde
/Users/gokulmallabathula/deep-fake/datasets/raw/Celeb-Youtube-fake/1920.mp4,1,,Celeb-Youtube-fake,Celeb-Youtube-fake:1920,e6e1151646e961e6cf03880c085af5ea052af6691856652f5842d47ad6b83511
/Users/gokulmallabathula/deep-fake/datasets/raw/Celeb-Youtube-fake/1921.mp4,1,,Celeb-Youtube-fake,Celeb-Youtube-fake:1921,197ab1539a23847c3f34ad77d763cb1cacb5dc820f8fe4c82e9650621a8102ad
/Users/gokulmallabathula/deep-fake/datasets/raw/Celeb-Youtube-fake/1922.mp4,1,,Celeb-Youtube-fake,Celeb-Youtube-fake:1922,990f127c8a394a8a028bcb6d585f3d48b4efc88354bef018c1ee3be02a2a67c8
/Users/gokulmallabathula/deep-fake/datasets/raw/Celeb-Youtube-fake/1923.mp4,1,,Celeb-Youtube-fake,Celeb-Youtube-fake:1923,bb06084fa04b8b77def55107c3f206839436532086b7b9017734db56c1e46501
/Users/gokulmallabathula/deep-fake/datasets/raw/Celeb-Youtube-fake/1924.mp4,1,,Celeb-Youtube-fake,Celeb-Youtube-fake:1924,2496b3bd1f285e29e878e5787f193172082457431f513d6bfbc030eadcd27656
/Users/gokulmallabathula/deep-fake/datasets/raw/Celeb-Youtube-fake/1927.mp4,1,,Celeb-Youtube-fake,Celeb-Youtube-fake:1927,cc7c3bf7eb33f59d2c8f6a844884100c4eb59af8cff077c257bea115c4125292
/Users/gokulmallabathula/deep-fake/datasets/raw/Celeb-Youtube-fake/193.mp4,1,,Celeb-Youtube-fake,Celeb-Youtube-fake:193,8a34967decb2db04deb7757313d81f4a3590b590b2448cd967124fd6ddc6fe7c
/Users/gokulmallabathula/deep-fake/datasets/raw/Celeb-Youtube-fake/1931.mp4,1,,Celeb-Youtube-fake,Celeb-Youtube-fake:1931,13da76d47bdf5fb254638b92fb283d0d5606ae8423d1600d3e1df5af6e80bded
/Users/gokulmallabathula/deep-fake/datasets/raw/Celeb-Youtube-fake/1933.mp4,1,,Celeb-Youtube-fake,Celeb-Youtube-fake:1933,86401129d989112a6cfc6cf7729c4120d8c6707ed04ba893e6c5ae1a7e042f81
/Users/gokulmallabathula/deep-fake/datasets/raw/Celeb-Youtube-fake/1934.mp4,1,,Celeb-Youtube-fake,Celeb-Youtube-fake:1934,b281ca420a7346213bf0d11ebbc59f557bc20a1ba0b7f69d3d814beea5446040
/Users/gokulmallabathula/deep-fake/datasets/raw/Celeb-Youtube-fake/1935.mp4,1,,Celeb-Youtube-fake,Celeb-Youtube-fake:1935,a44d2584745ceb7606c5688d3bfe7a71744ca203e7573bc446d8fefa33388d16
/Users/gokulmallabathula/deep-fake/datasets/raw/Celeb-Youtube-fake/1937.mp4,1,,Celeb-Youtube-fake,Celeb-Youtube-fake:1937,3230a3ba18cee5740618016deb7f7814b14775da4540e5725649757205c0e73c
/Users/gokulmallabathula/deep-fake/datasets/raw/Celeb-Youtube-fake/1940.mp4,1,,Celeb-Youtube-fake,Celeb-Youtube-fake:1940,1d72dc2ffb3066941d3c2452ba9d8a370d0551a14ef7117068161368e41fd5ef
/Users/gokulmallabathula/deep-fake/datasets/raw/Celeb-Youtube-fake/1942.mp4,1,,Celeb-Youtube-fake,Celeb-Youtube-fake:1942,5c7d2c6b4cebcbddeb692ffce6b4bc39daf5e10272872c8cca888cc73944eaff
/Users/gokulmallabathula/deep-fake/datasets/raw/Celeb-Youtube-fake/1943.mp4,1,,Celeb-Youtube-fake,Celeb-Youtube-fake:1943,a09cf506512589fb24c0197b82ddca82a0d665ac937abdc196fe97518059dc12
/Users/gokulmallabathula/deep-fake/datasets/raw/Celeb-Youtube-fake/1945.mp4,1,,Celeb-Youtube-fake,Celeb-Youtube-fake:1945,cd807c42f798cd3e2c8a83561793c64985c6dacef38a05df6f2f875ae14ac432
/Users/gokulmallabathula/deep-fake/datasets/raw/Celeb-Youtube-fake/1946.mp4,1,,Celeb-Youtube-fake,Celeb-Youtube-fake:1946,d11bc8b1f9acf85b311f3c6e978e235edba4859f7619c8cb411d170482ed546e
/Users/gokulmallabathula/deep-fake/datasets/raw/Celeb-Youtube-fake/1947.mp4,1,,Celeb-Youtube-fake,Celeb-Youtube-fake:1947,16b00f2f6d19e4cbf0088aada615fb69dbed892f03afe59a07048930cec4e412
/Users/gokulmallabathula/deep-fake/datasets/raw/Celeb-Youtube-fake/1948.mp4,1,,Celeb-Youtube-fake,Celeb-Youtube-fake:1948,92b78d29f8ee386de36c3725d51f9dab220eda0c3b4bf586a857af4c7923b40e
/Users/gokulmallabathula/deep-fake/datasets/raw/Celeb-Youtube-fake/1949.mp4,1,,Celeb-Youtube-fake,Celeb-Youtube-fake:1949,761fc9a4e2548de666d79649424bdda3ad962f1a87255fc94c24f941a0470f59
/Users/gokulmallabathula/deep-fake/datasets/raw/Celeb-Youtube-fake/195.mp4,1,,Celeb-Youtube-fake,Celeb-Youtube-fake:195,194c1f70a0d0a5e4f3906497e2421c43ab61025a65bfae86a9972fb4f9ec0633
/Users/gokulmallabathula/deep-fake/datasets/raw/Celeb-Youtube-fake/1950.mp4,1,,Celeb-Youtube-fake,Celeb-Youtube-fake:1950,5302978c29cc551d72ca4f2304b8194430a56cc71de263858bb4b40a4de0e6cf
/Users/gokulmallabathula/deep-fake/datasets/raw/Celeb-Youtube-fake/1951.mp4,1,,Celeb-Youtube-fake,Celeb-Youtube-fake:1951,2b34e8bd227beba7258086bb0ef09d9faabb39c2b6ae28301771d7b5ad221c0f
/Users/gokulmallabathula/deep-fake/datasets/raw/Celeb-Youtube-fake/1952.mp4,1,,Celeb-Youtube-fake,Celeb-Youtube-fake:1952,12daa6525a1d3cd802acf72fd33d29072bc9c0d5b971332ef3aa73d94ec8edf1
/Users/gokulmallabathula/deep-fake/datasets/raw/Celeb-Youtube-fake/1953.mp4,1,,Celeb-Youtube-fake,Celeb-Youtube-fake:1953,cc852288b7f7e742b9ba9a7609c531aba9ff2a75b84e2ee5480d8e607e316bf5
/Users/gokulmallabathula/deep-fake/datasets/raw/Celeb-Youtube-fake/1954.mp4,1,,Celeb-Youtube-fake,Celeb-Youtube-fake:1954,281db61627ef93c6288c7fdbd4be8b03a88fa99a14a91fb2655d3d9709fbfb53
/Users/gokulmallabathula/deep-fake/datasets/raw/Celeb-Youtube-fake/1955.mp4,1,,Celeb-Youtube-fake,Celeb-Youtube-fake:1955,92fd52dba5150e48d4d93e8495f5896666af13d606770abe4699393dbf0bf93d
/Users/gokulmallabathula/deep-fake/datasets/raw/Celeb-Youtube-fake/1957.mp4,1,,Celeb-Youtube-fake,Celeb-Youtube-fake:1957,8de0e496fedabcc3ad3f323e18ff78c712717192419517a1fa326028fe94f07a
/Users/gokulmallabathula/deep-fake/datasets/raw/Celeb-Youtube-fake/1958.mp4,1,,Celeb-Youtube-fake,Celeb-Youtube-fake:1958,38a7bf342df923a8cd13018d83dfeafdb19783ea007b7da735007a1ee76fea37
/Users/gokulmallabathula/deep-fake/datasets/raw/Celeb-Youtube-fake/1959.mp4,1,,Celeb-Youtube-fake,Celeb-Youtube-fake:1959,8ad973a96ac10c9cbd26e42f9d4cd914d6498ac9b9f1f5d173dbc2beabfa2ba7
/Users/gokulmallabathula/deep-fake/datasets/raw/Celeb-Youtube-fake/196.mp4,1,,Celeb-Youtube-fake,Celeb-Youtube-fake:196,dd4f78fedbad228a0ed8f90b3c0bfa1ecfd024b7bda057a4c5387805b70387d3
/Users/gokulmallabathula/deep-fake/datasets/raw/Celeb-Youtube-fake/1960.mp4,1,,Celeb-Youtube-fake,Celeb-Youtube-fake:1960,a92707002ece4ac64d7ebdf0890761d070df50feb0db20ac1d6bb2a70527858a
/Users/gokulmallabathula/deep-fake/datasets/raw/Celeb-Youtube-fake/1961.mp4,1,,Celeb-Youtube-fake,Celeb-Youtube-fake:1961,103c62b41016f32b6e9d4f95f276ca5de94d1453183f69f18661423be11caa3c
/Users/gokulmallabathula/deep-fake/datasets/raw/Celeb-Youtube-fake/1965.mp4,1,,Celeb-Youtube-fake,Celeb-Youtube-fake:1965,f4cac769df20ae73fbeb199c5ec7cf3e204e5cdce80a34521e2caf736e08a479
/Users/gokulmallabathula/deep-fake/datasets/raw/Celeb-Youtube-fake/1966.mp4,1,,Celeb-Youtube-fake,Celeb-Youtube-fake:1966,fb27fa81d25ee91fd67e8c48be966b98720d40e8f3e8f6fd7d2b1d81ad9da1b1
/Users/gokulmallabathula/deep-fake/datasets/raw/Celeb-Youtube-fake/1968.mp4,1,,Celeb-Youtube-fake,Celeb-Youtube-fake:1968,3945a347140094358d87749354d71c798ecb25f52cc0e5ab83650a1e402a0b6c
/Users/gokulmallabathula/deep-fake/datasets/raw/Celeb-Youtube-fake/1969.mp4,1,,Celeb-Youtube-fake,Celeb-Youtube-fake:1969,890958c1e3fb3734a2b63b8892638ba5c562841289c857525059122d62ba33c0
/Users/gokulmallabathula/deep-fake/datasets/raw/Celeb-Youtube-fake/1970.mp4,1,,Celeb-Youtube-fake,Celeb-Youtube-fake:1970,5b0fb1c87a2315f5272955720cef65954b1388bbc63ccc3c94822271b02c5d4a
/Users/gokulmallabathula/deep-fake/datasets/raw/Celeb-Youtube-fake/1971.mp4,1,,Celeb-Youtube-fake,Celeb-Youtube-fake:1971,724491396e97a380bd1e1ffae484fa44c34dbb293fe14e8476de765196f3d087
/Users/gokulmallabathula/deep-fake/datasets/raw/Celeb-Youtube-fake/1974.mp4,1,,Celeb-Youtube-fake,Celeb-Youtube-fake:1974,5b4cd4bb954f574f07649e2c363d9d19da552ee7800b7374670be2ca506a1fe7
/Users/gokulmallabathula/deep-fake/datasets/raw/Celeb-Youtube-fake/1976.mp4,1,,Celeb-Youtube-fake,Celeb-Youtube-fake:1976,2e73ea2c1a7c232fbc053e0adeffe82353553847ad5164e8c3c2fe6f8a6b1495
/Users/gokulmallabathula/deep-fake/datasets/raw/Celeb-Youtube-fake/1977.mp4,1,,Celeb-Youtube-fake,Celeb-Youtube-fake:1977,9feb0cc05781fe81f4e755c3ba74c88bada750ce3c07a5b54a8fb8f28da1762c
/Users/gokulmallabathula/deep-fake/datasets/raw/Celeb-Youtube-fake/1978.mp4,1,,Celeb-Youtube-fake,Celeb-Youtube-fake:1978,46610fcee4828a3fc9612ec6263fc6eeb5ab40e40d525d0333c4ff5187ea43b3
/Users/gokulmallabathula/deep-fake/datasets/raw/Celeb-Youtube-fake/1979.mp4,1,,Celeb-Youtube-fake,Celeb-Youtube-fake:1979,b824dc0785460ebcd97956faddcb31b1262ccfcca9118d39e73d9bb2fa1f72e5
/Users/gokulmallabathula/deep-fake/datasets/raw/Celeb-Youtube-fake/198.mp4,1,,Celeb-Youtube-fake,Celeb-Youtube-fake:198,cd91d8c0f0acdba9d0fabebdba1b2e71d3805904aeef68d57bb901eb945239cb
/Users/gokulmallabathula/deep-fake/datasets/raw/Celeb-Youtube-fake/1980.mp4,1,,Celeb-Youtube-fake,Celeb-Youtube-fake:1980,ee8b412d88a8ea3777e3eea0f4a05e8b6b170bc0938a736e1861abf85d5b9983
/Users/gokulmallabathula/deep-fake/datasets/raw/Celeb-Youtube-fake/1982.mp4,1,,Celeb-Youtube-fake,Celeb-Youtube-fake:1982,d8bca4e40b927687d24d1523600f8851fbb9d2e4538f3626024a64ce71621898
/Users/gokulmallabathula/deep-fake/datasets/raw/Celeb-Youtube-fake/1983.mp4,1,,Celeb-Youtube-fake,Celeb-Youtube-fake:1983,9e73aefd9dff7f90f786fff52f7464b861b4ff4d43220db138e2551c246c962e
/Users/gokulmallabathula/deep-fake/datasets/raw/Celeb-Youtube-fake/1985.mp4,1,,Celeb-Youtube-fake,Celeb-Youtube-fake:1985,af888edc967340642102beb38d61f36b69c59e8247de19508cebdf7bad066366
/Users/gokulmallabathula/deep-fake/datasets/raw/Celeb-Youtube-fake/1986.mp4,1,,Celeb-Youtube-fake,Celeb-Youtube-fake:1986,10e782143a964fda6bd991d2a3043910c42fa0c598a75b52cb61ff8adb531dd4
/Users/gokulmallabathula/deep-fake/datasets/raw/Celeb-Youtube-fake/1987.mp4,1,,Celeb-Youtube-fake,Celeb-Youtube-fake:1987,d546f383b7d9aac2375d449ad031bbe025d73f35d045373998962948112466ac
/Users/gokulmallabathula/deep-fake/datasets/raw/Celeb-Youtube-fake/1988.mp4,1,,Celeb-Youtube-fake,Celeb-Youtube-fake:1988,36309628f0fad4742379ae9e45b2a6515c6ab03860bdf465ef057ff1e48041ad
/Users/gokulmallabathula/deep-fake/datasets/raw/Celeb-Youtube-fake/199.mp4,1,,Celeb-Youtube-fake,Celeb-Youtube-fake:199,1ad4ed9c550ea879afcc866f4b91b981f0843e2b3cb06731c21e87c805ed2a57
/Users/gokulmallabathula/deep-fake/datasets/raw/Celeb-Youtube-fake/1990.mp4,1,,Celeb-Youtube-fake,Celeb-Youtube-fake:1990,98127647b5c0ac3f55bf27f2ed7f89a6f4b57ed4713a400864227a7ea99c3107
/Users/gokulmallabathula/deep-fake/datasets/raw/Celeb-Youtube-fake/1991.mp4,1,,Celeb-Youtube-fake,Celeb-Youtube-fake:1991,2f3877df7a06e53a74eab82779c3c9975a50547ad282ff26186926063cb5b0bf
/Users/gokulmallabathula/deep-fake/datasets/raw/Celeb-Youtube-fake/1992.mp4,1,,Celeb-Youtube-fake,Celeb-Youtube-fake:1992,f807da9644d9675c79fe9c140e2b6aeb12dae9c2628f954d8a2d511a4e069232
/Users/gokulmallabathula/deep-fake/datasets/raw/Celeb-Youtube-fake/1993.mp4,1,,Celeb-Youtube-fake,Celeb-Youtube-fake:1993,36297bd9844831982ae08047bf0b64e2676be296222fb1ea810f957520f5bfde
/Users/gokulmallabathula/deep-fake/datasets/raw/Celeb-Youtube-fake/1994.mp4,1,,Celeb-Youtube-fake,Celeb-Youtube-fake:1994,3c61bbdff573833c1696448f4663960f0c09fba84c6a622c6f8c2b1a622c7165
/Users/gokulmallabathula/deep-fake/datasets/raw/Celeb-Youtube-fake/1995.mp4,1,,Celeb-Youtube-fake,Celeb-Youtube-fake:1995,e10482b08bf3a1d22ff16eefd668c89fdbe672ef2769e87402f612d85cbd69ee
/Users/gokulmallabathula/deep-fake/datasets/raw/Celeb-Youtube-fake/1996.mp4,1,,Celeb-Youtube-fake,Celeb-Youtube-fake:1996,60833c7b67c0a4e1565d7038832ae12d2862fa537a2f28cd1d0ca4b4a075aad5
/Users/gokulmallabathula/deep-fake/datasets/raw/Celeb-Youtube-fake/1997.mp4,1,,Celeb-Youtube-fake,Celeb-Youtube-fake:1997,0099b30a8441ada6137e739b033a6d292d728044fbb5cb55c20eff703dc48537
/Users/gokulmallabathula/deep-fake/datasets/raw/Celeb-Youtube-fake/1998.mp4,1,,Celeb-Youtube-fake,Celeb-Youtube-fake:1998,cd986a601098aa1be814039c688f42f4503f348d78d62dd4abf1e38fe53fab4e
/Users/gokulmallabathula/deep-fake/datasets/raw/Celeb-Youtube-fake/2.mp4,1,,Celeb-Youtube-fake,Celeb-Youtube-fake:2,fc2be6a8fdf5230211d45cb79458bca994bd667919e698337cf47301fa9b293f
/Users/gokulmallabathula/deep-fake/datasets/raw/Celeb-Youtube-fake/20.mp4,1,,Celeb-Youtube-fake,Celeb-Youtube-fake:20,6efbc8732a3c49c3cdf292721b57cba94b25d9ca2766d272724e5b72f3849f81
/Users/gokulmallabathula/deep-fake/datasets/raw/Celeb-Youtube-fake/2000.mp4,1,,Celeb-Youtube-fake,Celeb-Youtube-fake:2000,e3bf29834078283436b6c0203fab886882a2dd2789d747c7cc9188eaed3dc659
/Users/gokulmallabathula/deep-fake/datasets/raw/Celeb-Youtube-fake/2001.mp4,1,,Celeb-Youtube-fake,Celeb-Youtube-fake:2001,7bd0decec2bb34d07b44c91bdd75d679dc6588ee94fec338b84fb95bc6278bf3
/Users/gokulmallabathula/deep-fake/datasets/raw/Celeb-Youtube-fake/2002.mp4,1,,Celeb-Youtube-fake,Celeb-Youtube-fake:2002,7dbcddf5b6a1a45b06ce8a0fbe1115e96e28916e7b873f1796f46020bccf2cbe
/Users/gokulmallabathula/deep-fake/datasets/raw/Celeb-Youtube-fake/2006.mp4,1,,Celeb-Youtube-fake,Celeb-Youtube-fake:2006,ea74682b3f8d646e8ecfc875bfbf0640d9977d481818290e4a75fd8a71399cd1
/Users/gokulmallabathula/deep-fake/datasets/raw/Celeb-Youtube-fake/2007.mp4,1,,Celeb-Youtube-fake,Celeb-Youtube-fake:2007,f252f694950ec5cdd0ec6d383089bfe706c420c56d361810ce19c1bcb3c20216
/Users/gokulmallabathula/deep-fake/datasets/raw/Celeb-Youtube-fake/2008.mp4,1,,Celeb-Youtube-fake,Celeb-Youtube-fake:2008,9cb6ef811c434ead3c832dc258214a36d0d3da246988be77326f85c316db976c
/Users/gokulmallabathula/deep-fake/datasets/raw/Celeb-Youtube-fake/2009.mp4,1,,Celeb-Youtube-fake,Celeb-Youtube-fake:2009,3c284311175fa6c1afde7190016dc8d4af6cc9fe53ee4e850c48cbfbda8213fd
/Users/gokulmallabathula/deep-fake/datasets/raw/Celeb-Youtube-fake/2010.mp4,1,,Celeb-Youtube-fake,Celeb-Youtube-fake:2010,b70efe0185e9f7dccd5674582d411a6cd21853818704ec38828147b1a4396517
/Users/gokulmallabathula/deep-fake/datasets/raw/Celeb-Youtube-fake/2011.mp4,1,,Celeb-Youtube-fake,Celeb-Youtube-fake:2011,43d8b9641f882f6bb343fab61a80fc8205ab635bd242987582b6c718df1f5d45
/Users/gokulmallabathula/deep-fake/datasets/raw/Celeb-Youtube-fake/2012.mp4,1,,Celeb-Youtube-fake,Celeb-Youtube-fake:2012,40d285f607fb2862baddb3013d782904de8b174354ed5de83e5b29d1f2b8a9ed
/Users/gokulmallabathula/deep-fake/datasets/raw/Celeb-Youtube-fake/2013.mp4,1,,Celeb-Youtube-fake,Celeb-Youtube-fake:2013,e36838e78a69c3c6996e9476c3ca7e43030573b36c1a5ec8170a35150025e2c6
/Users/gokulmallabathula/deep-fake/datasets/raw/Celeb-Youtube-fake/2014.mp4,1,,Celeb-Youtube-fake,Celeb-Youtube-fake:2014,be8925ea2c568d6a62f2ee54d525557d5ed47351cbf92ae4c54aa0a6b33f9254
/Users/gokulmallabathula/deep-fake/datasets/raw/Celeb-Youtube-fake/2015.mp4,1,,Celeb-Youtube-fake,Celeb-Youtube-fake:2015,8eda4da5d52c2d39d8f1757faa6f66668ef689e7e90b58ece9aab609c12a298b
/Users/gokulmallabathula/deep-fake/datasets/raw/Celeb-Youtube-fake/2016.mp4,1,,Celeb-Youtube-fake,Celeb-Youtube-fake:2016,47555d71cea1985456cb93a3e1cd15780305a12ab7d03ff730591f42bbfc4cc2
/Users/gokulmallabathula/deep-fake/datasets/raw/Celeb-Youtube-fake/2018.mp4,1,,Celeb-Youtube-fake,Celeb-Youtube-fake:2018,adf9ea198fa0b8f6aac1f193a4a44591fbd664e2151951d283d56ec67ee189c9
/Users/gokulmallabathula/deep-fake/datasets/raw/Celeb-Youtube-fake/2019.mp4,1,,Celeb-Youtube-fake,Celeb-Youtube-fake:2019,cd577434471322b500719d7db7b075dec6574e4de84abaf2490c1a7e9b1aeca6
/Users/gokulmallabathula/deep-fake/datasets/raw/Celeb-Youtube-fake/202.mp4,1,,Celeb-Youtube-fake,Celeb-Youtube-fake:202,fae1daa433c1c7a8fc0d43b7cee08f68090f9c03811385ddbf461b802bd348b4
/Users/gokulmallabathula/deep-fake/datasets/raw/Celeb-Youtube-fake/2020.mp4,1,,Celeb-Youtube-fake,Celeb-Youtube-fake:2020,04ca7ef2aa1dc854a8f855d360bc9e6660751b51a853298ac8a2d7c4b3ccd4d9
/Users/gokulmallabathula/deep-fake/datasets/raw/Celeb-Youtube-fake/2021.mp4,1,,Celeb-Youtube-fake,Celeb-Youtube-fake:2021,f24e907da85203110f2e1e7ef8c9f80089847ffcb5025ece099326a7a7bd7ff0
/Users/gokulmallabathula/deep-fake/datasets/raw/Celeb-Youtube-fake/2022.mp4,1,,Celeb-Youtube-fake,Celeb-Youtube-fake:2022,ea2dec5084b4e61f90858c912cb780a811124a34a6906671956c393dff8e4f9b
/Users/gokulmallabathula/deep-fake/datasets/raw/Celeb-Youtube-fake/2023.mp4,1,,Celeb-Youtube-fake,Celeb-Youtube-fake:2023,0bd642466ca2044446fdf833462dfd5a370b7da50cc8a827c422f5ac17525b94
/Users/gokulmallabathula/deep-fake/datasets/raw/Celeb-Youtube-fake/2025.mp4,1,,Celeb-Youtube-fake,Celeb-Youtube-fake:2025,72db53557d69916f3213b65c64fe0a5e84629ce9560b0bda82757c32bd54ecb9
/Users/gokulmallabathula/deep-fake/datasets/raw/Celeb-Youtube-fake/2027.mp4,1,,Celeb-Youtube-fake,Celeb-Youtube-fake:2027,b7e563c3ef73ac97b1eea4408896d2dc6eac9c5199303058c4af9cab32c0f9c5
/Users/gokulmallabathula/deep-fake/datasets/raw/Celeb-Youtube-fake/2029.mp4,1,,Celeb-Youtube-fake,Celeb-Youtube-fake:2029,fce20437a292edc3e9fa5b12c6445841b6a3975bb1900e8053c14f526bdb53f8
/Users/gokulmallabathula/deep-fake/datasets/raw/Celeb-Youtube-fake/203.mp4,1,,Celeb-Youtube-fake,Celeb-Youtube-fake:203,157e5793178e49d49bb71da9117521c982efc5f32116b4d2a26adc83c266657d
/Users/gokulmallabathula/deep-fake/datasets/raw/Celeb-Youtube-fake/2031.mp4,1,,Celeb-Youtube-fake,Celeb-Youtube-fake:2031,f0e633aa159e8d2b0e56c801a962173a6a6c3bef393d47d224027ce582da3d05
/Users/gokulmallabathula/deep-fake/datasets/raw/Celeb-Youtube-fake/2032.mp4,1,,Celeb-Youtube-fake,Celeb-Youtube-fake:2032,142d3bb10690ee954c0988e39ded6d02a06609d407bbb92f4f6011c42864462a
/Users/gokulmallabathula/deep-fake/datasets/raw/Celeb-Youtube-fake/2033.mp4,1,,Celeb-Youtube-fake,Celeb-Youtube-fake:2033,bedae4c43605462abfb22a9c65f9e6713d7e5659ebd1c85873629a8c3e1ea127
/Users/gokulmallabathula/deep-fake/datasets/raw/Celeb-Youtube-fake/2034.mp4,1,,Celeb-Youtube-fake,Celeb-Youtube-fake:2034,08ffa4508b11089fa4529844e240a9ab20628e8a1ffae08bf4106348288a1647
/Users/gokulmallabathula/deep-fake/datasets/raw/Celeb-Youtube-fake/2036.mp4,1,,Celeb-Youtube-fake,Celeb-Youtube-fake:2036,8dbc88dadfd2a64114af304d26d4fa6613baeb8092a22d0bb109400b82b94d98
/Users/gokulmallabathula/deep-fake/datasets/raw/Celeb-Youtube-fake/2037.mp4,1,,Celeb-Youtube-fake,Celeb-Youtube-fake:2037,e484143d2e7c064788a8fc8348f7a0d60f5c34e825a85b38d038fdab7f5bf7c1
/Users/gokulmallabathula/deep-fake/datasets/raw/Celeb-Youtube-fake/2038.mp4,1,,Celeb-Youtube-fake,Celeb-Youtube-fake:2038,e015e879cee8f4e7871c22ae20eea18d928fde520526dfd1507792e9d82a66dc
/Users/gokulmallabathula/deep-fake/datasets/raw/Celeb-Youtube-fake/2039.mp4,1,,Celeb-Youtube-fake,Celeb-Youtube-fake:2039,b1a2acb428e46d5fc037c3042f5a08873cdb02b9b5d1fd179b6ad5d3ca917f86
/Users/gokulmallabathula/deep-fake/datasets/raw/Celeb-Youtube-fake/204.mp4,1,,Celeb-Youtube-fake,Celeb-Youtube-fake:204,f8b8d875b484beb14d13a6c225bd26fccf95791d8004008e3470811c57773f21
/Users/gokulmallabathula/deep-fake/datasets/raw/Celeb-Youtube-fake/2040.mp4,1,,Celeb-Youtube-fake,Celeb-Youtube-fake:2040,4bc34cd14f5d1b7ebd22ffcc7ff780fcfb3f6966072062c559fbbebeeb0743e0
/Users/gokulmallabathula/deep-fake/datasets/raw/Celeb-Youtube-fake/2042.mp4,1,,Celeb-Youtube-fake,Celeb-Youtube-fake:2042,1166a11c2d4069d01446e7b686805b02d4bbc5317acd4a6bf942cf64c512ae94
/Users/gokulmallabathula/deep-fake/datasets/raw/Celeb-Youtube-fake/2043.mp4,1,,Celeb-Youtube-fake,Celeb-Youtube-fake:2043,3154a462b7a398c5ce4fcfb5c2763f1c969265a0aa1797ab9283911ab7a86b51
/Users/gokulmallabathula/deep-fake/datasets/raw/Celeb-Youtube-fake/2044.mp4,1,,Celeb-Youtube-fake,Celeb-Youtube-fake:2044,f408df32db94c71c8fa3a2b9ae9771bae2137243f5f950ac2be09edfd60096d5
/Users/gokulmallabathula/deep-fake/datasets/raw/Celeb-Youtube-fake/2045.mp4,1,,Celeb-Youtube-fake,Celeb-Youtube-fake:2045,4cc7246cbbdc83504ef55ca33b712fcce4758633741bb80084411f9475785e38
/Users/gokulmallabathula/deep-fake/datasets/raw/Celeb-Youtube-fake/2047.mp4,1,,Celeb-Youtube-fake,Celeb-Youtube-fake:2047,08d914128113793737139ffe209b01b744acf196f3e7b992567b661a36ed60c4
/Users/gokulmallabathula/deep-fake/datasets/raw/Celeb-Youtube-fake/2048.mp4,1,,Celeb-Youtube-fake,Celeb-Youtube-fake:2048,2fab3448a1dbf44e041b51e740239e8540d7207bf4a5c8ff637674e5ecd7974a
/Users/gokulmallabathula/deep-fake/datasets/raw/Celeb-Youtube-fake/2049.mp4,1,,Celeb-Youtube-fake,Celeb-Youtube-fake:2049,e5324d54517788ed82f0c80729ae6067e1074146ac1a841e3aa825b509d82450
/Users/gokulmallabathula/deep-fake/datasets/raw/Celeb-Youtube-fake/205.mp4,1,,Celeb-Youtube-fake,Celeb-Youtube-fake:205,c19911c1c32923aa457b9a161b5b85767532ad1ec287a3bea88dccc850132707
/Users/gokulmallabathula/deep-fake/datasets/raw/Celeb-Youtube-fake/2051.mp4,1,,Celeb-Youtube-fake,Celeb-Youtube-fake:2051,fcfdbed6d3343f86b815b4ec7e69dee3b11602ebadf18c491427900034625c58
/Users/gokulmallabathula/deep-fake/datasets/raw/Celeb-Youtube-fake/2053.mp4,1,,Celeb-Youtube-fake,Celeb-Youtube-fake:2053,4232058a95f91ee4f26a9bfb6ac7451375cf030ac5762e86c6a6c0b2c5c1b315
/Users/gokulmallabathula/deep-fake/datasets/raw/Celeb-Youtube-fake/2054.mp4,1,,Celeb-Youtube-fake,Celeb-Youtube-fake:2054,cf14796d8e6cc2137f79d6a1db734a6c7d327ad572ce721c382b9a42b3fe5763
/Users/gokulmallabathula/deep-fake/datasets/raw/Celeb-Youtube-fake/2056.mp4,1,,Celeb-Youtube-fake,Celeb-Youtube-fake:2056,5a63bab90b56a5389fb1ab2c86ed6c14c4d93470d2347fe284f0255a1c1defdd
/Users/gokulmallabathula/deep-fake/datasets/raw/Celeb-Youtube-fake/2057.mp4,1,,Celeb-Youtube-fake,Celeb-Youtube-fake:2057,a1566453cb0abe86430882adf41fb4bac279c6bbbda0f260195014fcfba55f43
/Users/gokulmallabathula/deep-fake/datasets/raw/Celeb-Youtube-fake/2059.mp4,1,,Celeb-Youtube-fake,Celeb-Youtube-fake:2059,6d94db7b72c22e8dbffbcc6ed7ddc14cbcb783c2fae7d3ba7b5d4bf8ab49e70b
/Users/gokulmallabathula/deep-fake/datasets/raw/Celeb-Youtube-fake/2060.mp4,1,,Celeb-Youtube-fake,Celeb-Youtube-fake:2060,221984416e7315bb37af0132c60dbeffbeccb4b263a11f30ee74f8e3d3c7244e
/Users/gokulmallabathula/deep-fake/datasets/raw/Celeb-Youtube-fake/2061.mp4,1,,Celeb-Youtube-fake,Celeb-Youtube-fake:2061,36606bc98ad4a2223cebd70193a2fa4422001c3837652c7309937f617289c2e9
/Users/gokulmallabathula/deep-fake/datasets/raw/Celeb-Youtube-fake/2062.mp4,1,,Celeb-Youtube-fake,Celeb-Youtube-fake:2062,fa72e01e1d467428ceaf846359dd682c15229cc9cec08a5f37f67f79cdfc1507
/Users/gokulmallabathula/deep-fake/datasets/raw/Celeb-Youtube-fake/2065.mp4,1,,Celeb-Youtube-fake,Celeb-Youtube-fake:2065,e0f548f54d2e7c073b9af0062d9092bf0aab72662290e5b3f509aedbde730ce7
/Users/gokulmallabathula/deep-fake/datasets/raw/Celeb-Youtube-fake/2066.mp4,1,,Celeb-Youtube-fake,Celeb-Youtube-fake:2066,a8487b38447df0f27f40f85d9ef0ef0355d67c3bd413d0a008851e986ef770e8
/Users/gokulmallabathula/deep-fake/datasets/raw/Celeb-Youtube-fake/2067.mp4,1,,Celeb-Youtube-fake,Celeb-Youtube-fake:2067,c30855ab4e8ff553109d815ea7c90a2195eea25fe79148e2734316fc9e241f0b
/Users/gokulmallabathula/deep-fake/datasets/raw/Celeb-Youtube-fake/2068.mp4,1,,Celeb-Youtube-fake,Celeb-Youtube-fake:2068,e4207af6ae7b6faa46dbe0fe088c819628ef65195f331f204b8f293752146429
/Users/gokulmallabathula/deep-fake/datasets/raw/Celeb-Youtube-fake/2069.mp4,1,,Celeb-Youtube-fake,Celeb-Youtube-fake:2069,c9fe70bc6d9ef8151d1d780458ee58ac4849acb5342f5d813f875e11d76dd388
/Users/gokulmallabathula/deep-fake/datasets/raw/Celeb-Youtube-fake/207.mp4,1,,Celeb-Youtube-fake,Celeb-Youtube-fake:207,8642aa7326217859551b9897f0a1bb55e127c7410c7594431ce9a7caf764ca2a
/Users/gokulmallabathula/deep-fake/datasets/raw/Celeb-Youtube-fake/2071.mp4,1,,Celeb-Youtube-fake,Celeb-Youtube-fake:2071,f0ebcd9742685df1ddfd26771626e17f9c3bbd10afa31d8ecd31e20b105577d1
/Users/gokulmallabathula/deep-fake/datasets/raw/Celeb-Youtube-fake/2072.mp4,1,,Celeb-Youtube-fake,Celeb-Youtube-fake:2072,6e4f21a41daee223b7c3141f36c3acc929b27d753c5dc195ca1c6051dc0185d0
/Users/gokulmallabathula/deep-fake/datasets/raw/Celeb-Youtube-fake/2073.mp4,1,,Celeb-Youtube-fake,Celeb-Youtube-fake:2073,0ada1eacb3beb3464b54d4e589dac0e11344a1502ba21628d6d070dfd52de356
/Users/gokulmallabathula/deep-fake/datasets/raw/Celeb-Youtube-fake/2074.mp4,1,,Celeb-Youtube-fake,Celeb-Youtube-fake:2074,844e3040fa47a22cf5d98c4ba0b45ea3c0c72b1b5f5fa11efa724c1c973c9777
/Users/gokulmallabathula/deep-fake/datasets/raw/Celeb-Youtube-fake/2075.mp4,1,,Celeb-Youtube-fake,Celeb-Youtube-fake:2075,5f8e3f2511a741e920218fc0fd2f896fdc5cc15021f9108101f9fa31d06d4324
/Users/gokulmallabathula/deep-fake/datasets/raw/Celeb-Youtube-fake/2076.mp4,1,,Celeb-Youtube-fake,Celeb-Youtube-fake:2076,227ccac55ad6135f27a9ec05308ba0b970c37464730d55ace6292e9803c4e739
/Users/gokulmallabathula/deep-fake/datasets/raw/Celeb-Youtube-fake/2077.mp4,1,,Celeb-Youtube-fake,Celeb-Youtube-fake:2077,95e0a19f2401b9baf4f15a8b68496ee3b60da8cf1a42b74aa820ec943a073eb6
/Users/gokulmallabathula/deep-fake/datasets/raw/Celeb-Youtube-fake/2078.mp4,1,,Celeb-Youtube-fake,Celeb-Youtube-fake:2078,d85072d53b468209b4e1f1eaaaf08f44521c8288aa97a657477f6a2581aec73a
/Users/gokulmallabathula/deep-fake/datasets/raw/Celeb-Youtube-fake/2079.mp4,1,,Celeb-Youtube-fake,Celeb-Youtube-fake:2079,2dc5d2434fdbdad622668d1f9107a4500a81284b1e0a019a92d84baba1c1eef0
/Users/gokulmallabathula/deep-fake/datasets/raw/Celeb-Youtube-fake/208.mp4,1,,Celeb-Youtube-fake,Celeb-Youtube-fake:208,1991472fdbf9f921b8f69aa806513fe75301df959f0beea51812b89790f7ab58
/Users/gokulmallabathula/deep-fake/datasets/raw/Celeb-Youtube-fake/2080.mp4,1,,Celeb-Youtube-fake,Celeb-Youtube-fake:2080,19a10ca5336ca1667fafc72c1fa75a076a3fd95cf0fd9f348f4fb982b50cc391
/Users/gokulmallabathula/deep-fake/datasets/raw/Celeb-Youtube-fake/2081.mp4,1,,Celeb-Youtube-fake,Celeb-Youtube-fake:2081,82dbe34085246227bae5f16669ec8ae11bfd56f6e62e623317b8cbc9e1f39d94
/Users/gokulmallabathula/deep-fake/datasets/raw/Celeb-Youtube-fake/2082.mp4,1,,Celeb-Youtube-fake,Celeb-Youtube-fake:2082,2111a713672a4579d6418ad23654c31c6edfe2221df88a6e94516a6add19ca42
/Users/gokulmallabathula/deep-fake/datasets/raw/Celeb-Youtube-fake/2083.mp4,1,,Celeb-Youtube-fake,Celeb-Youtube-fake:2083,8edcc727cc545023a587399b0ee45b6ac1709a409a3caddbe27aea89c99f145b
/Users/gokulmallabathula/deep-fake/datasets/raw/Celeb-Youtube-fake/2086.mp4,1,,Celeb-Youtube-fake,Celeb-Youtube-fake:2086,4fb19e0cc0641de08e50c225e40821b9930e7fd73cb4992310d194e1a4459b34
/Users/gokulmallabathula/deep-fake/datasets/raw/Celeb-Youtube-fake/2087.mp4,1,,Celeb-Youtube-fake,Celeb-Youtube-fake:2087,fc925eecf92cf16eb1ad8f00e3d8d172ead6bb022e074ba3fd8d5e5d99ad5b8f
/Users/gokulmallabathula/deep-fake/datasets/raw/Celeb-Youtube-fake/2088.mp4,1,,Celeb-Youtube-fake,Celeb-Youtube-fake:2088,c52dd9130cc8f558a89feb9a1dc4b2c8d95e7b246b6b0cb51260aefcc504da5e
/Users/gokulmallabathula/deep-fake/datasets/raw/Celeb-Youtube-fake/2089.mp4,1,,Celeb-Youtube-fake,Celeb-Youtube-fake:2089,cf90f9309fcd6e6f7fa696c96b00033bcdd4072b0212a87b592cffa1f8d7faf8
/Users/gokulmallabathula/deep-fake/datasets/raw/Celeb-Youtube-fake/2090.mp4,1,,Celeb-Youtube-fake,Celeb-Youtube-fake:2090,b82cde8f6457de8fdf9fd0de8f9fb19f2ec3fd327c51b459f5a519b777c10a9d
/Users/gokulmallabathula/deep-fake/datasets/raw/Celeb-Youtube-fake/2092.mp4,1,,Celeb-Youtube-fake,Celeb-Youtube-fake:2092,59c9861c58959372be6cd12480b3845e8f85806c030779970211efa43faea64d
/Users/gokulmallabathula/deep-fake/datasets/raw/Celeb-Youtube-fake/2094.mp4,1,,Celeb-Youtube-fake,Celeb-Youtube-fake:2094,a6883a93927615484f223921c6e881460ec97a28f9f6921bb516f31f9b4c8f09
/Users/gokulmallabathula/deep-fake/datasets/raw/Celeb-Youtube-fake/2095.mp4,1,,Celeb-Youtube-fake,Celeb-Youtube-fake:2095,e623a7a96db5e2521709f126a604ebcd5c2a06acd6bed6603d757b970ef7943a
/Users/gokulmallabathula/deep-fake/datasets/raw/Celeb-Youtube-fake/2099.mp4,1,,Celeb-Youtube-fake,Celeb-Youtube-fake:2099,3e4e42f56be496b916e6cd400e01ca26a01cda0a51055ec5f0ca29e774b4d58b
/Users/gokulmallabathula/deep-fake/datasets/raw/Celeb-Youtube-fake/21.mp4,1,,Celeb-Youtube-fake,Celeb-Youtube-fake:21,220f3428a18fdda9c0ab978593c51ede55505d109b9e5add8ab24644bd88917d
/Users/gokulmallabathula/deep-fake/datasets/raw/Celeb-Youtube-fake/210.mp4,1,,Celeb-Youtube-fake,Celeb-Youtube-fake:210,820814c09c252f3b0b407136c3c437b2b09e629fb8c4125e60e90651509267d4
/Users/gokulmallabathula/deep-fake/datasets/raw/Celeb-Youtube-fake/2100.mp4,1,,Celeb-Youtube-fake,Celeb-Youtube-fake:2100,f3831c91907eb730dd6a294a241d17ef86113f4553380965ecc52e86137ce40f
/Users/gokulmallabathula/deep-fake/datasets/raw/Celeb-Youtube-fake/2101.mp4,1,,Celeb-Youtube-fake,Celeb-Youtube-fake:2101,fe80435a94f4bf5736babd4d39a8a3a9aa23e998e61512e3cb95cadaff60f43f
/Users/gokulmallabathula/deep-fake/datasets/raw/Celeb-Youtube-fake/2102.mp4,1,,Celeb-Youtube-fake,Celeb-Youtube-fake:2102,9cb7329b356b1a23b41f1a503103d3215248a820ace21c22f0a9e2e9a02e05be
/Users/gokulmallabathula/deep-fake/datasets/raw/Celeb-Youtube-fake/2103.mp4,1,,Celeb-Youtube-fake,Celeb-Youtube-fake:2103,d2efbf66ecdbc0c085ecded7d3c8d9790ab9698fddf2a4468998bfa456c191d6
/Users/gokulmallabathula/deep-fake/datasets/raw/Celeb-Youtube-fake/2104.mp4,1,,Celeb-Youtube-fake,Celeb-Youtube-fake:2104,8bd679163e3378ba759b7dbe9a5dfe3ac51e808e6d058022944190c0971c7fb2
/Users/gokulmallabathula/deep-fake/datasets/raw/Celeb-Youtube-fake/2105.mp4,1,,Celeb-Youtube-fake,Celeb-Youtube-fake:2105,61a8de79cac26b1e159113ffc260271c9259bea73b2cd0e6139808408c25a798
/Users/gokulmallabathula/deep-fake/datasets/raw/Celeb-Youtube-fake/2106.mp4,1,,Celeb-Youtube-fake,Celeb-Youtube-fake:2106,b6d6aca5406bea2a3b7edc6018488f3572ac4a2f832da1cbb12a2eb12ac8ed83
/Users/gokulmallabathula/deep-fake/datasets/raw/Celeb-Youtube-fake/2107.mp4,1,,Celeb-Youtube-fake,Celeb-Youtube-fake:2107,e5a4629583a90b13939e978e1c22fbc37a7feee7a8de41429c992b9be8c3c456
/Users/gokulmallabathula/deep-fake/datasets/raw/Celeb-Youtube-fake/211.mp4,1,,Celeb-Youtube-fake,Celeb-Youtube-fake:211,11cd7972d388ef898a75ec0075589bfcd05bd4c5c798d02effded47de4a44000
/Users/gokulmallabathula/deep-fake/datasets/raw/Celeb-Youtube-fake/2110.mp4,1,,Celeb-Youtube-fake,Celeb-Youtube-fake:2110,8eeea6ecf26f7c3a6da2031ab4c9df75ebbee79dbdbd8076886ba0a499a368b8
/Users/gokulmallabathula/deep-fake/datasets/raw/Celeb-Youtube-fake/2111.mp4,1,,Celeb-Youtube-fake,Celeb-Youtube-fake:2111,ba428624713642512caff39253d3cb3cea46571a1b6a34243bf39108c14cbd41
/Users/gokulmallabathula/deep-fake/datasets/raw/Celeb-Youtube-fake/2112.mp4,1,,Celeb-Youtube-fake,Celeb-Youtube-fake:2112,592dc7e713c46b66ddb7cd474a8a058e9fd337ca5c8c5fbe9cdc1e6825fbe989
/Users/gokulmallabathula/deep-fake/datasets/raw/Celeb-Youtube-fake/2114.mp4,1,,Celeb-Youtube-fake,Celeb-Youtube-fake:2114,bbae43e128fe7efb6f66628c8989914f6969bf99855719c7eecf603ae781a5fc
/Users/gokulmallabathula/deep-fake/datasets/raw/Celeb-Youtube-fake/2116.mp4,1,,Celeb-Youtube-fake,Celeb-Youtube-fake:2116,35bf604823bf4d1a32136adc4ada8bbf800e7cbf64f5cd23c33cecb8f2ff0ca5
/Users/gokulmallabathula/deep-fake/datasets/raw/Celeb-Youtube-fake/2117.mp4,1,,Celeb-Youtube-fake,Celeb-Youtube-fake:2117,df727fa63eacb977b1a4267a0aa00ebc69141b0661ec155684f5bd0d1ed99c8e
/Users/gokulmallabathula/deep-fake/datasets/raw/Celeb-Youtube-fake/2118.mp4,1,,Celeb-Youtube-fake,Celeb-Youtube-fake:2118,69d51d8a569e9c380d3ce1e4c33e2927bd720e0a3ed8503a6bcc1424d3064234
/Users/gokulmallabathula/deep-fake/datasets/raw/Celeb-Youtube-fake/212.mp4,1,,Celeb-Youtube-fake,Celeb-Youtube-fake:212,e8bcff2d7631a15983248e4f491b088de6637de667a777ec98f120f78cdfff53
/Users/gokulmallabathula/deep-fake/datasets/raw/Celeb-Youtube-fake/2121.mp4,1,,Celeb-Youtube-fake,Celeb-Youtube-fake:2121,831ce090429c15027314cba9f07910fdc8302f7600ab09c25e95a2aa480e9835
/Users/gokulmallabathula/deep-fake/datasets/raw/Celeb-Youtube-fake/2122.mp4,1,,Celeb-Youtube-fake,Celeb-Youtube-fake:2122,6e918f420586a3231b784d5baf6daa1fefba3d0e2972203d9ad49288636b913d
/Users/gokulmallabathula/deep-fake/datasets/raw/Celeb-Youtube-fake/2126.mp4,1,,Celeb-Youtube-fake,Celeb-Youtube-fake:2126,925f793c37084306dddcf81de0654fa05971116fef2629687a23871e5900af6d
/Users/gokulmallabathula/deep-fake/datasets/raw/Celeb-Youtube-fake/2127.mp4,1,,Celeb-Youtube-fake,Celeb-Youtube-fake:2127,e21ec1fd283872016bf1676fbe920a7e6326c8244b014569863d9e43a2ec790e
/Users/gokulmallabathula/deep-fake/datasets/raw/Celeb-Youtube-fake/2128.mp4,1,,Celeb-Youtube-fake,Celeb-Youtube-fake:2128,08bc9b92e142b2923362ad1a81ca2ac3705e6e24501a4ee3a43a0c046653c91a
/Users/gokulmallabathula/deep-fake/datasets/raw/Celeb-Youtube-fake/2129.mp4,1,,Celeb-Youtube-fake,Celeb-Youtube-fake:2129,95482721214adea3af8e98f0a4a1f4010730e22adfac9511b106d537497daf67
/Users/gokulmallabathula/deep-fake/datasets/raw/Celeb-Youtube-fake/213.mp4,1,,Celeb-Youtube-fake,Celeb-Youtube-fake:213,ffab7ffd77ace0cbd12dcb8bf48e29b47ac29b423abb507bb1aa83962bab20c1
/Users/gokulmallabathula/deep-fake/datasets/raw/Celeb-Youtube-fake/2130.mp4,1,,Celeb-Youtube-fake,Celeb-Youtube-fake:2130,1cbdc2f358ee2e54352fea5ab75af7999a329c739f5a787713e13ea572996cdc
/Users/gokulmallabathula/deep-fake/datasets/raw/Celeb-Youtube-fake/2131.mp4,1,,Celeb-Youtube-fake,Celeb-Youtube-fake:2131,a2b3c0bfd5c1267dfc2635516bd8fc4ae6fb9ab0822576e2b80790d649d73468
/Users/gokulmallabathula/deep-fake/datasets/raw/Celeb-Youtube-fake/2133.mp4,1,,Celeb-Youtube-fake,Celeb-Youtube-fake:2133,a42c3c0a9d2025a00f4bb12daa1d8f22698d736e1e98eace9fa77a6588e755dd
/Users/gokulmallabathula/deep-fake/datasets/raw/Celeb-Youtube-fake/2138.mp4,1,,Celeb-Youtube-fake,Celeb-Youtube-fake:2138,125a82bc8720884b372128016c63c6779769ab5594ab9cd0e22368f3c6797e6b
/Users/gokulmallabathula/deep-fake/datasets/raw/Celeb-Youtube-fake/214.mp4,1,,Celeb-Youtube-fake,Celeb-Youtube-fake:214,009bf544d6b826b9a74fd7e5ca594cca33b282115d87c82ccb73ee4c6046d480
/Users/gokulmallabathula/deep-fake/datasets/raw/Celeb-Youtube-fake/2142.mp4,1,,Celeb-Youtube-fake,Celeb-Youtube-fake:2142,ed832840d7dc01ecd9a63bef7d4cf7cf1c4959ea78bb7479fb2a5f252b5e84ab
/Users/gokulmallabathula/deep-fake/datasets/raw/Celeb-Youtube-fake/2144.mp4,1,,Celeb-Youtube-fake,Celeb-Youtube-fake:2144,cc87881935319d0ad4d69acb7348a44cb8ca887883960048edbdb38ca1ad3703
/Users/gokulmallabathula/deep-fake/datasets/raw/Celeb-Youtube-fake/2145.mp4,1,,Celeb-Youtube-fake,Celeb-Youtube-fake:2145,ec2f37db0574bd7608dfa8cfebf9f91aa4f9f10ea92b29f1c6171d104d89f1d9
/Users/gokulmallabathula/deep-fake/datasets/raw/Celeb-Youtube-fake/2147.mp4,1,,Celeb-Youtube-fake,Celeb-Youtube-fake:2147,cb19cf027c7840b149f5a75d727853e6023ec93363680b5d1bf966e627f936b8
/Users/gokulmallabathula/deep-fake/datasets/raw/Celeb-Youtube-fake/2148.mp4,1,,Celeb-Youtube-fake,Celeb-Youtube-fake:2148,18f77b3ed728fa26fe26c031be2cddc381ccaa5ef783944e2cd402ce6b385eb6
/Users/gokulmallabathula/deep-fake/datasets/raw/Celeb-Youtube-fake/2150.mp4,1,,Celeb-Youtube-fake,Celeb-Youtube-fake:2150,03563a432fe685d2f4b4b4c3814622a1bb36806f1d6becc7afbc08d9ca44813c
/Users/gokulmallabathula/deep-fake/datasets/raw/Celeb-Youtube-fake/2152.mp4,1,,Celeb-Youtube-fake,Celeb-Youtube-fake:2152,814495be1406d24ea54e69fa4cf8453230a4023a461ba88ec6e6b420678f23ab
/Users/gokulmallabathula/deep-fake/datasets/raw/Celeb-Youtube-fake/2153.mp4,1,,Celeb-Youtube-fake,Celeb-Youtube-fake:2153,9d1461f7f8de26506576b25dde83fdab7a27bd24e482c6723488dc81ff9ccd47
/Users/gokulmallabathula/deep-fake/datasets/raw/Celeb-Youtube-fake/2154.mp4,1,,Celeb-Youtube-fake,Celeb-Youtube-fake:2154,5d48c12353cc4b3b0a39df2284df20c172f0711f9edb91c2c4c8db5d614a8bfc
/Users/gokulmallabathula/deep-fake/datasets/raw/Celeb-Youtube-fake/2156.mp4,1,,Celeb-Youtube-fake,Celeb-Youtube-fake:2156,a55fdb7e88d0a21b421090a6ed159923e5aac3f19e1d94de586c6c48f122bd78
/Users/gokulmallabathula/deep-fake/datasets/raw/Celeb-Youtube-fake/2157.mp4,1,,Celeb-Youtube-fake,Celeb-Youtube-fake:2157,316848c29c179987b113845706e44566878c78871aa1ba25d7f4382f588139eb
/Users/gokulmallabathula/deep-fake/datasets/raw/Celeb-Youtube-fake/2159.mp4,1,,Celeb-Youtube-fake,Celeb-Youtube-fake:2159,20c6f7dcfbdca0e366845ad321d6d7d1de64c6ac29867b869cd99a5c6dceeea4
/Users/gokulmallabathula/deep-fake/datasets/raw/Celeb-Youtube-fake/216.mp4,1,,Celeb-Youtube-fake,Celeb-Youtube-fake:216,082fa27a2a9c8f99c8ebc06777586230d7db5f86041630393fa11a9f3b80f1da
/Users/gokulmallabathula/deep-fake/datasets/raw/Celeb-Youtube-fake/2161.mp4,1,,Celeb-Youtube-fake,Celeb-Youtube-fake:2161,24ddce65b19c2988efbc1a63d722d1c48591f3c6590b93f9361354159fc75338
/Users/gokulmallabathula/deep-fake/datasets/raw/Celeb-Youtube-fake/2164.mp4,1,,Celeb-Youtube-fake,Celeb-Youtube-fake:2164,f405df776e41de8109033da8393ddc6307aa00b158a9877b8a4b91948f1dd5ff
/Users/gokulmallabathula/deep-fake/datasets/raw/Celeb-Youtube-fake/2166.mp4,1,,Celeb-Youtube-fake,Celeb-Youtube-fake:2166,3b5e5f366ecd7c9b62c6ba902bb6d4391ee66249e5862f74a0ba4bd23578fc87
/Users/gokulmallabathula/deep-fake/datasets/raw/Celeb-Youtube-fake/2167.mp4,1,,Celeb-Youtube-fake,Celeb-Youtube-fake:2167,d706f708571e845595ec3e43d1e9a721e4fb1d119c746815b1459793b9eeaea7
/Users/gokulmallabathula/deep-fake/datasets/raw/Celeb-Youtube-fake/2168.mp4,1,,Celeb-Youtube-fake,Celeb-Youtube-fake:2168,d939974310685f086b7ee8b03d9817b4a57da49823f4435d1c175d6a7e9c95bc
/Users/gokulmallabathula/deep-fake/datasets/raw/Celeb-Youtube-fake/2169.mp4,1,,Celeb-Youtube-fake,Celeb-Youtube-fake:2169,dfe24485cd55716c49fca327c44067bfb5ab53b83e9086ef6d6155fe2c580921
/Users/gokulmallabathula/deep-fake/datasets/raw/Celeb-Youtube-fake/217.mp4,1,,Celeb-Youtube-fake,Celeb-Youtube-fake:217,aca089986971862f9d63751db8503bfc7ff9824d69e8915ca5933c2fd2774af8
/Users/gokulmallabathula/deep-fake/datasets/raw/Celeb-Youtube-fake/2172.mp4,1,,Celeb-Youtube-fake,Celeb-Youtube-fake:2172,8ac4594e2c1e853844f45312509e142da8750f0669836b4b35cf9822784c6726
/Users/gokulmallabathula/deep-fake/datasets/raw/Celeb-Youtube-fake/2173.mp4,1,,Celeb-Youtube-fake,Celeb-Youtube-fake:2173,338a8d98fd188c4ebbf3c68d8689f1de526a69cc23030096e8889bc3ec4e3739
/Users/gokulmallabathula/deep-fake/datasets/raw/Celeb-Youtube-fake/2175.mp4,1,,Celeb-Youtube-fake,Celeb-Youtube-fake:2175,1a858d45c505149271328f75f8cab470c9ab0fbbc8c96452e52342c92fdfe41f
/Users/gokulmallabathula/deep-fake/datasets/raw/Celeb-Youtube-fake/2176.mp4,1,,Celeb-Youtube-fake,Celeb-Youtube-fake:2176,0cfbc9e1d82da891ee7eb6da3e07f5615bda1c226904b6b25538748c5ce3ecdb
/Users/gokulmallabathula/deep-fake/datasets/raw/Celeb-Youtube-fake/2178.mp4,1,,Celeb-Youtube-fake,Celeb-Youtube-fake:2178,d43f6414c41fa53b9e9bca59c615a600f81ef21053526ba71ba161a7db060e5f
/Users/gokulmallabathula/deep-fake/datasets/raw/Celeb-Youtube-fake/2179.mp4,1,,Celeb-Youtube-fake,Celeb-Youtube-fake:2179,4e29c8d1fcab0ed99c92c51fffdcb586d4b7b8eb3233d2fdb4951654c09d9c71
/Users/gokulmallabathula/deep-fake/datasets/raw/Celeb-Youtube-fake/218.mp4,1,,Celeb-Youtube-fake,Celeb-Youtube-fake:218,08ed327b9a7eb253bc15bfc202ee11cb821b96989479ba3b4873c6e0fa30a4b2
/Users/gokulmallabathula/deep-fake/datasets/raw/Celeb-Youtube-fake/2180.mp4,1,,Celeb-Youtube-fake,Celeb-Youtube-fake:2180,1604eb7438815e478264d336d55fa0e1fdd8cdf8c5855b9b0293cd8cd648b7bd
/Users/gokulmallabathula/deep-fake/datasets/raw/Celeb-Youtube-fake/2181.mp4,1,,Celeb-Youtube-fake,Celeb-Youtube-fake:2181,f5edd39bc11978d5681adabb01310e8869c02c2d775c79039f2c28709d47d158
/Users/gokulmallabathula/deep-fake/datasets/raw/Celeb-Youtube-fake/2184.mp4,1,,Celeb-Youtube-fake,Celeb-Youtube-fake:2184,c5710ae8f13381f57c07af396b6521b185226adb10b8b674fd9e94350600efbb
/Users/gokulmallabathula/deep-fake/datasets/raw/Celeb-Youtube-fake/2185.mp4,1,,Celeb-Youtube-fake,Celeb-Youtube-fake:2185,381908326631bbea0e681166276478f82a36d2d756ba8ac4343c059f555e038b
/Users/gokulmallabathula/deep-fake/datasets/raw/Celeb-Youtube-fake/2186.mp4,1,,Celeb-Youtube-fake,Celeb-Youtube-fake:2186,0c4d063140f16b881a948d7288d8d534b1464fe12fdeafa793f2e5152d1e7f86
/Users/gokulmallabathula/deep-fake/datasets/raw/Celeb-Youtube-fake/2187.mp4,1,,Celeb-Youtube-fake,Celeb-Youtube-fake:2187,94df2a8aaee3cf0ab8f39d70888bfa3e7ae77ef188852e65473f28745b373b4b
/Users/gokulmallabathula/deep-fake/datasets/raw/Celeb-Youtube-fake/2188.mp4,1,,Celeb-Youtube-fake,Celeb-Youtube-fake:2188,4adb88a56ea7faaa0bcf0a2740dc8d74ff62b320059f732fb420e1e1efdbd02b
/Users/gokulmallabathula/deep-fake/datasets/raw/Celeb-Youtube-fake/219.mp4,1,,Celeb-Youtube-fake,Celeb-Youtube-fake:219,0eb3f4459d8e71c905ac59aecda0d11f9db2a80edbf5b5427026bc2507b83632
/Users/gokulmallabathula/deep-fake/datasets/raw/Celeb-Youtube-fake/2190.mp4,1,,Celeb-Youtube-fake,Celeb-Youtube-fake:2190,3595c47b7749ee3401ce5dd473e475bc8282b806deb0f4e9d97919338b26347b
/Users/gokulmallabathula/deep-fake/datasets/raw/Celeb-Youtube-fake/2191.mp4,1,,Celeb-Youtube-fake,Celeb-Youtube-fake:2191,5fe027fd6dfda7ee565fbfe602f4e133dec6a0b20b088092723d355b9a2515a6
/Users/gokulmallabathula/deep-fake/datasets/raw/Celeb-Youtube-fake/2192.mp4,1,,Celeb-Youtube-fake,Celeb-Youtube-fake:2192,9a910e7d689d52062a757728ea8212df10c91daef6dbb1530e52528277a32e8d
/Users/gokulmallabathula/deep-fake/datasets/raw/Celeb-Youtube-fake/2194.mp4,1,,Celeb-Youtube-fake,Celeb-Youtube-fake:2194,f7f217ab4f2f0d74c958feb4e5fc02d1201881215c0134325e99fbae1e4f9068
/Users/gokulmallabathula/deep-fake/datasets/raw/Celeb-Youtube-fake/2198.mp4,1,,Celeb-Youtube-fake,Celeb-Youtube-fake:2198,bb71cb2f3fd6d7961b1549efde1843d467d219c15e65306d07b17991d961cba1
/Users/gokulmallabathula/deep-fake/datasets/raw/Celeb-Youtube-fake/2199.mp4,1,,Celeb-Youtube-fake,Celeb-Youtube-fake:2199,74a9b301b5db9b11f7b3e38b886cd503f2c0f7fcbdcc4fbb991c3dd2c5afc4c4
/Users/gokulmallabathula/deep-fake/datasets/raw/Celeb-Youtube-fake/22.mp4,1,,Celeb-Youtube-fake,Celeb-Youtube-fake:22,8b3f63a486cfae133029f64a53ec3c7c9f72b546f05cd0fc1a78f970b0999121
/Users/gokulmallabathula/deep-fake/datasets/raw/Celeb-Youtube-fake/220.mp4,1,,Celeb-Youtube-fake,Celeb-Youtube-fake:220,063ccc4aefddbef7b975fbe72b35387ccba68b0aa9b7199b3860d2d5822e7aee
/Users/gokulmallabathula/deep-fake/datasets/raw/Celeb-Youtube-fake/2200.mp4,1,,Celeb-Youtube-fake,Celeb-Youtube-fake:2200,ba78856c16880d1ecb913b0ac10e2a472f8a321f63b2888862de4da1bcc1f6ab
/Users/gokulmallabathula/deep-fake/datasets/raw/Celeb-Youtube-fake/2202.mp4,1,,Celeb-Youtube-fake,Celeb-Youtube-fake:2202,25e824825c24b29596fb09d0025d081334681c8324a2ec3e84183c8d1c04ea6e
/Users/gokulmallabathula/deep-fake/datasets/raw/Celeb-Youtube-fake/2203.mp4,1,,Celeb-Youtube-fake,Celeb-Youtube-fake:2203,7bbfb7386a6d53cbcb7234f67e7d00f6d14384679b8bf899d210ae96cbd4bfc7
/Users/gokulmallabathula/deep-fake/datasets/raw/Celeb-Youtube-fake/2205.mp4,1,,Celeb-Youtube-fake,Celeb-Youtube-fake:2205,ff8a3c1ccc71978249b89cf6750fbf8139134d4954af34443c8c63d079cff021
/Users/gokulmallabathula/deep-fake/datasets/raw/Celeb-Youtube-fake/2207.mp4,1,,Celeb-Youtube-fake,Celeb-Youtube-fake:2207,696de51561d59b036a5a9bf574bcd39c57101dfb8794e7d68d2de0132c4d8d97
/Users/gokulmallabathula/deep-fake/datasets/raw/Celeb-Youtube-fake/2208.mp4,1,,Celeb-Youtube-fake,Celeb-Youtube-fake:2208,62a51cb5da03a7c81d27bf893f40d2749c6d94d97463008d6924113dbb42fb39
/Users/gokulmallabathula/deep-fake/datasets/raw/Celeb-Youtube-fake/2209.mp4,1,,Celeb-Youtube-fake,Celeb-Youtube-fake:2209,88d1a7782c8425aa8dca97de3baeab6a3b20422131638bd53a26301385baffcb
/Users/gokulmallabathula/deep-fake/datasets/raw/Celeb-Youtube-fake/2211.mp4,1,,Celeb-Youtube-fake,Celeb-Youtube-fake:2211,0564c48923bec659beb9cdd25ceae5b8073a12f455fb4219b91fce9907022b0a
/Users/gokulmallabathula/deep-fake/datasets/raw/Celeb-Youtube-fake/2213.mp4,1,,Celeb-Youtube-fake,Celeb-Youtube-fake:2213,6721d8d5fc218c586cd47cf1ca7eeba0c13d81af1e95a8bc00c1ca2142bc14a1
/Users/gokulmallabathula/deep-fake/datasets/raw/Celeb-Youtube-fake/2215.mp4,1,,Celeb-Youtube-fake,Celeb-Youtube-fake:2215,87afe8d72fbe221da08d8fad13beb2d2b028e770f178def37c878a7210cede6c
/Users/gokulmallabathula/deep-fake/datasets/raw/Celeb-Youtube-fake/2216.mp4,1,,Celeb-Youtube-fake,Celeb-Youtube-fake:2216,d41ae0d27d8e597400155318406386ad9d53c40ab5def1819c35314bc3695d2e
/Users/gokulmallabathula/deep-fake/datasets/raw/Celeb-Youtube-fake/2217.mp4,1,,Celeb-Youtube-fake,Celeb-Youtube-fake:2217,e85558c431dbb465512c8414e5acc095a3eca6a200acbd052cd27577ab747cf5
/Users/gokulmallabathula/deep-fake/datasets/raw/Celeb-Youtube-fake/2218.mp4,1,,Celeb-Youtube-fake,Celeb-Youtube-fake:2218,8bc0f0885f94aa2b77e12ebff9e7ef693e21efc455adf49d88461d1c2c138c34
/Users/gokulmallabathula/deep-fake/datasets/raw/Celeb-Youtube-fake/2219.mp4,1,,Celeb-Youtube-fake,Celeb-Youtube-fake:2219,831db5daff70dff42c25055994fadd6e18d9c3f3b92e7709782105dc9c82d90f
/Users/gokulmallabathula/deep-fake/datasets/raw/Celeb-Youtube-fake/222.mp4,1,,Celeb-Youtube-fake,Celeb-Youtube-fake:222,aa31267a7f9ae2cb2c8009c6537eba2f931b89ef499a59f5ae76ec41fc1931cb
/Users/gokulmallabathula/deep-fake/datasets/raw/Celeb-Youtube-fake/2221.mp4,1,,Celeb-Youtube-fake,Celeb-Youtube-fake:2221,373d70fb6be7484ef9bce188bb5526cc6be02890456fea1b2c17890a3b873534
/Users/gokulmallabathula/deep-fake/datasets/raw/Celeb-Youtube-fake/2222.mp4,1,,Celeb-Youtube-fake,Celeb-Youtube-fake:2222,4d70b748a33b28626816e71d8c98f05685f2b283b98d7ec51549e526b026ca06
/Users/gokulmallabathula/deep-fake/datasets/raw/Celeb-Youtube-fake/2224.mp4,1,,Celeb-Youtube-fake,Celeb-Youtube-fake:2224,1142925b51fecae1b19d791c08c18c5f94ecfb46c55520814bb6513810f6d4b3
/Users/gokulmallabathula/deep-fake/datasets/raw/Celeb-Youtube-fake/2226.mp4,1,,Celeb-Youtube-fake,Celeb-Youtube-fake:2226,82a2ce10f0251b92c9fbce9d2f557b83145c4dfafe1e0db5ffe273804703390a
/Users/gokulmallabathula/deep-fake/datasets/raw/Celeb-Youtube-fake/2227.mp4,1,,Celeb-Youtube-fake,Celeb-Youtube-fake:2227,89df76e14198b239457c219ac1868bc7c6f1a0b95e4488dc1598202e8c5d4434
/Users/gokulmallabathula/deep-fake/datasets/raw/Celeb-Youtube-fake/2228.mp4,1,,Celeb-Youtube-fake,Celeb-Youtube-fake:2228,243392d738034ab21e7bb6754a365c1d8e48936492e0018a402c312a241c1190
/Users/gokulmallabathula/deep-fake/datasets/raw/Celeb-Youtube-fake/2229.mp4,1,,Celeb-Youtube-fake,Celeb-Youtube-fake:2229,5e2dfe59ce58bfb88fe6e377911ab8b753563c5471df113b7c984d4532b58020
/Users/gokulmallabathula/deep-fake/datasets/raw/Celeb-Youtube-fake/223.mp4,1,,Celeb-Youtube-fake,Celeb-Youtube-fake:223,dcdaa6292b993017c8bce4451447dce6a8ee509edee68a0e874aa5c2cf2ba24a
/Users/gokulmallabathula/deep-fake/datasets/raw/Celeb-Youtube-fake/2230.mp4,1,,Celeb-Youtube-fake,Celeb-Youtube-fake:2230,a3a9ca79988e9fd4d3317f8899c70d90d9b0310cfee63aa1eb24aeec21e399f3
/Users/gokulmallabathula/deep-fake/datasets/raw/Celeb-Youtube-fake/2231.mp4,1,,Celeb-Youtube-fake,Celeb-Youtube-fake:2231,513a1c84cb337f1e1b1dc1a6f49809319e2aa82ca386b0211f79c1da806520aa
/Users/gokulmallabathula/deep-fake/datasets/raw/Celeb-Youtube-fake/2232.mp4,1,,Celeb-Youtube-fake,Celeb-Youtube-fake:2232,545a4b25a1157bc4be90bf2877d1f03cf1feb0d2e1afb2e0a03e491991e90f96
/Users/gokulmallabathula/deep-fake/datasets/raw/Celeb-Youtube-fake/2233.mp4,1,,Celeb-Youtube-fake,Celeb-Youtube-fake:2233,1800897555c17946dd7e01a1f13d44b79a92a9be82080b86d6ca6829ea91a67b
/Users/gokulmallabathula/deep-fake/datasets/raw/Celeb-Youtube-fake/2235.mp4,1,,Celeb-Youtube-fake,Celeb-Youtube-fake:2235,beb121ad598974f8afa42718246ba1096e90bec1ce711a31dcc1de604673083b
/Users/gokulmallabathula/deep-fake/datasets/raw/Celeb-Youtube-fake/2236.mp4,1,,Celeb-Youtube-fake,Celeb-Youtube-fake:2236,807787f609a043990b7f0c7e164074269f18ee5154447c1c6bcc1e16079decd5
/Users/gokulmallabathula/deep-fake/datasets/raw/Celeb-Youtube-fake/2237.mp4,1,,Celeb-Youtube-fake,Celeb-Youtube-fake:2237,331724ded18fc38c818263ad53344f8b68da38f982f92e50b6ce6901fdf81b51
/Users/gokulmallabathula/deep-fake/datasets/raw/Celeb-Youtube-fake/2238.mp4,1,,Celeb-Youtube-fake,Celeb-Youtube-fake:2238,37811aaef06b1fd42ae40b3be0fb268100ede8770a0a78edb3722669cc7c8c25
/Users/gokulmallabathula/deep-fake/datasets/raw/Celeb-Youtube-fake/2239.mp4,1,,Celeb-Youtube-fake,Celeb-Youtube-fake:2239,8e614db1968b75e7bdfa1154d86d47ec9a14b703004aedbb8aea4c7e882fbbb2
/Users/gokulmallabathula/deep-fake/datasets/raw/Celeb-Youtube-fake/224.mp4,1,,Celeb-Youtube-fake,Celeb-Youtube-fake:224,6ab6fb469ecdf7e24cc7790241b1e7ca4d80c66de2bc4e0bf33ffdece581d409
/Users/gokulmallabathula/deep-fake/datasets/raw/Celeb-Youtube-fake/2240.mp4,1,,Celeb-Youtube-fake,Celeb-Youtube-fake:2240,7a4b87a9762e8d541b1aa3b363f257b71a33684bae8f734f861bbf20ec755c6b
/Users/gokulmallabathula/deep-fake/datasets/raw/Celeb-Youtube-fake/2241.mp4,1,,Celeb-Youtube-fake,Celeb-Youtube-fake:2241,3a7f1ae11f6ec810f402e0d9e8d9b47fc20da9379fb31bc08c34e458fda0512b
/Users/gokulmallabathula/deep-fake/datasets/raw/Celeb-Youtube-fake/2242.mp4,1,,Celeb-Youtube-fake,Celeb-Youtube-fake:2242,74fffd55b4baac5136678f045a92d81646d63cc644d04ca9d706a544ceb72718
/Users/gokulmallabathula/deep-fake/datasets/raw/Celeb-Youtube-fake/2243.mp4,1,,Celeb-Youtube-fake,Celeb-Youtube-fake:2243,9f3daccfe29b2ebb1285aefbf693e851dfec23f5740d63fb59d16e46f5a35b08
/Users/gokulmallabathula/deep-fake/datasets/raw/Celeb-Youtube-fake/2244.mp4,1,,Celeb-Youtube-fake,Celeb-Youtube-fake:2244,53e52b5b6319e72628b9ded0998034cf7c85d3088743e225ab8397655c9de69c
/Users/gokulmallabathula/deep-fake/datasets/raw/Celeb-Youtube-fake/2245.mp4,1,,Celeb-Youtube-fake,Celeb-Youtube-fake:2245,fa5635765c180b9891e25cdac14edceed41b16146efc260fcdefd446e7996dc6
/Users/gokulmallabathula/deep-fake/datasets/raw/Celeb-Youtube-fake/2246.mp4,1,,Celeb-Youtube-fake,Celeb-Youtube-fake:2246,04e85bada7440d600f4e1189e4d504396b28afe78ed873f6308a9dc793518e46
/Users/gokulmallabathula/deep-fake/datasets/raw/Celeb-Youtube-fake/2248.mp4,1,,Celeb-Youtube-fake,Celeb-Youtube-fake:2248,f4bebd68eed7b908c7eded56c26310b1489cf91d39bcb75369e8e6f72a313bea
/Users/gokulmallabathula/deep-fake/datasets/raw/Celeb-Youtube-fake/2251.mp4,1,,Celeb-Youtube-fake,Celeb-Youtube-fake:2251,098907c843f991a256f9b08a3f213d7c27ba98da0d645967e78c08cdade2dadf
/Users/gokulmallabathula/deep-fake/datasets/raw/Celeb-Youtube-fake/2252.mp4,1,,Celeb-Youtube-fake,Celeb-Youtube-fake:2252,bec5c49ba831543d90fe598412675722062d2e89194171f3ece86899f0f4b5ff
/Users/gokulmallabathula/deep-fake/datasets/raw/Celeb-Youtube-fake/2253.mp4,1,,Celeb-Youtube-fake,Celeb-Youtube-fake:2253,2ff93cf3d391289a840dabd18c54df996f46de6dbed01ba4451a99ed821ba229
/Users/gokulmallabathula/deep-fake/datasets/raw/Celeb-Youtube-fake/2255.mp4,1,,Celeb-Youtube-fake,Celeb-Youtube-fake:2255,a11e4929650ec3d62fa522111ff5fcb2308dd82185360c0bb5fabfed4ef799f3
/Users/gokulmallabathula/deep-fake/datasets/raw/Celeb-Youtube-fake/2256.mp4,1,,Celeb-Youtube-fake,Celeb-Youtube-fake:2256,484510cd01369e6894fb015ffba0f15e210375b7003e73562e106b9640418184
/Users/gokulmallabathula/deep-fake/datasets/raw/Celeb-Youtube-fake/2257.mp4,1,,Celeb-Youtube-fake,Celeb-Youtube-fake:2257,acdd0a2e4e4b8da6ccefd56cfe5d9256ce3e22297d0e6333c20b8afc84e6a627
/Users/gokulmallabathula/deep-fake/datasets/raw/Celeb-Youtube-fake/2258.mp4,1,,Celeb-Youtube-fake,Celeb-Youtube-fake:2258,73d2c7557706866701cc55c05c5409e4b5be0c6476d980eaa31a7b02031d646c
/Users/gokulmallabathula/deep-fake/datasets/raw/Celeb-Youtube-fake/226.mp4,1,,Celeb-Youtube-fake,Celeb-Youtube-fake:226,f2a9b625937113fbe9fd8fbfcadab1078c67b2d013d6202f74ac948ce335c1fe
/Users/gokulmallabathula/deep-fake/datasets/raw/Celeb-Youtube-fake/2260.mp4,1,,Celeb-Youtube-fake,Celeb-Youtube-fake:2260,3f74c2db7b5b2b3066d9358a69bd0feba0a4cee5625c2570cccc5f0b28a3f249
/Users/gokulmallabathula/deep-fake/datasets/raw/Celeb-Youtube-fake/2261.mp4,1,,Celeb-Youtube-fake,Celeb-Youtube-fake:2261,04af326da4ddba35d0524fbeccb325026495ffbc1e9230a5c0c979d47ac7a5d5
/Users/gokulmallabathula/deep-fake/datasets/raw/Celeb-Youtube-fake/2262.mp4,1,,Celeb-Youtube-fake,Celeb-Youtube-fake:2262,d73090796fe45a9e26497d2bf58824c069aa6f034a575a1f7deda2f6a2754232
/Users/gokulmallabathula/deep-fake/datasets/raw/Celeb-Youtube-fake/2264.mp4,1,,Celeb-Youtube-fake,Celeb-Youtube-fake:2264,edbdf2894acc1f11ab2f864ce49b19f1fef2e902d0f5228d7eab9f841ee8a618
/Users/gokulmallabathula/deep-fake/datasets/raw/Celeb-Youtube-fake/2265.mp4,1,,Celeb-Youtube-fake,Celeb-Youtube-fake:2265,b4243b3a802b180c753053e9fecfe18afe16e2d07d06ddeb6a8271549f754b22
/Users/gokulmallabathula/deep-fake/datasets/raw/Celeb-Youtube-fake/2266.mp4,1,,Celeb-Youtube-fake,Celeb-Youtube-fake:2266,9520f7d24739730e61111e22d2f5936f08d099993cca2c4f402546f0a93af8d2
/Users/gokulmallabathula/deep-fake/datasets/raw/Celeb-Youtube-fake/2267.mp4,1,,Celeb-Youtube-fake,Celeb-Youtube-fake:2267,ac42b5b2e91d74e1040d70dc733cbc26f869c57cc6072c1e053b0b67014c8f7f
/Users/gokulmallabathula/deep-fake/datasets/raw/Celeb-Youtube-fake/2268.mp4,1,,Celeb-Youtube-fake,Celeb-Youtube-fake:2268,28470a9dbf31e2c55502376b2b96108d1d2cf5f967aeba8a89beffb76127c693
/Users/gokulmallabathula/deep-fake/datasets/raw/Celeb-Youtube-fake/2269.mp4,1,,Celeb-Youtube-fake,Celeb-Youtube-fake:2269,23f2de13b2938ca6e8e2cf69818f0eb1e6e1c48ef97853e9b382c3eab64ec904
/Users/gokulmallabathula/deep-fake/datasets/raw/Celeb-Youtube-fake/2270.mp4,1,,Celeb-Youtube-fake,Celeb-Youtube-fake:2270,864b167ce0055323294d6fc6942ef1d1a5d4cbba9e45c05fcf6010e581f382c8
/Users/gokulmallabathula/deep-fake/datasets/raw/Celeb-Youtube-fake/2271.mp4,1,,Celeb-Youtube-fake,Celeb-Youtube-fake:2271,1c73767ceb56a6c1e2ea665a531a711ad826bb6f6e4d0c51e198cf6c6faf3969
/Users/gokulmallabathula/deep-fake/datasets/raw/Celeb-Youtube-fake/2272.mp4,1,,Celeb-Youtube-fake,Celeb-Youtube-fake:2272,4766ef01874c3e413dc45fb6dcf560fdc1ab2f833f93bc4f2a726987efbdb8ee
/Users/gokulmallabathula/deep-fake/datasets/raw/Celeb-Youtube-fake/2273.mp4,1,,Celeb-Youtube-fake,Celeb-Youtube-fake:2273,9de19862df7eab15076d6fc63a440c52fa703d55d6d85d1ef508c7fe7824c5cc
/Users/gokulmallabathula/deep-fake/datasets/raw/Celeb-Youtube-fake/2274.mp4,1,,Celeb-Youtube-fake,Celeb-Youtube-fake:2274,1af6d599d5ac8fa290d657796bf34babf2043fbd8dd95b0d4dafdd2ec7d69756
/Users/gokulmallabathula/deep-fake/datasets/raw/Celeb-Youtube-fake/2275.mp4,1,,Celeb-Youtube-fake,Celeb-Youtube-fake:2275,32b014fe04d83427ec3b71cc4ced7fa895560b8b402c46c5a0c118cc580fd8e2
/Users/gokulmallabathula/deep-fake/datasets/raw/Celeb-Youtube-fake/2276.mp4,1,,Celeb-Youtube-fake,Celeb-Youtube-fake:2276,42edeb5b0c3caf0dbc814cdf0f20e891334a33f31b66cc778fe491a6b6068a18
/Users/gokulmallabathula/deep-fake/datasets/raw/Celeb-Youtube-fake/2277.mp4,1,,Celeb-Youtube-fake,Celeb-Youtube-fake:2277,ca10d2447d8c05465f99e213c51f20ce3d92483453b1617777e554936528adcb
/Users/gokulmallabathula/deep-fake/datasets/raw/Celeb-Youtube-fake/2278.mp4,1,,Celeb-Youtube-fake,Celeb-Youtube-fake:2278,ce6acee9c5bb8bab1b976cde0c178f89eb8e36522fe8df517fe804d42a25ac8d
/Users/gokulmallabathula/deep-fake/datasets/raw/Celeb-Youtube-fake/228.mp4,1,,Celeb-Youtube-fake,Celeb-Youtube-fake:228,586614212a37261e837ab2f0bf0d2b52e322b503219662d8e85c232a8e678522
/Users/gokulmallabathula/deep-fake/datasets/raw/Celeb-Youtube-fake/2281.mp4,1,,Celeb-Youtube-fake,Celeb-Youtube-fake:2281,040e1e1372712b025e01cfef4d4597809718b8c85b78b573899814c8897846da
/Users/gokulmallabathula/deep-fake/datasets/raw/Celeb-Youtube-fake/2283.mp4,1,,Celeb-Youtube-fake,Celeb-Youtube-fake:2283,a00112a76c499461e79afaed893ba291128a39a9ea69780243bac1d4cbe45a85
/Users/gokulmallabathula/deep-fake/datasets/raw/Celeb-Youtube-fake/2285.mp4,1,,Celeb-Youtube-fake,Celeb-Youtube-fake:2285,7f9e4488ad4e20034f0250689bccce76393bc5c105045a34fe2d35fde065a098
/Users/gokulmallabathula/deep-fake/datasets/raw/Celeb-Youtube-fake/2287.mp4,1,,Celeb-Youtube-fake,Celeb-Youtube-fake:2287,4d015da4b1ddcbacda80bbf4865a89d5ef1151cd26002735a0a48e3147ba8a71
/Users/gokulmallabathula/deep-fake/datasets/raw/Celeb-Youtube-fake/2288.mp4,1,,Celeb-Youtube-fake,Celeb-Youtube-fake:2288,bca86a15facd7602558118ab2a364b30b5f6ec328574f6c24958c475a54dde17
/Users/gokulmallabathula/deep-fake/datasets/raw/Celeb-Youtube-fake/2290.mp4,1,,Celeb-Youtube-fake,Celeb-Youtube-fake:2290,d0c6167f48ad7f2013f856a20d5e9863eebfa7c450a745755dccfc2e1a984ea4
/Users/gokulmallabathula/deep-fake/datasets/raw/Celeb-Youtube-fake/2293.mp4,1,,Celeb-Youtube-fake,Celeb-Youtube-fake:2293,2071ae1aa27937bbd0153b0e5d7718f21b7ee18106499ea5f458dc1dd3f22632
/Users/gokulmallabathula/deep-fake/datasets/raw/Celeb-Youtube-fake/2297.mp4,1,,Celeb-Youtube-fake,Celeb-Youtube-fake:2297,87a6aa5c43c8f1f46b2edc90fba27c8280f406d3d8c4833111b3bbebb7e80118
/Users/gokulmallabathula/deep-fake/datasets/raw/Celeb-Youtube-fake/2298.mp4,1,,Celeb-Youtube-fake,Celeb-Youtube-fake:2298,9fb832bcc621bdb3b25187d60cb51a1d4d1573cecb4b9e286ed197343f1d9726
/Users/gokulmallabathula/deep-fake/datasets/raw/Celeb-Youtube-fake/2299.mp4,1,,Celeb-Youtube-fake,Celeb-Youtube-fake:2299,ee97ec6d35d655e7766ea94462e397236f5b4ceef10611aa78bbb1fa4669ce88
/Users/gokulmallabathula/deep-fake/datasets/raw/Celeb-Youtube-fake/23.mp4,1,,Celeb-Youtube-fake,Celeb-Youtube-fake:23,fc2955a8a2547334757ecf20f5268724583614e31a28c89bbafcedf20addb8db
/Users/gokulmallabathula/deep-fake/datasets/raw/Celeb-Youtube-fake/230.mp4,1,,Celeb-Youtube-fake,Celeb-Youtube-fake:230,19c34f3361a7160515540cc937ec26efcda9ab9f1755e47034798e1935c9c620
/Users/gokulmallabathula/deep-fake/datasets/raw/Celeb-Youtube-fake/2301.mp4,1,,Celeb-Youtube-fake,Celeb-Youtube-fake:2301,c74451a85df550786072bffc413370db0e74387a4d2742de54622a1989f72e00
/Users/gokulmallabathula/deep-fake/datasets/raw/Celeb-Youtube-fake/2303.mp4,1,,Celeb-Youtube-fake,Celeb-Youtube-fake:2303,d0dde2862f3061847331587f6c21a63be3b9d710c745946a9e239bfab632d56f
/Users/gokulmallabathula/deep-fake/datasets/raw/Celeb-Youtube-fake/2304.mp4,1,,Celeb-Youtube-fake,Celeb-Youtube-fake:2304,64467661bb6684dfa5b4165eba61ebcb7569ec3cea6657e1df0fab94c13287ad
/Users/gokulmallabathula/deep-fake/datasets/raw/Celeb-Youtube-fake/2305.mp4,1,,Celeb-Youtube-fake,Celeb-Youtube-fake:2305,decdbbefeedfd43196ef5e9f723dec41f32854f2f7bff37d55a065469f1354cd
/Users/gokulmallabathula/deep-fake/datasets/raw/Celeb-Youtube-fake/2306.mp4,1,,Celeb-Youtube-fake,Celeb-Youtube-fake:2306,65b18fc362ec8bca84f3f3e30648c2f5cd84cc4e141372aa2cb1fbbd070e56c7
/Users/gokulmallabathula/deep-fake/datasets/raw/Celeb-Youtube-fake/2307.mp4,1,,Celeb-Youtube-fake,Celeb-Youtube-fake:2307,ca5025c96c3ea2333d1775a837638f8e4be40a840e3d4d56b5e491a5667bfc63
/Users/gokulmallabathula/deep-fake/datasets/raw/Celeb-Youtube-fake/2308.mp4,1,,Celeb-Youtube-fake,Celeb-Youtube-fake:2308,295bfb96f2803ee40c44ab17d3dca3534382618547087a4ef2fb626e7bdb55f2
/Users/gokulmallabathula/deep-fake/datasets/raw/Celeb-Youtube-fake/2309.mp4,1,,Celeb-Youtube-fake,Celeb-Youtube-fake:2309,735d07b88b5859e49b9258db3925fd0c82aec88a550ed40eccad6741cec2049e
/Users/gokulmallabathula/deep-fake/datasets/raw/Celeb-Youtube-fake/231.mp4,1,,Celeb-Youtube-fake,Celeb-Youtube-fake:231,acf90fe54cbfb178b497ad376c032243538b74e33072cc7289ae08bd612ab262
/Users/gokulmallabathula/deep-fake/datasets/raw/Celeb-Youtube-fake/2310.mp4,1,,Celeb-Youtube-fake,Celeb-Youtube-fake:2310,37f71c8666110a90cc56f1b8689b6c3cec674e3df0d5c15d71c9ac41dfa20fdc
/Users/gokulmallabathula/deep-fake/datasets/raw/Celeb-Youtube-fake/2311.mp4,1,,Celeb-Youtube-fake,Celeb-Youtube-fake:2311,8a8f323b5d1c29726e336ee79d219cf9ad87cfac4a3cc658b745a2fe3c181b66
/Users/gokulmallabathula/deep-fake/datasets/raw/Celeb-Youtube-fake/2312.mp4,1,,Celeb-Youtube-fake,Celeb-Youtube-fake:2312,d8da4385929faefa9ab87890f851d96f7edb095ecd209e52e8eb1cf686ba7656
/Users/gokulmallabathula/deep-fake/datasets/raw/Celeb-Youtube-fake/2315.mp4,1,,Celeb-Youtube-fake,Celeb-Youtube-fake:2315,69512da365cecf112cd9508f3afdf58d358d53557f6f10a41fd6cb7376b26a6c
/Users/gokulmallabathula/deep-fake/datasets/raw/Celeb-Youtube-fake/2316.mp4,1,,Celeb-Youtube-fake,Celeb-Youtube-fake:2316,423d53d8df4b5550c4409cfc49ba11e5eaa88f54b736671b62643c51ce2b0b4a
/Users/gokulmallabathula/deep-fake/datasets/raw/Celeb-Youtube-fake/2317.mp4,1,,Celeb-Youtube-fake,Celeb-Youtube-fake:2317,bb1b1d4b16927174c9f1bd1b36d7bb6742e7e99666366b0b0d24380b6a9c3514
/Users/gokulmallabathula/deep-fake/datasets/raw/Celeb-Youtube-fake/2318.mp4,1,,Celeb-Youtube-fake,Celeb-Youtube-fake:2318,dd4f86779bbfbf8243b5ef0c5afdb07c5995d34eb5c845b6acef1f9117691d32
/Users/gokulmallabathula/deep-fake/datasets/raw/Celeb-Youtube-fake/2319.mp4,1,,Celeb-Youtube-fake,Celeb-Youtube-fake:2319,e52e894db56256bf22cd16f7b4bf64a72e1347014fc6e963ba4def5652b2b721
/Users/gokulmallabathula/deep-fake/datasets/raw/Celeb-Youtube-fake/2320.mp4,1,,Celeb-Youtube-fake,Celeb-Youtube-fake:2320,3dd17d3bbfa83b8a89f434b8e237834063cb385796c5075ab5527a99154b18ce
/Users/gokulmallabathula/deep-fake/datasets/raw/Celeb-Youtube-fake/2321.mp4,1,,Celeb-Youtube-fake,Celeb-Youtube-fake:2321,2244f214b147e2bf94ce75e4768c1238d34f01c14668f3843a44802bb601bab8
/Users/gokulmallabathula/deep-fake/datasets/raw/Celeb-Youtube-fake/2322.mp4,1,,Celeb-Youtube-fake,Celeb-Youtube-fake:2322,95421a65a47663d516571ac2947633894a0fd5f92f6644fab345eb47ac62dad3
/Users/gokulmallabathula/deep-fake/datasets/raw/Celeb-Youtube-fake/2323.mp4,1,,Celeb-Youtube-fake,Celeb-Youtube-fake:2323,9eea3cfe121cb41a84cd2ea9bf9857865588a913cd3cd42eaf450c767596ab62
/Users/gokulmallabathula/deep-fake/datasets/raw/Celeb-Youtube-fake/2324.mp4,1,,Celeb-Youtube-fake,Celeb-Youtube-fake:2324,0ecf29e9fb165c7b087b427002fae4ed7fc52c97b11fcd0184995c730de57f0d
/Users/gokulmallabathula/deep-fake/datasets/raw/Celeb-Youtube-fake/2326.mp4,1,,Celeb-Youtube-fake,Celeb-Youtube-fake:2326,9d525b9993ae371e0a3a10a53a9791b1952099bf2ae0fe4e7b4c16368aab4384
/Users/gokulmallabathula/deep-fake/datasets/raw/Celeb-Youtube-fake/2327.mp4,1,,Celeb-Youtube-fake,Celeb-Youtube-fake:2327,a0d892463c0a470d9e45c779831e19a688348a4851ad40836c8b64314380dfca
/Users/gokulmallabathula/deep-fake/datasets/raw/Celeb-Youtube-fake/2328.mp4,1,,Celeb-Youtube-fake,Celeb-Youtube-fake:2328,f5dc76158ea23d9275ae4aa85b2b54c3010df9463276a264dbfdd6dfa6482c2f
/Users/gokulmallabathula/deep-fake/datasets/raw/Celeb-Youtube-fake/2329.mp4,1,,Celeb-Youtube-fake,Celeb-Youtube-fake:2329,e1c43ef9b456d7966c1bf0943ef80364bdaceec08c98a52fd9c4d002b8cacb8d
/Users/gokulmallabathula/deep-fake/datasets/raw/Celeb-Youtube-fake/233.mp4,1,,Celeb-Youtube-fake,Celeb-Youtube-fake:233,23fd88840421ec9463b611079b44a63becf6ca75a7c8e2f1ddc5b04f17c3e171
/Users/gokulmallabathula/deep-fake/datasets/raw/Celeb-Youtube-fake/2330.mp4,1,,Celeb-Youtube-fake,Celeb-Youtube-fake:2330,b5d743b997ca4244d62d5b64216258efabdd587826771f11ab34ed8ecb49ba55
/Users/gokulmallabathula/deep-fake/datasets/raw/Celeb-Youtube-fake/2332.mp4,1,,Celeb-Youtube-fake,Celeb-Youtube-fake:2332,08191f03ce6d20b094703addbf6ddbe3f2f68270289eefa14a908c7367f11d27
/Users/gokulmallabathula/deep-fake/datasets/raw/Celeb-Youtube-fake/2333.mp4,1,,Celeb-Youtube-fake,Celeb-Youtube-fake:2333,80a64f0cbdcc50be7b7cdac426bb20c62a104a673b2322f8926a264b4ad8d2fd
/Users/gokulmallabathula/deep-fake/datasets/raw/Celeb-Youtube-fake/2334.mp4,1,,Celeb-Youtube-fake,Celeb-Youtube-fake:2334,95b8506c41c682b735dcc86644b7c5a8a44db94f880472eabffa26125bbd0fc6
/Users/gokulmallabathula/deep-fake/datasets/raw/Celeb-Youtube-fake/2336.mp4,1,,Celeb-Youtube-fake,Celeb-Youtube-fake:2336,7a0e6d0da4e18a59361fb7b293d552217eb80abeb485f5c41c46c3a96469587a
/Users/gokulmallabathula/deep-fake/datasets/raw/Celeb-Youtube-fake/2339.mp4,1,,Celeb-Youtube-fake,Celeb-Youtube-fake:2339,d413d6ee4178c03c1602262498af4e3c90ec82297d33d79888e520fa3b68f25f
/Users/gokulmallabathula/deep-fake/datasets/raw/Celeb-Youtube-fake/234.mp4,1,,Celeb-Youtube-fake,Celeb-Youtube-fake:234,cccbff83b2478bba9c85ff8fdb1d76cab99bad6a7c962d151daa1196411bd308
/Users/gokulmallabathula/deep-fake/datasets/raw/Celeb-Youtube-fake/2340.mp4,1,,Celeb-Youtube-fake,Celeb-Youtube-fake:2340,983e1a904b819f4690ed374e8d8462e9df8ffcca15bdc76001d422902a95c541
/Users/gokulmallabathula/deep-fake/datasets/raw/Celeb-Youtube-fake/2341.mp4,1,,Celeb-Youtube-fake,Celeb-Youtube-fake:2341,7693febb69ae21101e1857159740e76e4a32cfb4f669281ec804b64a8140a14b
/Users/gokulmallabathula/deep-fake/datasets/raw/Celeb-Youtube-fake/2342.mp4,1,,Celeb-Youtube-fake,Celeb-Youtube-fake:2342,57f94a42562cbf2b5c3bf718e97694bd58f9402729be0a8a248262e286142fc0
/Users/gokulmallabathula/deep-fake/datasets/raw/Celeb-Youtube-fake/2343.mp4,1,,Celeb-Youtube-fake,Celeb-Youtube-fake:2343,86daa515c542f4712b9a9c9a7902698b75dcb61cf6c26208a926d3927261c49b
/Users/gokulmallabathula/deep-fake/datasets/raw/Celeb-Youtube-fake/2344.mp4,1,,Celeb-Youtube-fake,Celeb-Youtube-fake:2344,9bf8e6d8dc646d7a33295cf6ba83fa607e94541433a61cb113a2b061c57531fe
/Users/gokulmallabathula/deep-fake/datasets/raw/Celeb-Youtube-fake/2345.mp4,1,,Celeb-Youtube-fake,Celeb-Youtube-fake:2345,c735479bb6c368a98fc5a9d09654e64b9a9aeb490c3d6b441f0e295a44de646f
/Users/gokulmallabathula/deep-fake/datasets/raw/Celeb-Youtube-fake/2346.mp4,1,,Celeb-Youtube-fake,Celeb-Youtube-fake:2346,886e5680dcdfe426e10edde700e4b0a5d8363de137dee172f900bd6c2b801a9b
/Users/gokulmallabathula/deep-fake/datasets/raw/Celeb-Youtube-fake/2347.mp4,1,,Celeb-Youtube-fake,Celeb-Youtube-fake:2347,21a4da301c41efb291626ffa42d0a5f27ad66c136a7a1d62708c0265583ea11b
/Users/gokulmallabathula/deep-fake/datasets/raw/Celeb-Youtube-fake/2348.mp4,1,,Celeb-Youtube-fake,Celeb-Youtube-fake:2348,1382e7518f9b789eaecc28a759d1db374076e295217e2ac19c3380ef3ae9301a
/Users/gokulmallabathula/deep-fake/datasets/raw/Celeb-Youtube-fake/2349.mp4,1,,Celeb-Youtube-fake,Celeb-Youtube-fake:2349,b3cc79a0fc1ebbb730065253a49da1e29cfdecff48fec215acf80b4661b45725
/Users/gokulmallabathula/deep-fake/datasets/raw/Celeb-Youtube-fake/235.mp4,1,,Celeb-Youtube-fake,Celeb-Youtube-fake:235,f671d494858da4be3e0d56af1b0eedc6a101ccea15deee8ffc94547ca938a63b
/Users/gokulmallabathula/deep-fake/datasets/raw/Celeb-Youtube-fake/2351.mp4,1,,Celeb-Youtube-fake,Celeb-Youtube-fake:2351,58520ba15818bba3460c227218743a7fc973fff8a99fb7e0b45b7307052754f6
/Users/gokulmallabathula/deep-fake/datasets/raw/Celeb-Youtube-fake/2353.mp4,1,,Celeb-Youtube-fake,Celeb-Youtube-fake:2353,e0bad1ce47b53880a107f494230b57ded0865874d171650d7f72749863dd45f7
/Users/gokulmallabathula/deep-fake/datasets/raw/Celeb-Youtube-fake/2354.mp4,1,,Celeb-Youtube-fake,Celeb-Youtube-fake:2354,ccf6639551f1f06c37a42a5b3aae3bb7f520fe58629ac93e513353bf7438356b
/Users/gokulmallabathula/deep-fake/datasets/raw/Celeb-Youtube-fake/2355.mp4,1,,Celeb-Youtube-fake,Celeb-Youtube-fake:2355,8b4f9b59d81f463b0a5e3dcf11004ef1a869d661ba1704bc1e67f5b973da0bb7
/Users/gokulmallabathula/deep-fake/datasets/raw/Celeb-Youtube-fake/2356.mp4,1,,Celeb-Youtube-fake,Celeb-Youtube-fake:2356,ba44a57f242cfa79a2a3efcc85d084798be398757665d91049481107b415bf93
/Users/gokulmallabathula/deep-fake/datasets/raw/Celeb-Youtube-fake/2358.mp4,1,,Celeb-Youtube-fake,Celeb-Youtube-fake:2358,5e373d26027144b1b2c03cf96693bc28e457cabf857d26fa671d42e746904329
/Users/gokulmallabathula/deep-fake/datasets/raw/Celeb-Youtube-fake/2359.mp4,1,,Celeb-Youtube-fake,Celeb-Youtube-fake:2359,f68bf614f2ed0a2c2b0a18166b58f0511f0866bc4c9076cbb88ae2e3ff08c53a
/Users/gokulmallabathula/deep-fake/datasets/raw/Celeb-Youtube-fake/236.mp4,1,,Celeb-Youtube-fake,Celeb-Youtube-fake:236,bb87c4bdc2694f23dff2fdf30a383b3d5798d20aca063b7b05cb718dc3934a33
/Users/gokulmallabathula/deep-fake/datasets/raw/Celeb-Youtube-fake/2360.mp4,1,,Celeb-Youtube-fake,Celeb-Youtube-fake:2360,a3af50522583a327fe40874abd816f83642be264018ea150511165fab2ad9f79
/Users/gokulmallabathula/deep-fake/datasets/raw/Celeb-Youtube-fake/2363.mp4,1,,Celeb-Youtube-fake,Celeb-Youtube-fake:2363,ae8f45eaa38b47a19f0d0622c43400e688e125ed91131ca71ef691c461e8682b
/Users/gokulmallabathula/deep-fake/datasets/raw/Celeb-Youtube-fake/2364.mp4,1,,Celeb-Youtube-fake,Celeb-Youtube-fake:2364,d05d8736b7819f4af13326bf6320a72852d24d767900077bee5ccf27ee38607f
/Users/gokulmallabathula/deep-fake/datasets/raw/Celeb-Youtube-fake/2365.mp4,1,,Celeb-Youtube-fake,Celeb-Youtube-fake:2365,d7817fa4cf70115a317dc3b65547545e0e8064d9e115210a16033009d709cc11
/Users/gokulmallabathula/deep-fake/datasets/raw/Celeb-Youtube-fake/2366.mp4,1,,Celeb-Youtube-fake,Celeb-Youtube-fake:2366,eccdc5b5eb756aa234e9bbf5f38d6e64dc389c753813422684d7bc2c21a9d468
/Users/gokulmallabathula/deep-fake/datasets/raw/Celeb-Youtube-fake/2367.mp4,1,,Celeb-Youtube-fake,Celeb-Youtube-fake:2367,795e58ee007164757a9ade0e6ddd10f56bd2565584ff0f71ee64ebace37f3511
/Users/gokulmallabathula/deep-fake/datasets/raw/Celeb-Youtube-fake/2369.mp4,1,,Celeb-Youtube-fake,Celeb-Youtube-fake:2369,8b16e3d608e73658331bf1ecdcd25bf296a86305a4a96f42a3edef565fd4ee3a
/Users/gokulmallabathula/deep-fake/datasets/raw/Celeb-Youtube-fake/237.mp4,1,,Celeb-Youtube-fake,Celeb-Youtube-fake:237,93075c1e71ef9952767b9efdb2eb4825a717bb56a20f06dc05e18282705eaa82
/Users/gokulmallabathula/deep-fake/datasets/raw/Celeb-Youtube-fake/2370.mp4,1,,Celeb-Youtube-fake,Celeb-Youtube-fake:2370,2fc94c88ccf367adce261d7c6a0eedf5706f65761c5d930b2888db0aee1e9a12
/Users/gokulmallabathula/deep-fake/datasets/raw/Celeb-Youtube-fake/2372.mp4,1,,Celeb-Youtube-fake,Celeb-Youtube-fake:2372,02d00a9d770585bd88fb538a472bd923da8f2aee23baad837dacdd611ca9d281
/Users/gokulmallabathula/deep-fake/datasets/raw/Celeb-Youtube-fake/2373.mp4,1,,Celeb-Youtube-fake,Celeb-Youtube-fake:2373,90e8f181dee6275f5794d53acadcd7daf4ebd76bf0b13db1b79b769c5af2a97a
/Users/gokulmallabathula/deep-fake/datasets/raw/Celeb-Youtube-fake/2374.mp4,1,,Celeb-Youtube-fake,Celeb-Youtube-fake:2374,45621e0a2c45aab767c1a18fc3b2f877cfb45ee43b8db0db1490120402c14fed
/Users/gokulmallabathula/deep-fake/datasets/raw/Celeb-Youtube-fake/2375.mp4,1,,Celeb-Youtube-fake,Celeb-Youtube-fake:2375,0a8575d33faa9fb96aeb013458c06c8d1049b77db59d60daab62653c8bef26f1
/Users/gokulmallabathula/deep-fake/datasets/raw/Celeb-Youtube-fake/2376.mp4,1,,Celeb-Youtube-fake,Celeb-Youtube-fake:2376,ff5e1cab3fdbc562587e4b17310e5e26f52b4d4180410398cb544f7cfaed952d
/Users/gokulmallabathula/deep-fake/datasets/raw/Celeb-Youtube-fake/2377.mp4,1,,Celeb-Youtube-fake,Celeb-Youtube-fake:2377,b79d093881c0c0137a919f53810df8f1e7ea90757a9bf85d2e40aeb7b8c016bd
/Users/gokulmallabathula/deep-fake/datasets/raw/Celeb-Youtube-fake/2379.mp4,1,,Celeb-Youtube-fake,Celeb-Youtube-fake:2379,39f2a4e65d53702fb4e8d9b7890d737a6164b67b54f741689eab81bd21a2f76e
/Users/gokulmallabathula/deep-fake/datasets/raw/Celeb-Youtube-fake/238.mp4,1,,Celeb-Youtube-fake,Celeb-Youtube-fake:238,1d35c8c54b11c2db6bd21d9d86961da8216a5af7d5a5845bc5f200ac499147aa
/Users/gokulmallabathula/deep-fake/datasets/raw/Celeb-Youtube-fake/2381.mp4,1,,Celeb-Youtube-fake,Celeb-Youtube-fake:2381,4280f699454292dfa18178e82a5bd70db5eb82110a711a24da0fc18b1d597849
/Users/gokulmallabathula/deep-fake/datasets/raw/Celeb-Youtube-fake/2382.mp4,1,,Celeb-Youtube-fake,Celeb-Youtube-fake:2382,56ef7ef56905e135998948cf5a4fc0fd73ca38dab63b31c2875c826fa6d4d756
/Users/gokulmallabathula/deep-fake/datasets/raw/Celeb-Youtube-fake/2383.mp4,1,,Celeb-Youtube-fake,Celeb-Youtube-fake:2383,1571c543aaa3fe41e083799b493d0fd9bd4083d74720a61de6658886ecb2cfac
/Users/gokulmallabathula/deep-fake/datasets/raw/Celeb-Youtube-fake/2385.mp4,1,,Celeb-Youtube-fake,Celeb-Youtube-fake:2385,1beb9f8a84595bd7e948acbc968f699d13a2003bc99ffb7cb54630c2c2e85eea
/Users/gokulmallabathula/deep-fake/datasets/raw/Celeb-Youtube-fake/2386.mp4,1,,Celeb-Youtube-fake,Celeb-Youtube-fake:2386,e6d87405d59b7242126504c5351cfdc2af5353f1e4088df66da17625b04095ca
/Users/gokulmallabathula/deep-fake/datasets/raw/Celeb-Youtube-fake/2387.mp4,1,,Celeb-Youtube-fake,Celeb-Youtube-fake:2387,51bf345815320656f36bb926963d88359b63c670cb312d93994392de43224817
/Users/gokulmallabathula/deep-fake/datasets/raw/Celeb-Youtube-fake/2388.mp4,1,,Celeb-Youtube-fake,Celeb-Youtube-fake:2388,9f1b7cf0b87a4d7ab99023c40491ca8df825829e1142d13995701d2b90ce5095
/Users/gokulmallabathula/deep-fake/datasets/raw/Celeb-Youtube-fake/239.mp4,1,,Celeb-Youtube-fake,Celeb-Youtube-fake:239,a0cdca51bff48939b532fa15bb775c65816ab79eb2aa95a85d996c7eb129e257
/Users/gokulmallabathula/deep-fake/datasets/raw/Celeb-Youtube-fake/2390.mp4,1,,Celeb-Youtube-fake,Celeb-Youtube-fake:2390,edb4e27d2575d31086cdce67e5beaf0e14d47a13f81a80f3d7f68f31f45ff139
/Users/gokulmallabathula/deep-fake/datasets/raw/Celeb-Youtube-fake/2391.mp4,1,,Celeb-Youtube-fake,Celeb-Youtube-fake:2391,63d5ec8a5eeab63f62501dee4aef73ebca411d6f1177e37af7ff88d7732ffca1
/Users/gokulmallabathula/deep-fake/datasets/raw/Celeb-Youtube-fake/2392.mp4,1,,Celeb-Youtube-fake,Celeb-Youtube-fake:2392,cc255880b988177634a1a862f35d7c7e2819909df2042a76ee6df58c2bf84999
/Users/gokulmallabathula/deep-fake/datasets/raw/Celeb-Youtube-fake/2393.mp4,1,,Celeb-Youtube-fake,Celeb-Youtube-fake:2393,f4a3485d6fdc8a62a6dbe204131791fb0d5d6f0b3c5a5ec7564bd82831dc0174
/Users/gokulmallabathula/deep-fake/datasets/raw/Celeb-Youtube-fake/2394.mp4,1,,Celeb-Youtube-fake,Celeb-Youtube-fake:2394,2ab99cc7afb5f68784e0556c5ed5732109e37ff59babb8da1304d299ece8d992
/Users/gokulmallabathula/deep-fake/datasets/raw/Celeb-Youtube-fake/2395.mp4,1,,Celeb-Youtube-fake,Celeb-Youtube-fake:2395,3b5e3da8a4e85260cae3f0851a913bf224e1f33f7cb57be83eb0fc10821f4153
/Users/gokulmallabathula/deep-fake/datasets/raw/Celeb-Youtube-fake/2396.mp4,1,,Celeb-Youtube-fake,Celeb-Youtube-fake:2396,7a5b5633caa46301b46a6d70b7abb694909f0679d861e6fd76746ff8efb39e83
/Users/gokulmallabathula/deep-fake/datasets/raw/Celeb-Youtube-fake/2399.mp4,1,,Celeb-Youtube-fake,Celeb-Youtube-fake:2399,c163e549f52ad9ef902a0eec9300aadcf440d8788b73d02dcb2f52b6a67404a6
/Users/gokulmallabathula/deep-fake/datasets/raw/Celeb-Youtube-fake/2401.mp4,1,,Celeb-Youtube-fake,Celeb-Youtube-fake:2401,8264e6fbfd97c5a2ba61c43adeb8508ef94d79c17c39968efce37220c75cd8fa
/Users/gokulmallabathula/deep-fake/datasets/raw/Celeb-Youtube-fake/2403.mp4,1,,Celeb-Youtube-fake,Celeb-Youtube-fake:2403,e9a05d376710a6b783fbd5941ad56c820c10296a51686be2445855572c1e5128
/Users/gokulmallabathula/deep-fake/datasets/raw/Celeb-Youtube-fake/2404.mp4,1,,Celeb-Youtube-fake,Celeb-Youtube-fake:2404,bfa3720bfd2ebe83626e87737a87b16b1631420057c4fe97b45cd08e5c069026
/Users/gokulmallabathula/deep-fake/datasets/raw/Celeb-Youtube-fake/2405.mp4,1,,Celeb-Youtube-fake,Celeb-Youtube-fake:2405,4a2926806a2618ce5085aaf43ae33e3fc691300fbd950f5604faaaaead0ff5ad
/Users/gokulmallabathula/deep-fake/datasets/raw/Celeb-Youtube-fake/2407.mp4,1,,Celeb-Youtube-fake,Celeb-Youtube-fake:2407,eb80457fc3a51e9f93b5382e350394b86ef841ca3f996f08bc67858c04e1e048
/Users/gokulmallabathula/deep-fake/datasets/raw/Celeb-Youtube-fake/2408.mp4,1,,Celeb-Youtube-fake,Celeb-Youtube-fake:2408,b99a12739f014ff61d40cd6ff6cf6c457b85796a3eda277a1fd26813d28382bd
/Users/gokulmallabathula/deep-fake/datasets/raw/Celeb-Youtube-fake/2409.mp4,1,,Celeb-Youtube-fake,Celeb-Youtube-fake:2409,00c54a15cf7458b054437712d7145bd9ed12ceee9a8c01693bc16727b708a542
/Users/gokulmallabathula/deep-fake/datasets/raw/Celeb-Youtube-fake/2410.mp4,1,,Celeb-Youtube-fake,Celeb-Youtube-fake:2410,17ce67d5ec09f25f79342ae1dcba02639a9daa84a9efada201c9d749df32c040
/Users/gokulmallabathula/deep-fake/datasets/raw/Celeb-Youtube-fake/2412.mp4,1,,Celeb-Youtube-fake,Celeb-Youtube-fake:2412,34071200dd390c185ac72e1eae36b20fc83cf607a348163628f08c3cc96691f1
/Users/gokulmallabathula/deep-fake/datasets/raw/Celeb-Youtube-fake/2413.mp4,1,,Celeb-Youtube-fake,Celeb-Youtube-fake:2413,6ec5ad46eaaea61980cfe8cc91dbbdc964675b6a2eef7a979dc330a0d5cedcbd
/Users/gokulmallabathula/deep-fake/datasets/raw/Celeb-Youtube-fake/2416.mp4,1,,Celeb-Youtube-fake,Celeb-Youtube-fake:2416,dfab80ae964f89563e001b8ccf33e2c674cc6348790d16516a70045b0eb5b907
/Users/gokulmallabathula/deep-fake/datasets/raw/Celeb-Youtube-fake/2418.mp4,1,,Celeb-Youtube-fake,Celeb-Youtube-fake:2418,6e693cd4d6ea9ec8f1000e6b9398e6a7d8ada9bcbec49b41b88adb6057505e85
/Users/gokulmallabathula/deep-fake/datasets/raw/Celeb-Youtube-fake/2419.mp4,1,,Celeb-Youtube-fake,Celeb-Youtube-fake:2419,6a4dabb04d5ab84934ce3727fea56c9c59351c8981a30322a4664984c8d5537c
/Users/gokulmallabathula/deep-fake/datasets/raw/Celeb-Youtube-fake/242.mp4,1,,Celeb-Youtube-fake,Celeb-Youtube-fake:242,ce8b12dda22a25753aebeff0e027ebeda0a6eae94e413ef37167916060f933cd
/Users/gokulmallabathula/deep-fake/datasets/raw/Celeb-Youtube-fake/2420.mp4,1,,Celeb-Youtube-fake,Celeb-Youtube-fake:2420,ac7534f10a62f5a9d758214b4ff4313081df826638f2f288a0d64c3c37d538f9
/Users/gokulmallabathula/deep-fake/datasets/raw/Celeb-Youtube-fake/2422.mp4,1,,Celeb-Youtube-fake,Celeb-Youtube-fake:2422,57c1dc160c7dd650d7b818957f4d8fec90a7d6da6e6ab0bcec35c396478b28c4
/Users/gokulmallabathula/deep-fake/datasets/raw/Celeb-Youtube-fake/2423.mp4,1,,Celeb-Youtube-fake,Celeb-Youtube-fake:2423,580ee533e37debc43ad4cdf1e4fb4b8aac602723719cd2e5d081612633cc6848
/Users/gokulmallabathula/deep-fake/datasets/raw/Celeb-Youtube-fake/2424.mp4,1,,Celeb-Youtube-fake,Celeb-Youtube-fake:2424,3485e8dec2a4c7e7a8d7664aa34c375598bfbe4c66a837e19998c6735e1d8782
/Users/gokulmallabathula/deep-fake/datasets/raw/Celeb-Youtube-fake/2425.mp4,1,,Celeb-Youtube-fake,Celeb-Youtube-fake:2425,87c536d8551ba46a216f4e9d501405fc51d17deced618878852526682e7b1849
/Users/gokulmallabathula/deep-fake/datasets/raw/Celeb-Youtube-fake/2426.mp4,1,,Celeb-Youtube-fake,Celeb-Youtube-fake:2426,faf498a418b1792635a4710d29938259d668547955a65d64208f4ec1f83b9a31
/Users/gokulmallabathula/deep-fake/datasets/raw/Celeb-Youtube-fake/2427.mp4,1,,Celeb-Youtube-fake,Celeb-Youtube-fake:2427,99527d7866c03a68169abeaa8b6ac6294e6e9159ee23e0c7ff47410d9a6af3cd
/Users/gokulmallabathula/deep-fake/datasets/raw/Celeb-Youtube-fake/243.mp4,1,,Celeb-Youtube-fake,Celeb-Youtube-fake:243,276e9aaed7425d4f8ab5a011084bf980a9f3fdd4aec46d14aed15f72cba3698c
/Users/gokulmallabathula/deep-fake/datasets/raw/Celeb-Youtube-fake/2431.mp4,1,,Celeb-Youtube-fake,Celeb-Youtube-fake:2431,e0496423e6294ece87f621c619ef2e7ceeaf85b0e75e183f78bcd321bf8188c8
/Users/gokulmallabathula/deep-fake/datasets/raw/Celeb-Youtube-fake/2432.mp4,1,,Celeb-Youtube-fake,Celeb-Youtube-fake:2432,1388a3bc6e33907632dda424f6ab901a241854ed48f138f9f041e441077c1777
/Users/gokulmallabathula/deep-fake/datasets/raw/Celeb-Youtube-fake/2433.mp4,1,,Celeb-Youtube-fake,Celeb-Youtube-fake:2433,c51a8b0b0263d6a9d05b1cd5118966cc3ebaa1dc547d8542a555b6ad3ac61600
/Users/gokulmallabathula/deep-fake/datasets/raw/Celeb-Youtube-fake/2434.mp4,1,,Celeb-Youtube-fake,Celeb-Youtube-fake:2434,bd179a5e6dac13dc9cd90b7659e70670a73c5acd7ccc9121d816a1e225d21277
/Users/gokulmallabathula/deep-fake/datasets/raw/Celeb-Youtube-fake/2435.mp4,1,,Celeb-Youtube-fake,Celeb-Youtube-fake:2435,c75e0b1d5508b04f2d8958a1b8b2ccf737a18ef4e907f5246bf3bce296894254
/Users/gokulmallabathula/deep-fake/datasets/raw/Celeb-Youtube-fake/2436.mp4,1,,Celeb-Youtube-fake,Celeb-Youtube-fake:2436,0df6248e7a70200daf4f4dfc4ca4040039311b42ed2285e3ba82ea3b5e9ff09d
/Users/gokulmallabathula/deep-fake/datasets/raw/Celeb-Youtube-fake/2437.mp4,1,,Celeb-Youtube-fake,Celeb-Youtube-fake:2437,f4c7d153f9e04879eb361a27a816d6c33db58f9a2151ca11cc212b986d1c610e
/Users/gokulmallabathula/deep-fake/datasets/raw/Celeb-Youtube-fake/2438.mp4,1,,Celeb-Youtube-fake,Celeb-Youtube-fake:2438,0aa0198ef3d4c5bfa2b6fcaafc74b73015d709eb39e84841d7f6d1c1c94b9ab9
/Users/gokulmallabathula/deep-fake/datasets/raw/Celeb-Youtube-fake/2439.mp4,1,,Celeb-Youtube-fake,Celeb-Youtube-fake:2439,e2449f00ba109fe84a26571318d29639a5d183875dedda3a1bbef7f2c1f2d061
/Users/gokulmallabathula/deep-fake/datasets/raw/Celeb-Youtube-fake/244.mp4,1,,Celeb-Youtube-fake,Celeb-Youtube-fake:244,f0715bb642a7c1503cf9ae295636412b1449dd9811d79c3e27e391aac447b9e1
/Users/gokulmallabathula/deep-fake/datasets/raw/Celeb-Youtube-fake/2440.mp4,1,,Celeb-Youtube-fake,Celeb-Youtube-fake:2440,21a0b00dc7f73d6e83751f52e9cf5d9689a1930c86f8f3cd46c6a30428b52f57
/Users/gokulmallabathula/deep-fake/datasets/raw/Celeb-Youtube-fake/2441.mp4,1,,Celeb-Youtube-fake,Celeb-Youtube-fake:2441,be5085d421b757c54cda377468ed1ffb9afa837259bd5ee44aa844a64195fbd1
/Users/gokulmallabathula/deep-fake/datasets/raw/Celeb-Youtube-fake/2442.mp4,1,,Celeb-Youtube-fake,Celeb-Youtube-fake:2442,13f1edbb7ef348bebed6b331186dd7862fd22a3f082dde8d5076266efc1d6328
/Users/gokulmallabathula/deep-fake/datasets/raw/Celeb-Youtube-fake/2443.mp4,1,,Celeb-Youtube-fake,Celeb-Youtube-fake:2443,3827377de6052c204e99c29f757ff1583a48c5d8a2dfa5d265ae5f540c920ea2
/Users/gokulmallabathula/deep-fake/datasets/raw/Celeb-Youtube-fake/2444.mp4,1,,Celeb-Youtube-fake,Celeb-Youtube-fake:2444,e2185ba34052759edffbf9ea521ffbe5e5dafb28e0b089ce778b4e509f42441a
/Users/gokulmallabathula/deep-fake/datasets/raw/Celeb-Youtube-fake/2445.mp4,1,,Celeb-Youtube-fake,Celeb-Youtube-fake:2445,dfad3fb4359cb7056b4bfa6c71d0d43e87dd46a54be715b61389fccdf20815c5
/Users/gokulmallabathula/deep-fake/datasets/raw/Celeb-Youtube-fake/2446.mp4,1,,Celeb-Youtube-fake,Celeb-Youtube-fake:2446,78b52c785345e73a782a8d92571cac5fc9f61b9d55d0c97a1804a437c203b3f0
/Users/gokulmallabathula/deep-fake/datasets/raw/Celeb-Youtube-fake/2447.mp4,1,,Celeb-Youtube-fake,Celeb-Youtube-fake:2447,c1ce5397cfeacaa55bb3bdd08e96a1b3c450aaafaa696c87be5ac03b7495d928
/Users/gokulmallabathula/deep-fake/datasets/raw/Celeb-Youtube-fake/2448.mp4,1,,Celeb-Youtube-fake,Celeb-Youtube-fake:2448,862076094ab531bbd92a99ddd19e6e09297c814dc7195de66e04c1b3c6cd3f18
/Users/gokulmallabathula/deep-fake/datasets/raw/Celeb-Youtube-fake/2449.mp4,1,,Celeb-Youtube-fake,Celeb-Youtube-fake:2449,d306eb9e02c4d35d8a57bfb8f92a3697fcb3f0d53d3fde327209bcbd57328318
/Users/gokulmallabathula/deep-fake/datasets/raw/Celeb-Youtube-fake/245.mp4,1,,Celeb-Youtube-fake,Celeb-Youtube-fake:245,717528cf237451cfc527805db11a1db7253f86c4f578577e90456b09fbb731d5
/Users/gokulmallabathula/deep-fake/datasets/raw/Celeb-Youtube-fake/2451.mp4,1,,Celeb-Youtube-fake,Celeb-Youtube-fake:2451,e89643984026c4f299a5e37b0e69aef20b20f63e70c24a6b438301d2e7a4e3ff
/Users/gokulmallabathula/deep-fake/datasets/raw/Celeb-Youtube-fake/2452.mp4,1,,Celeb-Youtube-fake,Celeb-Youtube-fake:2452,62c861d423e0402eae5486006c9c8dad2a6cb6dc74ceed9373ba5ee5c1efc342
/Users/gokulmallabathula/deep-fake/datasets/raw/Celeb-Youtube-fake/2453.mp4,1,,Celeb-Youtube-fake,Celeb-Youtube-fake:2453,0674481d56c9657996b0c0cc6e7471f197069e2574304ad9399bd42f4eb67400
/Users/gokulmallabathula/deep-fake/datasets/raw/Celeb-Youtube-fake/2455.mp4,1,,Celeb-Youtube-fake,Celeb-Youtube-fake:2455,163522bb1e4448c589a0548fe2c0c3b157781736f9c504486166414b4eafea0d
/Users/gokulmallabathula/deep-fake/datasets/raw/Celeb-Youtube-fake/2458.mp4,1,,Celeb-Youtube-fake,Celeb-Youtube-fake:2458,8f64ef1177a320800de2834956bf0f2e9542b50cc35124b0e612dc9359cb17a1
/Users/gokulmallabathula/deep-fake/datasets/raw/Celeb-Youtube-fake/2459.mp4,1,,Celeb-Youtube-fake,Celeb-Youtube-fake:2459,fceaa78a2489b816cdd65a5cd1763d0ceb04e11c9f152c54aa83699e67c84654
/Users/gokulmallabathula/deep-fake/datasets/raw/Celeb-Youtube-fake/2460.mp4,1,,Celeb-Youtube-fake,Celeb-Youtube-fake:2460,e63eecaa3e60855a433e534413bcecaa69d024362cfeacfe17e416d842f11724
/Users/gokulmallabathula/deep-fake/datasets/raw/Celeb-Youtube-fake/2462.mp4,1,,Celeb-Youtube-fake,Celeb-Youtube-fake:2462,b2c9dc94900ec44ae5a8d93e7ceb4845c2a49935ccda3556a2955d6ad3b6cb54
/Users/gokulmallabathula/deep-fake/datasets/raw/Celeb-Youtube-fake/2465.mp4,1,,Celeb-Youtube-fake,Celeb-Youtube-fake:2465,6ee2b029c34bb18e747f5df9be691e6e69bda284675a5fccf2ef36c9c78a4a12
/Users/gokulmallabathula/deep-fake/datasets/raw/Celeb-Youtube-fake/2467.mp4,1,,Celeb-Youtube-fake,Celeb-Youtube-fake:2467,bc6420f11ca14c51e9246b5e4834656df35568c8a14324e3771c06f1aca17676
/Users/gokulmallabathula/deep-fake/datasets/raw/Celeb-Youtube-fake/247.mp4,1,,Celeb-Youtube-fake,Celeb-Youtube-fake:247,070d6b1e148daf3653d917041c2d1c1479e34cc1242b9ee2887bd2be5b75f4c1
/Users/gokulmallabathula/deep-fake/datasets/raw/Celeb-Youtube-fake/2470.mp4,1,,Celeb-Youtube-fake,Celeb-Youtube-fake:2470,172232a0c0fe2d7ada5634a14c3c97cbcbedafe2b4ab1638c65783997a4ea6dd
/Users/gokulmallabathula/deep-fake/datasets/raw/Celeb-Youtube-fake/2471.mp4,1,,Celeb-Youtube-fake,Celeb-Youtube-fake:2471,0968d1b0183e6f521a4171d179675c32619ebca68b953c09f4bf5f0448f1ac6f
/Users/gokulmallabathula/deep-fake/datasets/raw/Celeb-Youtube-fake/2472.mp4,1,,Celeb-Youtube-fake,Celeb-Youtube-fake:2472,d065397daa5a54aaec9cba26f487c67e14ed41847b680541146e23163cb2a558
/Users/gokulmallabathula/deep-fake/datasets/raw/Celeb-Youtube-fake/2473.mp4,1,,Celeb-Youtube-fake,Celeb-Youtube-fake:2473,cc16e6da5ea477a4b3f4d2c43e9a51a061a9754249d361c04346d253055e5e1f
/Users/gokulmallabathula/deep-fake/datasets/raw/Celeb-Youtube-fake/2476.mp4,1,,Celeb-Youtube-fake,Celeb-Youtube-fake:2476,da8d6c95c04a11a893dfccfce88178f8ae417e11989a1cec648e53eb215248ea
/Users/gokulmallabathula/deep-fake/datasets/raw/Celeb-Youtube-fake/2477.mp4,1,,Celeb-Youtube-fake,Celeb-Youtube-fake:2477,a07f2af4158ce42359c4d938c98415f96db4c9a1ef4ee1a69b8d8fe8fb92609e
/Users/gokulmallabathula/deep-fake/datasets/raw/Celeb-Youtube-fake/2479.mp4,1,,Celeb-Youtube-fake,Celeb-Youtube-fake:2479,472cd0f2debf993ab4a96b420e8afffcd96543611e93bf2d505e0b408c9f7962
/Users/gokulmallabathula/deep-fake/datasets/raw/Celeb-Youtube-fake/248.mp4,1,,Celeb-Youtube-fake,Celeb-Youtube-fake:248,d53e7aa50af6efb875c3d984aff0291e0c16c45833c53b6755b85cbc953944fc
/Users/gokulmallabathula/deep-fake/datasets/raw/Celeb-Youtube-fake/2481.mp4,1,,Celeb-Youtube-fake,Celeb-Youtube-fake:2481,01413cfde41a1493ec0151dc27b59065e3006f1af2a770df8b010490c4788e76
/Users/gokulmallabathula/deep-fake/datasets/raw/Celeb-Youtube-fake/2482.mp4,1,,Celeb-Youtube-fake,Celeb-Youtube-fake:2482,6f90e712ba7fc6faf0314572e78fb8c7b98533cdcfc5d397c85f2f74d2a1d3be
/Users/gokulmallabathula/deep-fake/datasets/raw/Celeb-Youtube-fake/2483.mp4,1,,Celeb-Youtube-fake,Celeb-Youtube-fake:2483,021ab9cdb0d38ad59a1ada7394906e61b412e4ed4f62340e3b59fd237850f3b3
/Users/gokulmallabathula/deep-fake/datasets/raw/Celeb-Youtube-fake/2484.mp4,1,,Celeb-Youtube-fake,Celeb-Youtube-fake:2484,46853be063404ee7efc175a398e130f795f0ac731546045a8afbca8c7e6b6f5d
/Users/gokulmallabathula/deep-fake/datasets/raw/Celeb-Youtube-fake/2485.mp4,1,,Celeb-Youtube-fake,Celeb-Youtube-fake:2485,c31dedc0ecb10e8b481420fa864408fe1cba9d7bdf35bcd3ca1a3b3364c2e1e5
/Users/gokulmallabathula/deep-fake/datasets/raw/Celeb-Youtube-fake/2486.mp4,1,,Celeb-Youtube-fake,Celeb-Youtube-fake:2486,4a190f0c5b277ae9375981d3ddd4494e52ba4fe239a7b9ea15aca576cbb72a34
/Users/gokulmallabathula/deep-fake/datasets/raw/Celeb-Youtube-fake/2487.mp4,1,,Celeb-Youtube-fake,Celeb-Youtube-fake:2487,3c65110d8362a6a96efce4b43f81fac7875c57a799d2fc4d860d0be7bd6ec787
/Users/gokulmallabathula/deep-fake/datasets/raw/Celeb-Youtube-fake/2488.mp4,1,,Celeb-Youtube-fake,Celeb-Youtube-fake:2488,339c5b76d34d0a0c1ec21716750a126ca7be61e901a7e848a014becc5dd4b07d
/Users/gokulmallabathula/deep-fake/datasets/raw/Celeb-Youtube-fake/249.mp4,1,,Celeb-Youtube-fake,Celeb-Youtube-fake:249,7c87b6dfc91b7b1b163f0beb9b3cfcebf3c6058e74e1379d4d92c5ba2b2a99fa
/Users/gokulmallabathula/deep-fake/datasets/raw/Celeb-Youtube-fake/2490.mp4,1,,Celeb-Youtube-fake,Celeb-Youtube-fake:2490,7d5d7a2e5e8483550bcb403495096b832e837f647da11030b505ecf07a81e4ee
/Users/gokulmallabathula/deep-fake/datasets/raw/Celeb-Youtube-fake/2492.mp4,1,,Celeb-Youtube-fake,Celeb-Youtube-fake:2492,e18ba1a0b19384ec6565ed7903ef099b96bc4eeb819efd454f4bac06281f2e45
/Users/gokulmallabathula/deep-fake/datasets/raw/Celeb-Youtube-fake/2493.mp4,1,,Celeb-Youtube-fake,Celeb-Youtube-fake:2493,16b3539aabf5c729be158502ed28074c3cb52700c0938c294988dd4ce970b989
/Users/gokulmallabathula/deep-fake/datasets/raw/Celeb-Youtube-fake/2494.mp4,1,,Celeb-Youtube-fake,Celeb-Youtube-fake:2494,2bdc134ddcd542ebd0a3d5fe538e0615ca3afdbca89f504dd1ab02f60a31963a
/Users/gokulmallabathula/deep-fake/datasets/raw/Celeb-Youtube-fake/2495.mp4,1,,Celeb-Youtube-fake,Celeb-Youtube-fake:2495,286bba23ebc86bec101792b2a3be682f91aefa3832b1e6d76409e46ba0514cc0
/Users/gokulmallabathula/deep-fake/datasets/raw/Celeb-Youtube-fake/2496.mp4,1,,Celeb-Youtube-fake,Celeb-Youtube-fake:2496,c3c200e30581fcaea5a3773b41aa6722afb52f4fe43077a6d88d5c582daf10cc
/Users/gokulmallabathula/deep-fake/datasets/raw/Celeb-Youtube-fake/2497.mp4,1,,Celeb-Youtube-fake,Celeb-Youtube-fake:2497,d8014a48ef3a8a03567b90389581757c06f1e816e5798293cc31e4ae8cf5fd5a
/Users/gokulmallabathula/deep-fake/datasets/raw/Celeb-Youtube-fake/2498.mp4,1,,Celeb-Youtube-fake,Celeb-Youtube-fake:2498,4dd9e677e66139944cd454b1c4746e6db9cf76036e3681a9e95a9f401306bdea
/Users/gokulmallabathula/deep-fake/datasets/raw/Celeb-Youtube-fake/25.mp4,1,,Celeb-Youtube-fake,Celeb-Youtube-fake:25,cd70b725d60c6ec7e3b5484f6ba69301fae314198910959ac932683845943015
/Users/gokulmallabathula/deep-fake/datasets/raw/Celeb-Youtube-fake/250.mp4,1,,Celeb-Youtube-fake,Celeb-Youtube-fake:250,035ad228a2f624522a471a504db1d1f2a8340e1843583502d9b613f69334514f
/Users/gokulmallabathula/deep-fake/datasets/raw/Celeb-Youtube-fake/2500.mp4,1,,Celeb-Youtube-fake,Celeb-Youtube-fake:2500,95c311c4845763221662c41b56e6751883e22ac3970db01f00238736ebd1d73e
/Users/gokulmallabathula/deep-fake/datasets/raw/Celeb-Youtube-fake/2501.mp4,1,,Celeb-Youtube-fake,Celeb-Youtube-fake:2501,238b4796e6115b90d3b23bb94f2fb8392a1a002a139cff4ee861026334ac6ac1
/Users/gokulmallabathula/deep-fake/datasets/raw/Celeb-Youtube-fake/2502.mp4,1,,Celeb-Youtube-fake,Celeb-Youtube-fake:2502,ccac6cade2d5fda19a8c014bbd04752838eab143f94ac48bd57ed6606f3c10e4
/Users/gokulmallabathula/deep-fake/datasets/raw/Celeb-Youtube-fake/2504.mp4,1,,Celeb-Youtube-fake,Celeb-Youtube-fake:2504,cdc2cd96e50e3cd6f6e998b4fb21398034f373e59cd5051da2f3f82f2881caea
/Users/gokulmallabathula/deep-fake/datasets/raw/Celeb-Youtube-fake/2505.mp4,1,,Celeb-Youtube-fake,Celeb-Youtube-fake:2505,c0773a1a4852debb47883318ca716e620336af32f4ae72470b431286891f76e1
/Users/gokulmallabathula/deep-fake/datasets/raw/Celeb-Youtube-fake/2506.mp4,1,,Celeb-Youtube-fake,Celeb-Youtube-fake:2506,6793b8af7a44c327b4696a400f1c6dc045a1a71feef23defd1ed2f31d74ce645
/Users/gokulmallabathula/deep-fake/datasets/raw/Celeb-Youtube-fake/2507.mp4,1,,Celeb-Youtube-fake,Celeb-Youtube-fake:2507,295c2a80108d2fdcc17d49658def75a11f340be48d2a55fb7b1324edf5aac274
/Users/gokulmallabathula/deep-fake/datasets/raw/Celeb-Youtube-fake/2508.mp4,1,,Celeb-Youtube-fake,Celeb-Youtube-fake:2508,403efc84d470d22e10778632a66a537d39063a2876b2c2cdb3d8094563a5cf10
/Users/gokulmallabathula/deep-fake/datasets/raw/Celeb-Youtube-fake/2509.mp4,1,,Celeb-Youtube-fake,Celeb-Youtube-fake:2509,8965efa98ed1ffebb5b4d4eb8433824dc3119055824488fb2cc0ec7cd24e7213
/Users/gokulmallabathula/deep-fake/datasets/raw/Celeb-Youtube-fake/251.mp4,1,,Celeb-Youtube-fake,Celeb-Youtube-fake:251,10293c939c27c9460b74512b2fff5e53ebbb2c678969540b1cdea752cbd0c308
/Users/gokulmallabathula/deep-fake/datasets/raw/Celeb-Youtube-fake/2512.mp4,1,,Celeb-Youtube-fake,Celeb-Youtube-fake:2512,1b02f2c3f249bdbf883282bd0d5313845ee04ce723c2703c3e2a3b9b12b3e87e
/Users/gokulmallabathula/deep-fake/datasets/raw/Celeb-Youtube-fake/2513.mp4,1,,Celeb-Youtube-fake,Celeb-Youtube-fake:2513,35888044b4e743a6fc3be800d10fe3df33f1c725dcc5e08952423b8b5553f83e
/Users/gokulmallabathula/deep-fake/datasets/raw/Celeb-Youtube-fake/2514.mp4,1,,Celeb-Youtube-fake,Celeb-Youtube-fake:2514,34395ae1a9db30945885cddc2ec1dc81b4c28e22177b9764b600ad3065ca9dc2
/Users/gokulmallabathula/deep-fake/datasets/raw/Celeb-Youtube-fake/2515.mp4,1,,Celeb-Youtube-fake,Celeb-Youtube-fake:2515,1e038cc0c65a9d2e8bdd973aa203a8d492e8f94ccd3c2030baadb6acc754ea21
/Users/gokulmallabathula/deep-fake/datasets/raw/Celeb-Youtube-fake/2516.mp4,1,,Celeb-Youtube-fake,Celeb-Youtube-fake:2516,78676e771a59655ee774f8fb8781ce9d412d65311ab047d9ffedecb3df6f194f
/Users/gokulmallabathula/deep-fake/datasets/raw/Celeb-Youtube-fake/2517.mp4,1,,Celeb-Youtube-fake,Celeb-Youtube-fake:2517,3ff7e49a1429f7c2201974776bbb56fd93a03b65c6fdbc7e55de69da4e61c00d
/Users/gokulmallabathula/deep-fake/datasets/raw/Celeb-Youtube-fake/2518.mp4,1,,Celeb-Youtube-fake,Celeb-Youtube-fake:2518,2026362251fea784d02e60e15c9331d7f1ce66b3ee78bb88189b6131c5d8d1ba
/Users/gokulmallabathula/deep-fake/datasets/raw/Celeb-Youtube-fake/2519.mp4,1,,Celeb-Youtube-fake,Celeb-Youtube-fake:2519,e47b78d9eef9d478f4e98effea9fdfc3a75099be668837a32a57561492244b6f
/Users/gokulmallabathula/deep-fake/datasets/raw/Celeb-Youtube-fake/252.mp4,1,,Celeb-Youtube-fake,Celeb-Youtube-fake:252,98f6bc0bc42bddf36d333413f8829017e385ed3310d3b500335dae833265e3a2
/Users/gokulmallabathula/deep-fake/datasets/raw/Celeb-Youtube-fake/2520.mp4,1,,Celeb-Youtube-fake,Celeb-Youtube-fake:2520,33307dc46a965797dde44393ba46d2af69ce2821aa98c50f58a68b9e00061eae
/Users/gokulmallabathula/deep-fake/datasets/raw/Celeb-Youtube-fake/2521.mp4,1,,Celeb-Youtube-fake,Celeb-Youtube-fake:2521,a6828448fb1140b240637539a010b8489a7ee187c12b902982a1b2b9eba2fd4a
/Users/gokulmallabathula/deep-fake/datasets/raw/Celeb-Youtube-fake/2523.mp4,1,,Celeb-Youtube-fake,Celeb-Youtube-fake:2523,ae01094d55efd78017e35215607eeb2c51cbe19972f132c7e3324d76cb86b212
/Users/gokulmallabathula/deep-fake/datasets/raw/Celeb-Youtube-fake/2526.mp4,1,,Celeb-Youtube-fake,Celeb-Youtube-fake:2526,ec65ffda304184ca5af80f247a6016bc66063a150ec4bd472ee939e239a5f8da
/Users/gokulmallabathula/deep-fake/datasets/raw/Celeb-Youtube-fake/2527.mp4,1,,Celeb-Youtube-fake,Celeb-Youtube-fake:2527,d2e96b2879933a4cdea8e8fbfb4ca83e2c686895e823e11311f2de067e19daee
/Users/gokulmallabathula/deep-fake/datasets/raw/Celeb-Youtube-fake/2528.mp4,1,,Celeb-Youtube-fake,Celeb-Youtube-fake:2528,38c603bb863c90a7e005fbd263a26b64cc3640bbf7f8b6b11607d75ac4efebd9
/Users/gokulmallabathula/deep-fake/datasets/raw/Celeb-Youtube-fake/2529.mp4,1,,Celeb-Youtube-fake,Celeb-Youtube-fake:2529,682426436830d3a98fc9b77cae9fcbd751d6095003f5d1affdb05543be7ff5ee
/Users/gokulmallabathula/deep-fake/datasets/raw/Celeb-Youtube-fake/2531.mp4,1,,Celeb-Youtube-fake,Celeb-Youtube-fake:2531,55c7a2dc22bb803d27e4b4ff3c92323b192f199061d5a785bc3a2e151c981593
/Users/gokulmallabathula/deep-fake/datasets/raw/Celeb-Youtube-fake/2532.mp4,1,,Celeb-Youtube-fake,Celeb-Youtube-fake:2532,23ac359ff16df0cd2b390d2fa37efb4e34a2c0977c0065c27f60e2e08be6083e
/Users/gokulmallabathula/deep-fake/datasets/raw/Celeb-Youtube-fake/2533.mp4,1,,Celeb-Youtube-fake,Celeb-Youtube-fake:2533,85d63609b6c58c61fae01ce5ba1cf2ae417ea4edc0f18c9d6b188d89a8d02568
/Users/gokulmallabathula/deep-fake/datasets/raw/Celeb-Youtube-fake/2534.mp4,1,,Celeb-Youtube-fake,Celeb-Youtube-fake:2534,76cf43904897eb74693fffc94e88e26382731456114e2fb00ad6413877eb8a98
/Users/gokulmallabathula/deep-fake/datasets/raw/Celeb-Youtube-fake/2535.mp4,1,,Celeb-Youtube-fake,Celeb-Youtube-fake:2535,a3b887c3855803f9eff4c05202b34d9d5e68ebd17a5d444a653b5453433312a8
/Users/gokulmallabathula/deep-fake/datasets/raw/Celeb-Youtube-fake/2536.mp4,1,,Celeb-Youtube-fake,Celeb-Youtube-fake:2536,bc4d7d48afb779c7dd41035e98a1df66a70e0528e6debbea14ffe73771249061
/Users/gokulmallabathula/deep-fake/datasets/raw/Celeb-Youtube-fake/2538.mp4,1,,Celeb-Youtube-fake,Celeb-Youtube-fake:2538,b7b43f0ac49db45c04ee449f492755971f05e17acc613297c37413fec935787c
/Users/gokulmallabathula/deep-fake/datasets/raw/Celeb-Youtube-fake/2539.mp4,1,,Celeb-Youtube-fake,Celeb-Youtube-fake:2539,27279bcdcbfd562167421ed76e48c186e90ba552f397df464f52f9d56b06a7a6
/Users/gokulmallabathula/deep-fake/datasets/raw/Celeb-Youtube-fake/254.mp4,1,,Celeb-Youtube-fake,Celeb-Youtube-fake:254,22856361036120e5328a0815e3b95546219e782e50121354be9eefd1ef39fc0c
/Users/gokulmallabathula/deep-fake/datasets/raw/Celeb-Youtube-fake/2540.mp4,1,,Celeb-Youtube-fake,Celeb-Youtube-fake:2540,f104e76acf45165a5136a8861962209b600893e99ba00a489da1eff6f070a8bd
/Users/gokulmallabathula/deep-fake/datasets/raw/Celeb-Youtube-fake/2541.mp4,1,,Celeb-Youtube-fake,Celeb-Youtube-fake:2541,19c7c7581f30d05a5f70b0370a08842d54d87aa00fa8a1ecd0abc651819ab3a9
/Users/gokulmallabathula/deep-fake/datasets/raw/Celeb-Youtube-fake/2543.mp4,1,,Celeb-Youtube-fake,Celeb-Youtube-fake:2543,4b07a92ca740cb063435fcdd32a700a8be03909fcf13445be59538d568266c1b
/Users/gokulmallabathula/deep-fake/datasets/raw/Celeb-Youtube-fake/2544.mp4,1,,Celeb-Youtube-fake,Celeb-Youtube-fake:2544,bea0a4f34d0c5d3cbf85acec1f4e5aad82e3bb9566736159a2807bb901e4e082
/Users/gokulmallabathula/deep-fake/datasets/raw/Celeb-Youtube-fake/2548.mp4,1,,Celeb-Youtube-fake,Celeb-Youtube-fake:2548,30d200bc1c99b9900957f175c34ee0bb3fc4f50d435e1daba586b1b3f378cded
/Users/gokulmallabathula/deep-fake/datasets/raw/Celeb-Youtube-fake/2549.mp4,1,,Celeb-Youtube-fake,Celeb-Youtube-fake:2549,167ec0f6cbf4ded4bb9703172b4a124ab8abf2914eec1b32e30e6d20ac5b718e
/Users/gokulmallabathula/deep-fake/datasets/raw/Celeb-Youtube-fake/255.mp4,1,,Celeb-Youtube-fake,Celeb-Youtube-fake:255,d78564dae5e8f471d09a1894610137625dc41c88d45e3544a32d78ebed8ecf89
/Users/gokulmallabathula/deep-fake/datasets/raw/Celeb-Youtube-fake/2551.mp4,1,,Celeb-Youtube-fake,Celeb-Youtube-fake:2551,2cce53749119d7ee71cac872a2e8f23dddb65fc7dbd01e2f2529a2a8582934a0
/Users/gokulmallabathula/deep-fake/datasets/raw/Celeb-Youtube-fake/2552.mp4,1,,Celeb-Youtube-fake,Celeb-Youtube-fake:2552,023fcd629c0fdf60606cbff6dcd00d2a46d15331e70a0888c535093ff7edbf3c
/Users/gokulmallabathula/deep-fake/datasets/raw/Celeb-Youtube-fake/2554.mp4,1,,Celeb-Youtube-fake,Celeb-Youtube-fake:2554,cc79ab6d27062a17db5ed2c721fc06e2ac7857bbc22a491c85f3cb46e3b58f35
/Users/gokulmallabathula/deep-fake/datasets/raw/Celeb-Youtube-fake/2555.mp4,1,,Celeb-Youtube-fake,Celeb-Youtube-fake:2555,508728c0cb8d0b8a04c84f528f5d77e17222abe58a75da5a93bd350ad4db688f
/Users/gokulmallabathula/deep-fake/datasets/raw/Celeb-Youtube-fake/2556.mp4,1,,Celeb-Youtube-fake,Celeb-Youtube-fake:2556,f12cc34b41ca6bbffd72bc79d89acc11b83671354779bdd472d5914f0325b8d5
/Users/gokulmallabathula/deep-fake/datasets/raw/Celeb-Youtube-fake/2559.mp4,1,,Celeb-Youtube-fake,Celeb-Youtube-fake:2559,0c8e807b7253add7410a52192783424f6cb036b078f27f66c8451ffc673b902a
/Users/gokulmallabathula/deep-fake/datasets/raw/Celeb-Youtube-fake/2562.mp4,1,,Celeb-Youtube-fake,Celeb-Youtube-fake:2562,f9ef8edbd0cb9ea29caaf7a3714f33a318afc457f9957966c7d084a928f864f3
/Users/gokulmallabathula/deep-fake/datasets/raw/Celeb-Youtube-fake/2563.mp4,1,,Celeb-Youtube-fake,Celeb-Youtube-fake:2563,1e6db1c5ff09f0a59cee796eff58e6f570ba80aaa314f87a926c3313471a68d1
/Users/gokulmallabathula/deep-fake/datasets/raw/Celeb-Youtube-fake/2564.mp4,1,,Celeb-Youtube-fake,Celeb-Youtube-fake:2564,3f38aadf0b91a7d41a0bdb533c33f8507ed006275578e2280fde67ad13370031
/Users/gokulmallabathula/deep-fake/datasets/raw/Celeb-Youtube-fake/2566.mp4,1,,Celeb-Youtube-fake,Celeb-Youtube-fake:2566,5e4c991e24f22c2f1de81401fe46c8da7400d528c5dc27a6509d0086e8b65dd6
/Users/gokulmallabathula/deep-fake/datasets/raw/Celeb-Youtube-fake/2567.mp4,1,,Celeb-Youtube-fake,Celeb-Youtube-fake:2567,4e347db15d4271f0f4779d9cd8e33fd88264097f7788c71817e53af5f592bbfe
/Users/gokulmallabathula/deep-fake/datasets/raw/Celeb-Youtube-fake/2568.mp4,1,,Celeb-Youtube-fake,Celeb-Youtube-fake:2568,c4b8390dffc2f218b620b5ce7d098af798e439b933f0b20271ad0ad355542e83
/Users/gokulmallabathula/deep-fake/datasets/raw/Celeb-Youtube-fake/2569.mp4,1,,Celeb-Youtube-fake,Celeb-Youtube-fake:2569,19922beeccacfeb617a92810cc264220c3618481d6f9ee010cd0e58335e22c3f
/Users/gokulmallabathula/deep-fake/datasets/raw/Celeb-Youtube-fake/2570.mp4,1,,Celeb-Youtube-fake,Celeb-Youtube-fake:2570,bf078183c7f39397cd90d4d043fd5e1779c1e65dcb75cf2615294b431b64428b
/Users/gokulmallabathula/deep-fake/datasets/raw/Celeb-Youtube-fake/2572.mp4,1,,Celeb-Youtube-fake,Celeb-Youtube-fake:2572,abefd506c02ddff243e3534cbd0b8eb92d46770375693c1f471726f580face22
/Users/gokulmallabathula/deep-fake/datasets/raw/Celeb-Youtube-fake/2576.mp4,1,,Celeb-Youtube-fake,Celeb-Youtube-fake:2576,d4f4b51e67be5705be375e2f9524772ab1048ea09ce6c132064ac1e1b3264190
/Users/gokulmallabathula/deep-fake/datasets/raw/Celeb-Youtube-fake/2577.mp4,1,,Celeb-Youtube-fake,Celeb-Youtube-fake:2577,0c0290b85127e73447438ce8279f7bd9865b1d56855e4e4bb79f7ff338923ccf
/Users/gokulmallabathula/deep-fake/datasets/raw/Celeb-Youtube-fake/2579.mp4,1,,Celeb-Youtube-fake,Celeb-Youtube-fake:2579,869c15868e7e5896af240479fca352c64493079cf57bf474596c6a91a17ed4c6
/Users/gokulmallabathula/deep-fake/datasets/raw/Celeb-Youtube-fake/2581.mp4,1,,Celeb-Youtube-fake,Celeb-Youtube-fake:2581,e08f59107305df778b97d704f2811cdefec709296c2bbd73d0eed5c013e77dfc
/Users/gokulmallabathula/deep-fake/datasets/raw/Celeb-Youtube-fake/2586.mp4,1,,Celeb-Youtube-fake,Celeb-Youtube-fake:2586,207106c05bf667ea34548ae17522ed1f385b2b6ac36d3039f35bc27990b2f1eb
/Users/gokulmallabathula/deep-fake/datasets/raw/Celeb-Youtube-fake/2587.mp4,1,,Celeb-Youtube-fake,Celeb-Youtube-fake:2587,5ca5383018cc186825648dbf2987364dc1cb14f3df5752529708557d4a7cd45f
/Users/gokulmallabathula/deep-fake/datasets/raw/Celeb-Youtube-fake/2588.mp4,1,,Celeb-Youtube-fake,Celeb-Youtube-fake:2588,d838e92977d3a2725461052d14da90d4c15732991dcf50fa2c838711fc4a5769
/Users/gokulmallabathula/deep-fake/datasets/raw/Celeb-Youtube-fake/2589.mp4,1,,Celeb-Youtube-fake,Celeb-Youtube-fake:2589,56e6d6155e0dbad32cb5079abd7d123c8cf7b15536d460bd9037e38f9ebbb4c7
/Users/gokulmallabathula/deep-fake/datasets/raw/Celeb-Youtube-fake/2591.mp4,1,,Celeb-Youtube-fake,Celeb-Youtube-fake:2591,c74845bb2a31708f6da7f8def57ce48d2c15205ce9607466a838be5361e1b40f
/Users/gokulmallabathula/deep-fake/datasets/raw/Celeb-Youtube-fake/2592.mp4,1,,Celeb-Youtube-fake,Celeb-Youtube-fake:2592,53eafe8209550c0ebd21fc4dbdbf6391b6f70fb0afda4d3153908ec4c9702760
/Users/gokulmallabathula/deep-fake/datasets/raw/Celeb-Youtube-fake/2594.mp4,1,,Celeb-Youtube-fake,Celeb-Youtube-fake:2594,86aac820898af73b2019ac8a05594588b231f35e4a089df5635682fdb3c873c9
/Users/gokulmallabathula/deep-fake/datasets/raw/Celeb-Youtube-fake/2595.mp4,1,,Celeb-Youtube-fake,Celeb-Youtube-fake:2595,59a2d5925d93d24ffe01e5f2a6f9d0ff9462deda111544463295eddb0d536661
/Users/gokulmallabathula/deep-fake/datasets/raw/Celeb-Youtube-fake/2596.mp4,1,,Celeb-Youtube-fake,Celeb-Youtube-fake:2596,e3da0de9d32e326c439d3dde56def4292210bfb6c368e74344ff731fc1f1db65
/Users/gokulmallabathula/deep-fake/datasets/raw/Celeb-Youtube-fake/2597.mp4,1,,Celeb-Youtube-fake,Celeb-Youtube-fake:2597,12ba5abefecec16f2122b53f9e52f820149040ca3c0a585f91e332e36fd19ff5
/Users/gokulmallabathula/deep-fake/datasets/raw/Celeb-Youtube-fake/2598.mp4,1,,Celeb-Youtube-fake,Celeb-Youtube-fake:2598,50250f667db6b2635a706191a713484d1e0948527ec56cdf362b929b96e1df7b
/Users/gokulmallabathula/deep-fake/datasets/raw/Celeb-Youtube-fake/2599.mp4,1,,Celeb-Youtube-fake,Celeb-Youtube-fake:2599,2746f1f974ec66e1c5f2146bb592928323e545ed0b16a45361dafa456e4cb789
/Users/gokulmallabathula/deep-fake/datasets/raw/Celeb-Youtube-fake/260.mp4,1,,Celeb-Youtube-fake,Celeb-Youtube-fake:260,35b47c0488dbc725cec90e1600b1482d746bd2c7ed6c10cfbbd28b41c53bcb5d
/Users/gokulmallabathula/deep-fake/datasets/raw/Celeb-Youtube-fake/2600.mp4,1,,Celeb-Youtube-fake,Celeb-Youtube-fake:2600,2615951c5a0a1c87cb1469158092f030cd4ef76b14124dca3df3bac1ec15f536
/Users/gokulmallabathula/deep-fake/datasets/raw/Celeb-Youtube-fake/2601.mp4,1,,Celeb-Youtube-fake,Celeb-Youtube-fake:2601,f312c65fef0bb72384f18341f82f64182e47fc40342b89de61538a34b230f175
/Users/gokulmallabathula/deep-fake/datasets/raw/Celeb-Youtube-fake/2606.mp4,1,,Celeb-Youtube-fake,Celeb-Youtube-fake:2606,253d7e8445b797f9dccbd9d226d7abf484214f72354079788f18f247548bdd71
/Users/gokulmallabathula/deep-fake/datasets/raw/Celeb-Youtube-fake/2608.mp4,1,,Celeb-Youtube-fake,Celeb-Youtube-fake:2608,fb0aae38320d5131376103f10576b0d1147eed6a8dfb94b3c6ff64e141f3b5e6
/Users/gokulmallabathula/deep-fake/datasets/raw/Celeb-Youtube-fake/2609.mp4,1,,Celeb-Youtube-fake,Celeb-Youtube-fake:2609,b7af5606cfe03592165e3ebc9a0a7fb39aa6bfb40e4fa55d1801f82fa63a6d6e
/Users/gokulmallabathula/deep-fake/datasets/raw/Celeb-Youtube-fake/2613.mp4,1,,Celeb-Youtube-fake,Celeb-Youtube-fake:2613,a97e3197bb0df9b2ce5de456ea981e83d09f5a9c10e43c95617cfe3b43ddbc87
/Users/gokulmallabathula/deep-fake/datasets/raw/Celeb-Youtube-fake/2616.mp4,1,,Celeb-Youtube-fake,Celeb-Youtube-fake:2616,05cc8e07e57d0310207404e9246834b6e50b2a335b0d0954672e7ebd57a4da77
/Users/gokulmallabathula/deep-fake/datasets/raw/Celeb-Youtube-fake/2618.mp4,1,,Celeb-Youtube-fake,Celeb-Youtube-fake:2618,349a11be1696b0d3a750e4d72f191b20bde4d13c2c131be39533ff8dba9c9d81
/Users/gokulmallabathula/deep-fake/datasets/raw/Celeb-Youtube-fake/262.mp4,1,,Celeb-Youtube-fake,Celeb-Youtube-fake:262,33420fb40df193ce143005f8bff294777de86bcdcc9fc6038b510c4a8935bebe
/Users/gokulmallabathula/deep-fake/datasets/raw/Celeb-Youtube-fake/2620.mp4,1,,Celeb-Youtube-fake,Celeb-Youtube-fake:2620,02278b57c954681da5229c6c9516fb0b4905f01680fe595d3d0ff0844047df77
/Users/gokulmallabathula/deep-fake/datasets/raw/Celeb-Youtube-fake/2624.mp4,1,,Celeb-Youtube-fake,Celeb-Youtube-fake:2624,85e2294ed19f2d93e8ea45e3aa42ad75dc34a14a73d1415c254b945e4fdba1a5
/Users/gokulmallabathula/deep-fake/datasets/raw/Celeb-Youtube-fake/2625.mp4,1,,Celeb-Youtube-fake,Celeb-Youtube-fake:2625,03fcdbb4de162a640c24d33d0671477c0226cec86f4ca1720522f3cef94e128f
/Users/gokulmallabathula/deep-fake/datasets/raw/Celeb-Youtube-fake/2626.mp4,1,,Celeb-Youtube-fake,Celeb-Youtube-fake:2626,756abfa7a9f8c5a5312b01fd186952140f428fcdb2bdbdcf249bd72d90513487
/Users/gokulmallabathula/deep-fake/datasets/raw/Celeb-Youtube-fake/2629.mp4,1,,Celeb-Youtube-fake,Celeb-Youtube-fake:2629,4682b352dfccac0c0f2e05ff8759a24c5d3b26ad908ba72f67a2aec780c3b638
/Users/gokulmallabathula/deep-fake/datasets/raw/Celeb-Youtube-fake/2632.mp4,1,,Celeb-Youtube-fake,Celeb-Youtube-fake:2632,cd24776bad7b318282029959f0efc53376b1550406b951560da3cd25b6b16d1b
/Users/gokulmallabathula/deep-fake/datasets/raw/Celeb-Youtube-fake/2633.mp4,1,,Celeb-Youtube-fake,Celeb-Youtube-fake:2633,bb98123a3c5559a201578541da2ebff592d6e105df97c8299c1093ec897ba330
/Users/gokulmallabathula/deep-fake/datasets/raw/Celeb-Youtube-fake/2634.mp4,1,,Celeb-Youtube-fake,Celeb-Youtube-fake:2634,73a927eef35029b999856c03da7311f4a839827e6fdd7a58cb0213db49516a34
/Users/gokulmallabathula/deep-fake/datasets/raw/Celeb-Youtube-fake/2635.mp4,1,,Celeb-Youtube-fake,Celeb-Youtube-fake:2635,1bf3d34bb30466ad492c403009b1b392a88061fc0bdbe9fb05c71ca49ed5c8a1
/Users/gokulmallabathula/deep-fake/datasets/raw/Celeb-Youtube-fake/2636.mp4,1,,Celeb-Youtube-fake,Celeb-Youtube-fake:2636,917b38ea780cdf812df2571a90ba697598f0aa0bd0a2d0dd244793861087ad3a
/Users/gokulmallabathula/deep-fake/datasets/raw/Celeb-Youtube-fake/2637.mp4,1,,Celeb-Youtube-fake,Celeb-Youtube-fake:2637,a8e45b7383d64a12565071ffcb5415dded8a85c9e191b0eff92fab36af957c3f
/Users/gokulmallabathula/deep-fake/datasets/raw/Celeb-Youtube-fake/2639.mp4,1,,Celeb-Youtube-fake,Celeb-Youtube-fake:2639,bd027be48057e3578718fc1df8652d4203291169bbd629c9767130684f022afb
/Users/gokulmallabathula/deep-fake/datasets/raw/Celeb-Youtube-fake/264.mp4,1,,Celeb-Youtube-fake,Celeb-Youtube-fake:264,18e7e335ea338d9c3a27f9fe480fc76912d9b4deecc166671a0d0dfc77355184
/Users/gokulmallabathula/deep-fake/datasets/raw/Celeb-Youtube-fake/2640.mp4,1,,Celeb-Youtube-fake,Celeb-Youtube-fake:2640,749ac20ede7bff6cadfc2b5595a2bf911ab4426ce28715e2bcbd51bd3b82245a
/Users/gokulmallabathula/deep-fake/datasets/raw/Celeb-Youtube-fake/2642.mp4,1,,Celeb-Youtube-fake,Celeb-Youtube-fake:2642,8e4c3469ede0bafaa1f0615b340c8189a89ff39d5ed83d46a98f455e4ba2cde1
/Users/gokulmallabathula/deep-fake/datasets/raw/Celeb-Youtube-fake/2644.mp4,1,,Celeb-Youtube-fake,Celeb-Youtube-fake:2644,f4c38ad0a62451c372b80f5b1669616f5d825ab9d1fb3856b98466ac4c78c182
/Users/gokulmallabathula/deep-fake/datasets/raw/Celeb-Youtube-fake/2645.mp4,1,,Celeb-Youtube-fake,Celeb-Youtube-fake:2645,1708164400c7331da7cca428c2032e184af8316d7b1cc43380e657a6c5f379c7
/Users/gokulmallabathula/deep-fake/datasets/raw/Celeb-Youtube-fake/2646.mp4,1,,Celeb-Youtube-fake,Celeb-Youtube-fake:2646,3a2fa7b1c6f86ae1565f175dba0b666f37ced26662e90a88c5eab735e5de0efa
/Users/gokulmallabathula/deep-fake/datasets/raw/Celeb-Youtube-fake/2647.mp4,1,,Celeb-Youtube-fake,Celeb-Youtube-fake:2647,007f3df2f1e2569e4c34d2c7b132bcfde765796cf2df76b7bf54f9c2db380912
/Users/gokulmallabathula/deep-fake/datasets/raw/Celeb-Youtube-fake/2648.mp4,1,,Celeb-Youtube-fake,Celeb-Youtube-fake:2648,d7ebedf73232e76323074901d59c05a96588934bb73fdfe9beab4f1fac030435
/Users/gokulmallabathula/deep-fake/datasets/raw/Celeb-Youtube-fake/2649.mp4,1,,Celeb-Youtube-fake,Celeb-Youtube-fake:2649,50a0f8f0ea53f6c2dd463c6b259c8c0f009f776678b032440a3def992e07dbd7
/Users/gokulmallabathula/deep-fake/datasets/raw/Celeb-Youtube-fake/265.mp4,1,,Celeb-Youtube-fake,Celeb-Youtube-fake:265,328a85c337b6a7052cc75b5a2198d9f62b6dc916ca667ffbb162d9649f459a1a
/Users/gokulmallabathula/deep-fake/datasets/raw/Celeb-Youtube-fake/2651.mp4,1,,Celeb-Youtube-fake,Celeb-Youtube-fake:2651,21692819029f3b300d61f687c85bb34ee373474af68f6d8ad831aca95ee5b9fe
/Users/gokulmallabathula/deep-fake/datasets/raw/Celeb-Youtube-fake/2653.mp4,1,,Celeb-Youtube-fake,Celeb-Youtube-fake:2653,d95bd847e2aa5472b607865fef00d0bc23ed3176c16c02318e75f191ba28e528
/Users/gokulmallabathula/deep-fake/datasets/raw/Celeb-Youtube-fake/2657.mp4,1,,Celeb-Youtube-fake,Celeb-Youtube-fake:2657,5152b78eb7356124a1d4217e37f98fe38764c0cc936adec3cf6540f575a0496c
/Users/gokulmallabathula/deep-fake/datasets/raw/Celeb-Youtube-fake/2658.mp4,1,,Celeb-Youtube-fake,Celeb-Youtube-fake:2658,519edbf2d60f3628247155dc34b5c50e6e16098214149289ce3f364ffdfadee8
/Users/gokulmallabathula/deep-fake/datasets/raw/Celeb-Youtube-fake/266.mp4,1,,Celeb-Youtube-fake,Celeb-Youtube-fake:266,d4deab9321cb79eb8cffc06f93c7345d7a9471f8e546d6740d2ce4ef101b0237
/Users/gokulmallabathula/deep-fake/datasets/raw/Celeb-Youtube-fake/2660.mp4,1,,Celeb-Youtube-fake,Celeb-Youtube-fake:2660,ccbacc1b52fda835942b83fdc8c06db9fdfffac9076621a0970ba0f68ff94e5b
/Users/gokulmallabathula/deep-fake/datasets/raw/Celeb-Youtube-fake/2663.mp4,1,,Celeb-Youtube-fake,Celeb-Youtube-fake:2663,8cae3dc2d84d5c8979a04f5c2021b96a7883de6eea74c437be89244f471cf6ec
/Users/gokulmallabathula/deep-fake/datasets/raw/Celeb-Youtube-fake/2665.mp4,1,,Celeb-Youtube-fake,Celeb-Youtube-fake:2665,64fe37664a53c8e695d7776863f8ab99b22ae30a745dad878e41d4f0f324ad11
/Users/gokulmallabathula/deep-fake/datasets/raw/Celeb-Youtube-fake/2666.mp4,1,,Celeb-Youtube-fake,Celeb-Youtube-fake:2666,f6f6cd4730bb0d663f30b2d0c7739c271832ade3e3375e6078805814d8f6a011
/Users/gokulmallabathula/deep-fake/datasets/raw/Celeb-Youtube-fake/2667.mp4,1,,Celeb-Youtube-fake,Celeb-Youtube-fake:2667,dd156c6334bf15efa8b1d9ccbc321d68b9f5582cf9c55052b461e5e523e56cfc
/Users/gokulmallabathula/deep-fake/datasets/raw/Celeb-Youtube-fake/2668.mp4,1,,Celeb-Youtube-fake,Celeb-Youtube-fake:2668,1653adda4b0e46d4d85979615f30dd65fc19fa7751241d8f457e8590df605da6
/Users/gokulmallabathula/deep-fake/datasets/raw/Celeb-Youtube-fake/2669.mp4,1,,Celeb-Youtube-fake,Celeb-Youtube-fake:2669,8e6afc0b7b3be5986af1073093c7ef660cdb83c2044a9748ccbea0ecd082979c
/Users/gokulmallabathula/deep-fake/datasets/raw/Celeb-Youtube-fake/2671.mp4,1,,Celeb-Youtube-fake,Celeb-Youtube-fake:2671,063a830d25fecc0df359348f160031993a42e48e36406f4481642044dae32ec4
/Users/gokulmallabathula/deep-fake/datasets/raw/Celeb-Youtube-fake/2672.mp4,1,,Celeb-Youtube-fake,Celeb-Youtube-fake:2672,17503a9bba80eabee94f30f2b5e199e315cb15dc769712fa8c0ee9072b6cb314
/Users/gokulmallabathula/deep-fake/datasets/raw/Celeb-Youtube-fake/2673.mp4,1,,Celeb-Youtube-fake,Celeb-Youtube-fake:2673,72fa75b8bfcca06f5b66dee177cc069537234d6221955436ee6025c6e47ddbe4
/Users/gokulmallabathula/deep-fake/datasets/raw/Celeb-Youtube-fake/2674.mp4,1,,Celeb-Youtube-fake,Celeb-Youtube-fake:2674,afda0d114cc33a891c48edefc46cbbe1c6424eb03e3568e0a8037581b6506551
/Users/gokulmallabathula/deep-fake/datasets/raw/Celeb-Youtube-fake/2677.mp4,1,,Celeb-Youtube-fake,Celeb-Youtube-fake:2677,ae236d1facaa9cb5135f471063a100345c0d3c97542a9c265c227c603d50142d
/Users/gokulmallabathula/deep-fake/datasets/raw/Celeb-Youtube-fake/2679.mp4,1,,Celeb-Youtube-fake,Celeb-Youtube-fake:2679,95349b38e132d39f50bc37bd047710f1d95eec4065dada7d7a322ccc444b8a5c
/Users/gokulmallabathula/deep-fake/datasets/raw/Celeb-Youtube-fake/268.mp4,1,,Celeb-Youtube-fake,Celeb-Youtube-fake:268,fa1d8f867c017c20cf721760ebcffff35e04adac077f0476ab167486e8291952
/Users/gokulmallabathula/deep-fake/datasets/raw/Celeb-Youtube-fake/2680.mp4,1,,Celeb-Youtube-fake,Celeb-Youtube-fake:2680,af50e9d24155ca28a9ec77cf7f04efc82243ca8be0615a524bd679196bbe3a22
/Users/gokulmallabathula/deep-fake/datasets/raw/Celeb-Youtube-fake/2681.mp4,1,,Celeb-Youtube-fake,Celeb-Youtube-fake:2681,c1bbcf787b80dfe762d4c2c3a0d3d39140f8c4a09254660c69b818e7a7753349
/Users/gokulmallabathula/deep-fake/datasets/raw/Celeb-Youtube-fake/2682.mp4,1,,Celeb-Youtube-fake,Celeb-Youtube-fake:2682,0be9ca8af51dd05e0ae14ae0522e2dbf19d1ca1ad115429aaa4b3510e25abe5a
/Users/gokulmallabathula/deep-fake/datasets/raw/Celeb-Youtube-fake/2683.mp4,1,,Celeb-Youtube-fake,Celeb-Youtube-fake:2683,a96da551ae6e5be12498e50a25e526f3985b3b3f1ff9f99d9e69e75be5c8ba13
/Users/gokulmallabathula/deep-fake/datasets/raw/Celeb-Youtube-fake/2684.mp4,1,,Celeb-Youtube-fake,Celeb-Youtube-fake:2684,ea5086cdfdf9b81ac6a976f6ce50365b0b1c777b51513d7ed44d27856890da43
/Users/gokulmallabathula/deep-fake/datasets/raw/Celeb-Youtube-fake/2685.mp4,1,,Celeb-Youtube-fake,Celeb-Youtube-fake:2685,abc4b4ea6ffe010463d818f54a67dac3ad3821e9d052a152ad7637e25612b117
/Users/gokulmallabathula/deep-fake/datasets/raw/Celeb-Youtube-fake/2688.mp4,1,,Celeb-Youtube-fake,Celeb-Youtube-fake:2688,981903c6322c0735b186ced4af2f8770d7041245f76dcc4879481a412f6a21f6
/Users/gokulmallabathula/deep-fake/datasets/raw/Celeb-Youtube-fake/2689.mp4,1,,Celeb-Youtube-fake,Celeb-Youtube-fake:2689,b8970ab2a4d8336da6ec6b3e8ee26527823e89cd804cd14dadc66f5123d5be8f
/Users/gokulmallabathula/deep-fake/datasets/raw/Celeb-Youtube-fake/269.mp4,1,,Celeb-Youtube-fake,Celeb-Youtube-fake:269,639c0f273fbbf1c27f6f4dec5d3dcb59818230e9ce3ea6e34980ab40a5564292
/Users/gokulmallabathula/deep-fake/datasets/raw/Celeb-Youtube-fake/2690.mp4,1,,Celeb-Youtube-fake,Celeb-Youtube-fake:2690,155ec7c9479b4945525f2f801e061f503c59986ce22e1bf7ee89f2f5a9df3203
/Users/gokulmallabathula/deep-fake/datasets/raw/Celeb-Youtube-fake/2691.mp4,1,,Celeb-Youtube-fake,Celeb-Youtube-fake:2691,b68aa83ad7344c64a9700a93098a5b23dcba9be3c90917064a4ba86284be1133
/Users/gokulmallabathula/deep-fake/datasets/raw/Celeb-Youtube-fake/2692.mp4,1,,Celeb-Youtube-fake,Celeb-Youtube-fake:2692,97e34264eebf06c4b0f4eeffb6f9708081ef87374d58ec33c66f766e5c5a9206
/Users/gokulmallabathula/deep-fake/datasets/raw/Celeb-Youtube-fake/2696.mp4,1,,Celeb-Youtube-fake,Celeb-Youtube-fake:2696,758e1fef34bbbe4ed3f3b6110b2efb6a4541acb9f672bffab952faa0b3323696
/Users/gokulmallabathula/deep-fake/datasets/raw/Celeb-Youtube-fake/2697.mp4,1,,Celeb-Youtube-fake,Celeb-Youtube-fake:2697,bf8ec4353c7439020dec67d7bbeb2f7252c02ca166e01c4fdc394cd02a88800e
/Users/gokulmallabathula/deep-fake/datasets/raw/Celeb-Youtube-fake/2699.mp4,1,,Celeb-Youtube-fake,Celeb-Youtube-fake:2699,6978a9a7061032f0e9a90cce7f96a1c716025b5406308d1818f6039a9084b458
/Users/gokulmallabathula/deep-fake/datasets/raw/Celeb-Youtube-fake/27.mp4,1,,Celeb-Youtube-fake,Celeb-Youtube-fake:27,8972d2bda1617050ac7e9310544aed743d4297445a9def26c95491c222deee2a
/Users/gokulmallabathula/deep-fake/datasets/raw/Celeb-Youtube-fake/2700.mp4,1,,Celeb-Youtube-fake,Celeb-Youtube-fake:2700,8ec5b7fd78cbe5f02669e9e906d2d04bd656a09401ad5594212a0b0277d87db5
/Users/gokulmallabathula/deep-fake/datasets/raw/Celeb-Youtube-fake/2701.mp4,1,,Celeb-Youtube-fake,Celeb-Youtube-fake:2701,2febd6b7dcf6f29e4c5b73f41ea900bf75353032cab008761cc88d37cee71e47
/Users/gokulmallabathula/deep-fake/datasets/raw/Celeb-Youtube-fake/2705.mp4,1,,Celeb-Youtube-fake,Celeb-Youtube-fake:2705,940a11d9079b854728a4e589bb2a0ab41fe4d727b90b4e666d397dd05552cfc6
/Users/gokulmallabathula/deep-fake/datasets/raw/Celeb-Youtube-fake/2706.mp4,1,,Celeb-Youtube-fake,Celeb-Youtube-fake:2706,c7221cdfa7075b19da7ca62ff710502e14cae8418e2c6949dee2f7f626361cce
/Users/gokulmallabathula/deep-fake/datasets/raw/Celeb-Youtube-fake/2707.mp4,1,,Celeb-Youtube-fake,Celeb-Youtube-fake:2707,90537cdca50ef66b4e00a06a8638f75b5829c8aaf889dfd608ad5740d2dc4ebb
/Users/gokulmallabathula/deep-fake/datasets/raw/Celeb-Youtube-fake/2709.mp4,1,,Celeb-Youtube-fake,Celeb-Youtube-fake:2709,2be8f1540ad593308955df3fba77ac06840247db17b1b13b7cb42f3f6b2f355c
/Users/gokulmallabathula/deep-fake/datasets/raw/Celeb-Youtube-fake/2710.mp4,1,,Celeb-Youtube-fake,Celeb-Youtube-fake:2710,77ef2ae73758d137668cf3ea8be4b3d076e43aeba365e36f17cfdc8cbb9f6c21
/Users/gokulmallabathula/deep-fake/datasets/raw/Celeb-Youtube-fake/2711.mp4,1,,Celeb-Youtube-fake,Celeb-Youtube-fake:2711,90ac0c7ab465f1e21cf41179c748d35b74de87c9e9d30e6cf4a381ed8e053fc5
/Users/gokulmallabathula/deep-fake/datasets/raw/Celeb-Youtube-fake/2713.mp4,1,,Celeb-Youtube-fake,Celeb-Youtube-fake:2713,bbbd1aede98e426c7316fa9436bba029c2352b5f4165c78d289d3fb9c2ccc061
/Users/gokulmallabathula/deep-fake/datasets/raw/Celeb-Youtube-fake/2716.mp4,1,,Celeb-Youtube-fake,Celeb-Youtube-fake:2716,16ede894ca21d089544d33a72aebff3dab5c05f8c330a47807117b6aa2371af8
/Users/gokulmallabathula/deep-fake/datasets/raw/Celeb-Youtube-fake/2717.mp4,1,,Celeb-Youtube-fake,Celeb-Youtube-fake:2717,f1b596bf9ee5c0b9f2c06155d0cf7c51f7252f73bc1b60f364305a921c519f44
/Users/gokulmallabathula/deep-fake/datasets/raw/Celeb-Youtube-fake/2718.mp4,1,,Celeb-Youtube-fake,Celeb-Youtube-fake:2718,82dead3eda0e396e866aa42e467b2cc5aa86c60d70e2cba08815da8d93db3226
/Users/gokulmallabathula/deep-fake/datasets/raw/Celeb-Youtube-fake/2720.mp4,1,,Celeb-Youtube-fake,Celeb-Youtube-fake:2720,dec5633030ee1b780f96538ed773eebc26210a468e26930ebfbea424af762330
/Users/gokulmallabathula/deep-fake/datasets/raw/Celeb-Youtube-fake/2722.mp4,1,,Celeb-Youtube-fake,Celeb-Youtube-fake:2722,1387591b7424fb77dc718a79701c4246930aba3293b07a4a8fc1f8357e5c62b7
/Users/gokulmallabathula/deep-fake/datasets/raw/Celeb-Youtube-fake/2723.mp4,1,,Celeb-Youtube-fake,Celeb-Youtube-fake:2723,d3c13016bfe98c56a2d0516a461afbd3b699d9e590da710eecf2de84d5103373
/Users/gokulmallabathula/deep-fake/datasets/raw/Celeb-Youtube-fake/2724.mp4,1,,Celeb-Youtube-fake,Celeb-Youtube-fake:2724,85fea7ccdae64a9ca7b9961331493197c5231ce6c817ee40ef12dc705612892a
/Users/gokulmallabathula/deep-fake/datasets/raw/Celeb-Youtube-fake/2725.mp4,1,,Celeb-Youtube-fake,Celeb-Youtube-fake:2725,079d696f8b38cfafbd7066b7126371082f5ed5877c8f8f9b22a6d2c131699873
/Users/gokulmallabathula/deep-fake/datasets/raw/Celeb-Youtube-fake/2727.mp4,1,,Celeb-Youtube-fake,Celeb-Youtube-fake:2727,0a497d11acc0bfd3ee68c31db3322e8b6d4dd4b8199539699e2875f1eda77c9c
/Users/gokulmallabathula/deep-fake/datasets/raw/Celeb-Youtube-fake/2728.mp4,1,,Celeb-Youtube-fake,Celeb-Youtube-fake:2728,4443cad0630e25a7a1d14d388fa88abc2bd86c99170f6ec640ef1f94a88d4c7f
/Users/gokulmallabathula/deep-fake/datasets/raw/Celeb-Youtube-fake/2730.mp4,1,,Celeb-Youtube-fake,Celeb-Youtube-fake:2730,dd2b64b938ac753220be6f569bc3f0e82f487d9ec99314865b43d61fe8d077a6
/Users/gokulmallabathula/deep-fake/datasets/raw/Celeb-Youtube-fake/2732.mp4,1,,Celeb-Youtube-fake,Celeb-Youtube-fake:2732,8c11d3f8b624b185a6d333d771a664f3efc7bf93f561a43090b082abb662b0a7
/Users/gokulmallabathula/deep-fake/datasets/raw/Celeb-Youtube-fake/2733.mp4,1,,Celeb-Youtube-fake,Celeb-Youtube-fake:2733,8a92f1b4a3a296fe42dc306a931bfb69806374c8755a47cdff9a5690e4fa5c0e
/Users/gokulmallabathula/deep-fake/datasets/raw/Celeb-Youtube-fake/2734.mp4,1,,Celeb-Youtube-fake,Celeb-Youtube-fake:2734,80712d71ec65869cdbe6053cb8ff3b3b2fd17ce2e660942b6215a2dac459efca
/Users/gokulmallabathula/deep-fake/datasets/raw/Celeb-Youtube-fake/2735.mp4,1,,Celeb-Youtube-fake,Celeb-Youtube-fake:2735,269d34169d23c012d04fa7e1bbe2cd8f1db07b91a1d1e0ff13729743cbb7d7d4
/Users/gokulmallabathula/deep-fake/datasets/raw/Celeb-Youtube-fake/2736.mp4,1,,Celeb-Youtube-fake,Celeb-Youtube-fake:2736,4dd8a3e117ee4c5e3af5a5693ef7394b74ca2103b08dbdfeb63a5434fa895909
/Users/gokulmallabathula/deep-fake/datasets/raw/Celeb-Youtube-fake/2737.mp4,1,,Celeb-Youtube-fake,Celeb-Youtube-fake:2737,0ab10802ff00fe82d747dc6c5e9d9eeb7bb2795eef3b9cfaa6de1c5f32101c5f
/Users/gokulmallabathula/deep-fake/datasets/raw/Celeb-Youtube-fake/2738.mp4,1,,Celeb-Youtube-fake,Celeb-Youtube-fake:2738,53e0b18e06295925cd39085f12d423ae5b51fa437ec00c7d4ce27e2d2a9c6698
/Users/gokulmallabathula/deep-fake/datasets/raw/Celeb-Youtube-fake/274.mp4,1,,Celeb-Youtube-fake,Celeb-Youtube-fake:274,85d6886ce08d82cc49269b84a9ff1cf034599e10dad7c3414e8d3b9c35555230
/Users/gokulmallabathula/deep-fake/datasets/raw/Celeb-Youtube-fake/2741.mp4,1,,Celeb-Youtube-fake,Celeb-Youtube-fake:2741,cceec13a6c6e02a89c448d67b837104891f0055019e074c732cdbce75ab628ac
/Users/gokulmallabathula/deep-fake/datasets/raw/Celeb-Youtube-fake/2742.mp4,1,,Celeb-Youtube-fake,Celeb-Youtube-fake:2742,405700f7c9b274593e558e43e36cc9c31e5043bb81f416cd4a67482e6efc1e76
/Users/gokulmallabathula/deep-fake/datasets/raw/Celeb-Youtube-fake/2744.mp4,1,,Celeb-Youtube-fake,Celeb-Youtube-fake:2744,34d7da513d3b2820bfe4fb00ea1a7f07d3f3850f25dad1b65b6d5a727bdb8732
/Users/gokulmallabathula/deep-fake/datasets/raw/Celeb-Youtube-fake/2745.mp4,1,,Celeb-Youtube-fake,Celeb-Youtube-fake:2745,7233e8d6e882c641ee719da863e2955f1e2809b18468e63202eb82ea31e66078
/Users/gokulmallabathula/deep-fake/datasets/raw/Celeb-Youtube-fake/2748.mp4,1,,Celeb-Youtube-fake,Celeb-Youtube-fake:2748,7666ce4c350163a2ed30057e4573ef6d8d8add9d5de2e357702848c90b6f9ba1
/Users/gokulmallabathula/deep-fake/datasets/raw/Celeb-Youtube-fake/2749.mp4,1,,Celeb-Youtube-fake,Celeb-Youtube-fake:2749,0641292aed7961b340bd5ac1b5509e2e045a65c77d7e826cb40e9f57af9a1c8d
/Users/gokulmallabathula/deep-fake/datasets/raw/Celeb-Youtube-fake/275.mp4,1,,Celeb-Youtube-fake,Celeb-Youtube-fake:275,23f6f3cad6ef62a011bcea92df0f1c1d859db0d0503ed61ec51b368ff3e2ee48
/Users/gokulmallabathula/deep-fake/datasets/raw/Celeb-Youtube-fake/2750.mp4,1,,Celeb-Youtube-fake,Celeb-Youtube-fake:2750,9b4aa8c65dbb31a6e72d4bc4ab7025667f4e4aef7fc5877f7dccbf542548416b
/Users/gokulmallabathula/deep-fake/datasets/raw/Celeb-Youtube-fake/2753.mp4,1,,Celeb-Youtube-fake,Celeb-Youtube-fake:2753,4db58e983b68ae6206bb909a9e38dc83dab6b5cf9d44e74da1e116f2be8f4229
/Users/gokulmallabathula/deep-fake/datasets/raw/Celeb-Youtube-fake/2754.mp4,1,,Celeb-Youtube-fake,Celeb-Youtube-fake:2754,59877af48974dec3573c7614b85ac22b14498ddad498bec681649cb887097318
/Users/gokulmallabathula/deep-fake/datasets/raw/Celeb-Youtube-fake/2755.mp4,1,,Celeb-Youtube-fake,Celeb-Youtube-fake:2755,0e1530d3e697267883f86b10d67b79a3950080c800e45fef51f2b0449ef6da37
/Users/gokulmallabathula/deep-fake/datasets/raw/Celeb-Youtube-fake/2756.mp4,1,,Celeb-Youtube-fake,Celeb-Youtube-fake:2756,707b21719fba23c5c66b928195cb6766565d556894cd9949e907233b6fd779bf
/Users/gokulmallabathula/deep-fake/datasets/raw/Celeb-Youtube-fake/276.mp4,1,,Celeb-Youtube-fake,Celeb-Youtube-fake:276,c95c526a762815905e90819a2b26e3adc3e2ac6fa06a12a27006b61dfe9163dc
/Users/gokulmallabathula/deep-fake/datasets/raw/Celeb-Youtube-fake/2760.mp4,1,,Celeb-Youtube-fake,Celeb-Youtube-fake:2760,ffd34b0cd31a3c8e6c374ba904939a8bbd23ade5323e4e2d658e6fd0bd176f49
/Users/gokulmallabathula/deep-fake/datasets/raw/Celeb-Youtube-fake/2764.mp4,1,,Celeb-Youtube-fake,Celeb-Youtube-fake:2764,83da5f7b8de76e7e613365cb3bb85cd15c86ad60f412e9a8918dd0ee76e514a4
/Users/gokulmallabathula/deep-fake/datasets/raw/Celeb-Youtube-fake/2765.mp4,1,,Celeb-Youtube-fake,Celeb-Youtube-fake:2765,9cde6716d7a1110ac3e35153df41464059044fdf10f947c2fb6ad6fc327a1c5e
/Users/gokulmallabathula/deep-fake/datasets/raw/Celeb-Youtube-fake/2767.mp4,1,,Celeb-Youtube-fake,Celeb-Youtube-fake:2767,e3259e6e92670e6cb945934cf5280c147aff3ca4a4515ed62e1b6c84afc36aaa
/Users/gokulmallabathula/deep-fake/datasets/raw/Celeb-Youtube-fake/2768.mp4,1,,Celeb-Youtube-fake,Celeb-Youtube-fake:2768,2e21f5270246a242f0e4396f354aaf38feaaab652ec0573634fc70bc2baa6037
/Users/gokulmallabathula/deep-fake/datasets/raw/Celeb-Youtube-fake/2769.mp4,1,,Celeb-Youtube-fake,Celeb-Youtube-fake:2769,420a69ddadd1f8c49c70848e9b5d3c7ba384efc0528b40dd00fffdff2b5976f4
/Users/gokulmallabathula/deep-fake/datasets/raw/Celeb-Youtube-fake/2770.mp4,1,,Celeb-Youtube-fake,Celeb-Youtube-fake:2770,00a061f03c2b10fcb5bcfb5a41ede488efb6b37bf7abf35dc170d0db564e9ada
/Users/gokulmallabathula/deep-fake/datasets/raw/Celeb-Youtube-fake/2771.mp4,1,,Celeb-Youtube-fake,Celeb-Youtube-fake:2771,4a8416bce78b28067f4960c3bfba385d7a861a7b9519dfce46f0c941d5e1fc98
/Users/gokulmallabathula/deep-fake/datasets/raw/Celeb-Youtube-fake/2772.mp4,1,,Celeb-Youtube-fake,Celeb-Youtube-fake:2772,f2721f834351c1e366a03f0acf3cff2a5cdc3c12fef2bec8ac6a30b374a9efe4
/Users/gokulmallabathula/deep-fake/datasets/raw/Celeb-Youtube-fake/2775.mp4,1,,Celeb-Youtube-fake,Celeb-Youtube-fake:2775,15a67a62627536276e6101c831e87e55c9c6c041d4b314576202fb4eb0907210
/Users/gokulmallabathula/deep-fake/datasets/raw/Celeb-Youtube-fake/2777.mp4,1,,Celeb-Youtube-fake,Celeb-Youtube-fake:2777,82bf3bb6b4791e5aaba70e418d536eeb27b904c4b9516aa1ebdb917b9c0fd830
/Users/gokulmallabathula/deep-fake/datasets/raw/Celeb-Youtube-fake/2779.mp4,1,,Celeb-Youtube-fake,Celeb-Youtube-fake:2779,371ec9f843f1a9577a359c7b833c07b10d172849e72601691d989e1457be44af
/Users/gokulmallabathula/deep-fake/datasets/raw/Celeb-Youtube-fake/278.mp4,1,,Celeb-Youtube-fake,Celeb-Youtube-fake:278,e90e98b6844b216f7c6e7c1de0ef676d156a8124ba2d67e25ab13b7ffc2282de
/Users/gokulmallabathula/deep-fake/datasets/raw/Celeb-Youtube-fake/2780.mp4,1,,Celeb-Youtube-fake,Celeb-Youtube-fake:2780,803c0a39661f6dd5fabf95bcba9b2e0321982d5c3e476a8d92c7898cc53ca666
/Users/gokulmallabathula/deep-fake/datasets/raw/Celeb-Youtube-fake/2781.mp4,1,,Celeb-Youtube-fake,Celeb-Youtube-fake:2781,98ee953f23b1bd422f9358549e2d3152c54c875976d366c8aad358ed8711d004
/Users/gokulmallabathula/deep-fake/datasets/raw/Celeb-Youtube-fake/2782.mp4,1,,Celeb-Youtube-fake,Celeb-Youtube-fake:2782,090cbb3809cc23234067fcb2301f6da693f99990f32feffd4b28b189e1b2be62
/Users/gokulmallabathula/deep-fake/datasets/raw/Celeb-Youtube-fake/2783.mp4,1,,Celeb-Youtube-fake,Celeb-Youtube-fake:2783,8cc9dca40204055e8a002f9bc9c09bf497b53bbbea7cee26356d3752103fcd22
/Users/gokulmallabathula/deep-fake/datasets/raw/Celeb-Youtube-fake/2784.mp4,1,,Celeb-Youtube-fake,Celeb-Youtube-fake:2784,eac2b7c1d1b1e32bde03676abbdb10ad3a2e40be330716dc24c5ff9a0f6b7752
/Users/gokulmallabathula/deep-fake/datasets/raw/Celeb-Youtube-fake/2785.mp4,1,,Celeb-Youtube-fake,Celeb-Youtube-fake:2785,14731f0aab9a37221c593d76a16972ddf3f10ccfe334a8000eb7408932f84225
/Users/gokulmallabathula/deep-fake/datasets/raw/Celeb-Youtube-fake/2786.mp4,1,,Celeb-Youtube-fake,Celeb-Youtube-fake:2786,beedca17f38e0a9baaeef161845ad377a5ecb20d0c42bde3ee79ac23391702d1
/Users/gokulmallabathula/deep-fake/datasets/raw/Celeb-Youtube-fake/2787.mp4,1,,Celeb-Youtube-fake,Celeb-Youtube-fake:2787,11aab758676d10851bfc6399a4fa571092f1e274944bd1228cf699ab1f9e4e27
/Users/gokulmallabathula/deep-fake/datasets/raw/Celeb-Youtube-fake/2788.mp4,1,,Celeb-Youtube-fake,Celeb-Youtube-fake:2788,fe03bdfeea60183e7bbb40238659aec21fcd0128395a37d76a2a73b2743a6f3f
/Users/gokulmallabathula/deep-fake/datasets/raw/Celeb-Youtube-fake/2790.mp4,1,,Celeb-Youtube-fake,Celeb-Youtube-fake:2790,9c1949818a1556c7d94b5b55f835e5b45ba2d2f6e7235842089cbc6da98b76ee
/Users/gokulmallabathula/deep-fake/datasets/raw/Celeb-Youtube-fake/2791.mp4,1,,Celeb-Youtube-fake,Celeb-Youtube-fake:2791,9f09a96e2d0f2388fe6173d71c332cfaca3281db09abb0acb2085d40d9691d08
/Users/gokulmallabathula/deep-fake/datasets/raw/Celeb-Youtube-fake/2793.mp4,1,,Celeb-Youtube-fake,Celeb-Youtube-fake:2793,e8fe1fd5e958348790c9f810e0e7d9aa320608f877c2952f8acd3691c82c20bd
/Users/gokulmallabathula/deep-fake/datasets/raw/Celeb-Youtube-fake/2798.mp4,1,,Celeb-Youtube-fake,Celeb-Youtube-fake:2798,aacc6793dc31dba00cb26a1aac1d2051d4c26f7973da0e3f7337c96d2d82bec9
/Users/gokulmallabathula/deep-fake/datasets/raw/Celeb-Youtube-fake/280.mp4,1,,Celeb-Youtube-fake,Celeb-Youtube-fake:280,19afbbcf3f5d778646a9ec055d0b531d806e3c1d8e55371aa272bc1179c9a2bd
/Users/gokulmallabathula/deep-fake/datasets/raw/Celeb-Youtube-fake/2800.mp4,1,,Celeb-Youtube-fake,Celeb-Youtube-fake:2800,c55bd4502597fdf5a2a4db39f8740fce8cffe22a5bb88196e16b3429084dedbe
/Users/gokulmallabathula/deep-fake/datasets/raw/Celeb-Youtube-fake/2801.mp4,1,,Celeb-Youtube-fake,Celeb-Youtube-fake:2801,19f73d48048b77f3b82a29be0254d4ff9e4126f60889964ebb1fb4a5b0317799
/Users/gokulmallabathula/deep-fake/datasets/raw/Celeb-Youtube-fake/2804.mp4,1,,Celeb-Youtube-fake,Celeb-Youtube-fake:2804,a61ba255edd9cd3612eac4c0d51cafaf996dde490502310f37d1929b28a5cb71
/Users/gokulmallabathula/deep-fake/datasets/raw/Celeb-Youtube-fake/2805.mp4,1,,Celeb-Youtube-fake,Celeb-Youtube-fake:2805,b83b52927c4ee53bbaa554bf48baba0174b4dc98e477b2bdd929b1cbeaa1ec64
/Users/gokulmallabathula/deep-fake/datasets/raw/Celeb-Youtube-fake/2806.mp4,1,,Celeb-Youtube-fake,Celeb-Youtube-fake:2806,305e455e28a92c1ebad5d779ed606c37e41cb6383a8a8ae91557f342be10fc90
/Users/gokulmallabathula/deep-fake/datasets/raw/Celeb-Youtube-fake/2807.mp4,1,,Celeb-Youtube-fake,Celeb-Youtube-fake:2807,13314b7c2059ab455f9ba7094a000c9fd33f0b04b5726326bcbfb615b9129f7c
/Users/gokulmallabathula/deep-fake/datasets/raw/Celeb-Youtube-fake/2809.mp4,1,,Celeb-Youtube-fake,Celeb-Youtube-fake:2809,a56b74d75fe1690f86b0894104bc9ca03e200cc406a2081c6eab66171407f333
/Users/gokulmallabathula/deep-fake/datasets/raw/Celeb-Youtube-fake/281.mp4,1,,Celeb-Youtube-fake,Celeb-Youtube-fake:281,68fb3155a663c31d1fcdf9b9518c9b71a08d456d8c4cb06a77648ee6a101ab31
/Users/gokulmallabathula/deep-fake/datasets/raw/Celeb-Youtube-fake/2810.mp4,1,,Celeb-Youtube-fake,Celeb-Youtube-fake:2810,97eba4c4a54a6dfa2227624c4efafa526ca62d1de7d7a25246c81fd0d8e3bd2f
/Users/gokulmallabathula/deep-fake/datasets/raw/Celeb-Youtube-fake/2811.mp4,1,,Celeb-Youtube-fake,Celeb-Youtube-fake:2811,1bda112a9dcb8847788f5d5b3bf7a2689c470209c8ff14acbf364ab60bf3f2b0
/Users/gokulmallabathula/deep-fake/datasets/raw/Celeb-Youtube-fake/2813.mp4,1,,Celeb-Youtube-fake,Celeb-Youtube-fake:2813,5d9a59554fc6f6143b04c73fce0b116ec0b2b92b7f7383a70f976d7ab7ad3709
/Users/gokulmallabathula/deep-fake/datasets/raw/Celeb-Youtube-fake/2814.mp4,1,,Celeb-Youtube-fake,Celeb-Youtube-fake:2814,3745088a4cfa1ec979c523abb72474bb744185938539ffac0d1a30b5d5b06d88
/Users/gokulmallabathula/deep-fake/datasets/raw/Celeb-Youtube-fake/2815.mp4,1,,Celeb-Youtube-fake,Celeb-Youtube-fake:2815,49aa6237af73f857593cfbedca489f7b67bbd6e863e4b678c0680716903ebf03
/Users/gokulmallabathula/deep-fake/datasets/raw/Celeb-Youtube-fake/2817.mp4,1,,Celeb-Youtube-fake,Celeb-Youtube-fake:2817,a4013d84b1039a15c60ae221ac6d3ec9c206c5f92aa082b24ae5754692c8b5d9
/Users/gokulmallabathula/deep-fake/datasets/raw/Celeb-Youtube-fake/2818.mp4,1,,Celeb-Youtube-fake,Celeb-Youtube-fake:2818,3bbf078af53902ba228afef8fab715b66c78dbd6f8e3e627f8510df2933d429f
/Users/gokulmallabathula/deep-fake/datasets/raw/Celeb-Youtube-fake/282.mp4,1,,Celeb-Youtube-fake,Celeb-Youtube-fake:282,56f3e2609741877c69b3b3704072bc2476cca1ef5c1813d4964c9dab897cb8b4
/Users/gokulmallabathula/deep-fake/datasets/raw/Celeb-Youtube-fake/2821.mp4,1,,Celeb-Youtube-fake,Celeb-Youtube-fake:2821,b8ea6554d9624098a0e25aed7d289b58016d2affa0dacee69fbd062d3e59867d
/Users/gokulmallabathula/deep-fake/datasets/raw/Celeb-Youtube-fake/2822.mp4,1,,Celeb-Youtube-fake,Celeb-Youtube-fake:2822,a4d02d0d25b6db8b22fcddee586b1d3149c05badb8e70b72bae9f8d4ad45160b
/Users/gokulmallabathula/deep-fake/datasets/raw/Celeb-Youtube-fake/2823.mp4,1,,Celeb-Youtube-fake,Celeb-Youtube-fake:2823,5aff2c5da386541cc5bafc3765b89db293458b78cf546d8ac3fa41afe53cbcc5
/Users/gokulmallabathula/deep-fake/datasets/raw/Celeb-Youtube-fake/2824.mp4,1,,Celeb-Youtube-fake,Celeb-Youtube-fake:2824,58c174cea097b7bb7626e6b7dffb9975bf1bdadbb4e0db371cde23df201ad0d8
/Users/gokulmallabathula/deep-fake/datasets/raw/Celeb-Youtube-fake/2826.mp4,1,,Celeb-Youtube-fake,Celeb-Youtube-fake:2826,ebbad74bb10f6c8ef2a8f872d5f6810d540c8e96f3fb986e420df01478804872
/Users/gokulmallabathula/deep-fake/datasets/raw/Celeb-Youtube-fake/2829.mp4,1,,Celeb-Youtube-fake,Celeb-Youtube-fake:2829,00ae3e27798dba37a5d0d515315c6d3e848f68deda62a4e02303ead7e412ced8
/Users/gokulmallabathula/deep-fake/datasets/raw/Celeb-Youtube-fake/283.mp4,1,,Celeb-Youtube-fake,Celeb-Youtube-fake:283,8b0691620fb46b30f52b28848fe35a6337bd22e452312be5cd899b35a176c93d
/Users/gokulmallabathula/deep-fake/datasets/raw/Celeb-Youtube-fake/2832.mp4,1,,Celeb-Youtube-fake,Celeb-Youtube-fake:2832,d7a72215877b2804a780c03e6c892472e148ec9cc4338c577bb0235e37bef41b
/Users/gokulmallabathula/deep-fake/datasets/raw/Celeb-Youtube-fake/2833.mp4,1,,Celeb-Youtube-fake,Celeb-Youtube-fake:2833,ec9095d1442a963d063c298f41a4b6bafeba92d8941142b23514d5c2e30100d6
/Users/gokulmallabathula/deep-fake/datasets/raw/Celeb-Youtube-fake/2834.mp4,1,,Celeb-Youtube-fake,Celeb-Youtube-fake:2834,8d9d390ea8369c3e20fc946b54508f12cd80ffd1e318aeaa09e43ce6be4b6951
/Users/gokulmallabathula/deep-fake/datasets/raw/Celeb-Youtube-fake/2836.mp4,1,,Celeb-Youtube-fake,Celeb-Youtube-fake:2836,ed56cffc49e92e694db96f8fde668f4ba27aa603df404541be902d5b26f076ab
/Users/gokulmallabathula/deep-fake/datasets/raw/Celeb-Youtube-fake/2837.mp4,1,,Celeb-Youtube-fake,Celeb-Youtube-fake:2837,52503643e8d7d60c0f202939661863ecd06d763446dfea14bf5dde9922e9de42
/Users/gokulmallabathula/deep-fake/datasets/raw/Celeb-Youtube-fake/2839.mp4,1,,Celeb-Youtube-fake,Celeb-Youtube-fake:2839,b38403f5913a65a1336b9767b3418cee040831d8995c3fbbc1f978c4e90dadfd
/Users/gokulmallabathula/deep-fake/datasets/raw/Celeb-Youtube-fake/2840.mp4,1,,Celeb-Youtube-fake,Celeb-Youtube-fake:2840,3618cf2ff1a5703b540c7ac7ca806f0546064bd6234b6cc82b756bbeda9dfbfe
/Users/gokulmallabathula/deep-fake/datasets/raw/Celeb-Youtube-fake/2843.mp4,1,,Celeb-Youtube-fake,Celeb-Youtube-fake:2843,4d40f464d2f6988bf59a2e14aad7eba84b79f4c18111792635e7244761094463
/Users/gokulmallabathula/deep-fake/datasets/raw/Celeb-Youtube-fake/2845.mp4,1,,Celeb-Youtube-fake,Celeb-Youtube-fake:2845,0ca09dbf0a71cd6dbcb049e04b94fec361c2a71adeecd08b8ef536a40996f88d
/Users/gokulmallabathula/deep-fake/datasets/raw/Celeb-Youtube-fake/2847.mp4,1,,Celeb-Youtube-fake,Celeb-Youtube-fake:2847,595d9dde0456d10648cf7c15cc7e44f003619ba3d0d7d384cfb0d4679272276c
/Users/gokulmallabathula/deep-fake/datasets/raw/Celeb-Youtube-fake/2848.mp4,1,,Celeb-Youtube-fake,Celeb-Youtube-fake:2848,32ae4a3c45dd3e7483f06c5e2affa14f95628c3f775e38a5e83f01b0936014d2
/Users/gokulmallabathula/deep-fake/datasets/raw/Celeb-Youtube-fake/2849.mp4,1,,Celeb-Youtube-fake,Celeb-Youtube-fake:2849,10c9c3a5d80ce687ece186b09b253b1171330ba72a22b77515fb712b731b1694
/Users/gokulmallabathula/deep-fake/datasets/raw/Celeb-Youtube-fake/2850.mp4,1,,Celeb-Youtube-fake,Celeb-Youtube-fake:2850,63d5558d854fe5695e9f21980eb65a09a46f2f2f53bee4dc25ef664622b8e6c0
/Users/gokulmallabathula/deep-fake/datasets/raw/Celeb-Youtube-fake/2852.mp4,1,,Celeb-Youtube-fake,Celeb-Youtube-fake:2852,7c72b9f0b55d321e3db0519d56c55a52f90d48647f72310fa9fc9431bf5dfe65
/Users/gokulmallabathula/deep-fake/datasets/raw/Celeb-Youtube-fake/2853.mp4,1,,Celeb-Youtube-fake,Celeb-Youtube-fake:2853,b61dadfac36a7f1563794cb34d27e0239fc200d74174e09c8eea0ecf0e65ee12
/Users/gokulmallabathula/deep-fake/datasets/raw/Celeb-Youtube-fake/2854.mp4,1,,Celeb-Youtube-fake,Celeb-Youtube-fake:2854,b1d6407cd45faf663fb783d9fbda9d82c9c0f7ed7f3c8697988f7435090f31d0
/Users/gokulmallabathula/deep-fake/datasets/raw/Celeb-Youtube-fake/2855.mp4,1,,Celeb-Youtube-fake,Celeb-Youtube-fake:2855,d2defaec0271ca8808ff1a5547e5b489e916eb1176142dee4da70822854d5fe8
/Users/gokulmallabathula/deep-fake/datasets/raw/Celeb-Youtube-fake/2856.mp4,1,,Celeb-Youtube-fake,Celeb-Youtube-fake:2856,2369e542f303e50b57397f6bb54f3eabfb9bd13a48efc1e026efb7288cdcbdbe
/Users/gokulmallabathula/deep-fake/datasets/raw/Celeb-Youtube-fake/2857.mp4,1,,Celeb-Youtube-fake,Celeb-Youtube-fake:2857,f7a1c9b988f19a02a91d55cfd2f67799dce2398e7c540de67e68c952e9c54c4e
/Users/gokulmallabathula/deep-fake/datasets/raw/Celeb-Youtube-fake/2860.mp4,1,,Celeb-Youtube-fake,Celeb-Youtube-fake:2860,1d9f71c7a7f2b0e2209a3cf4749c1ed27445f442596d227e12389ce840d7e2c8
/Users/gokulmallabathula/deep-fake/datasets/raw/Celeb-Youtube-fake/2862.mp4,1,,Celeb-Youtube-fake,Celeb-Youtube-fake:2862,ede9dbc36ccac9072eb12ff9650d6777fd52b093c5b9b0311c6459804f63c940
/Users/gokulmallabathula/deep-fake/datasets/raw/Celeb-Youtube-fake/2863.mp4,1,,Celeb-Youtube-fake,Celeb-Youtube-fake:2863,b0fdc3eab32f2375d01a2b1dfdc3bc7a4710a9e7f139af50b6036cafc34c6dc7
/Users/gokulmallabathula/deep-fake/datasets/raw/Celeb-Youtube-fake/2864.mp4,1,,Celeb-Youtube-fake,Celeb-Youtube-fake:2864,363c6bfdf52ec01fed30fe4e4326299b4c601a025bb84e819960c8126f8afd21
/Users/gokulmallabathula/deep-fake/datasets/raw/Celeb-Youtube-fake/2865.mp4,1,,Celeb-Youtube-fake,Celeb-Youtube-fake:2865,b07e6ee16e0f81efb30142e1be49dbaa17ee3fb9ba4d355b0bf4d483d312fdd5
/Users/gokulmallabathula/deep-fake/datasets/raw/Celeb-Youtube-fake/2866.mp4,1,,Celeb-Youtube-fake,Celeb-Youtube-fake:2866,2542d1a7fa0d000cc313f6b9fed53300553c072e03018199edeb1c8d4e5444a9
/Users/gokulmallabathula/deep-fake/datasets/raw/Celeb-Youtube-fake/2868.mp4,1,,Celeb-Youtube-fake,Celeb-Youtube-fake:2868,942f889f8f8daa66ea5beed376e4d6a77e335b66ccc820c66e5509b7cbf27d67
/Users/gokulmallabathula/deep-fake/datasets/raw/Celeb-Youtube-fake/287.mp4,1,,Celeb-Youtube-fake,Celeb-Youtube-fake:287,06e2a9c278cd6d5d1f623bd71bc49772204b46c2388190c70c363d4913672a53
/Users/gokulmallabathula/deep-fake/datasets/raw/Celeb-Youtube-fake/2871.mp4,1,,Celeb-Youtube-fake,Celeb-Youtube-fake:2871,6e478c747cfa77da9fbb1ba17999b0d39dad621e017a38938bb61e7c2a328065
/Users/gokulmallabathula/deep-fake/datasets/raw/Celeb-Youtube-fake/2872.mp4,1,,Celeb-Youtube-fake,Celeb-Youtube-fake:2872,16ff70cc223580068bd3a2089b62c1f92e27098834a79ef1542aed61a3783af3
/Users/gokulmallabathula/deep-fake/datasets/raw/Celeb-Youtube-fake/2873.mp4,1,,Celeb-Youtube-fake,Celeb-Youtube-fake:2873,4192f9ade1b6d08727f87c3afa16ffa2dc563893ee7b938892cae89079a0dafd
/Users/gokulmallabathula/deep-fake/datasets/raw/Celeb-Youtube-fake/2874.mp4,1,,Celeb-Youtube-fake,Celeb-Youtube-fake:2874,abf31a6650fdf95d6b792f2617026898634ee0c07ca12a4b5a4b7bf46d31d2d1
/Users/gokulmallabathula/deep-fake/datasets/raw/Celeb-Youtube-fake/2875.mp4,1,,Celeb-Youtube-fake,Celeb-Youtube-fake:2875,2832acd7cfe93c135801623d2ce4990db33b089b3884f23c350bf34b25ad6dec
/Users/gokulmallabathula/deep-fake/datasets/raw/Celeb-Youtube-fake/2877.mp4,1,,Celeb-Youtube-fake,Celeb-Youtube-fake:2877,369ee31116663716628f99db74221321f71882702d7294909cc0605544c344d7
/Users/gokulmallabathula/deep-fake/datasets/raw/Celeb-Youtube-fake/2879.mp4,1,,Celeb-Youtube-fake,Celeb-Youtube-fake:2879,d4c0da709f0d7c308ba7cd31fe3294227c3f8b6af8616a07449241216890c2bc
/Users/gokulmallabathula/deep-fake/datasets/raw/Celeb-Youtube-fake/2881.mp4,1,,Celeb-Youtube-fake,Celeb-Youtube-fake:2881,755eebcaf22078711bc554bf8d94b29213c7a20069615b71faf675dbce1d7e97
/Users/gokulmallabathula/deep-fake/datasets/raw/Celeb-Youtube-fake/2882.mp4,1,,Celeb-Youtube-fake,Celeb-Youtube-fake:2882,f22ab6ca061ab6a767fb4276ddbf1674b5e4a51c7b7b9616158ddaf5cf5ed385
/Users/gokulmallabathula/deep-fake/datasets/raw/Celeb-Youtube-fake/2883.mp4,1,,Celeb-Youtube-fake,Celeb-Youtube-fake:2883,d968046b9d9113177223bad13501fb673ebf36fd6cd259314e732ff0fa75d3a9
/Users/gokulmallabathula/deep-fake/datasets/raw/Celeb-Youtube-fake/2884.mp4,1,,Celeb-Youtube-fake,Celeb-Youtube-fake:2884,da748615ef059d23ab815310f0b8294ef1e0322134b8091374c67e61a24f3330
/Users/gokulmallabathula/deep-fake/datasets/raw/Celeb-Youtube-fake/2885.mp4,1,,Celeb-Youtube-fake,Celeb-Youtube-fake:2885,01d07d13d018e0392014445a3005d3a37203d175d439190197a8683c12059b48
/Users/gokulmallabathula/deep-fake/datasets/raw/Celeb-Youtube-fake/2886.mp4,1,,Celeb-Youtube-fake,Celeb-Youtube-fake:2886,2c7d0d95dbe51e0a11338404dd0de429a05b4813df0cc1357f85a566e5f7aa7c
/Users/gokulmallabathula/deep-fake/datasets/raw/Celeb-Youtube-fake/2889.mp4,1,,Celeb-Youtube-fake,Celeb-Youtube-fake:2889,2bf31dd4323df4e0992dc051de82bcc996c8e81862ea47ae43bafe57c8a45dcd
/Users/gokulmallabathula/deep-fake/datasets/raw/Celeb-Youtube-fake/289.mp4,1,,Celeb-Youtube-fake,Celeb-Youtube-fake:289,92a4bd6da9e2d6d37fd125e80e9328df1b15449e2fe38df397e9c9c8e7050135
/Users/gokulmallabathula/deep-fake/datasets/raw/Celeb-Youtube-fake/2890.mp4,1,,Celeb-Youtube-fake,Celeb-Youtube-fake:2890,444cf4959f837047a8c7480f5560221162fb6ddaa133cfc07ff82764e8b4e627
/Users/gokulmallabathula/deep-fake/datasets/raw/Celeb-Youtube-fake/2891.mp4,1,,Celeb-Youtube-fake,Celeb-Youtube-fake:2891,e2f7dbd04d0bc3a732ac42ab486144c27e894ecba9515023a5263a6f2bff07d1
/Users/gokulmallabathula/deep-fake/datasets/raw/Celeb-Youtube-fake/2892.mp4,1,,Celeb-Youtube-fake,Celeb-Youtube-fake:2892,2feb519eac680dff28b9cdbf481effb00cce48b0326d297990af5447f648ddba
/Users/gokulmallabathula/deep-fake/datasets/raw/Celeb-Youtube-fake/2894.mp4,1,,Celeb-Youtube-fake,Celeb-Youtube-fake:2894,ecedb78cb9124020aaa450117e98d5588d3247be3bd8d4f6e08189549551b360
/Users/gokulmallabathula/deep-fake/datasets/raw/Celeb-Youtube-fake/2895.mp4,1,,Celeb-Youtube-fake,Celeb-Youtube-fake:2895,320d32650d1bc938c4635d8ad384333251a9aa3784857ab902643ac80218e253
/Users/gokulmallabathula/deep-fake/datasets/raw/Celeb-Youtube-fake/2896.mp4,1,,Celeb-Youtube-fake,Celeb-Youtube-fake:2896,56326b70a790edd47073586ad5159b39bd4653bcd6d5a778bfda46a382fa4c60
/Users/gokulmallabathula/deep-fake/datasets/raw/Celeb-Youtube-fake/2897.mp4,1,,Celeb-Youtube-fake,Celeb-Youtube-fake:2897,0e6f26c8aa0584f29d6e09e49d32788ec455af7bf5f062b8d0a54994ae349980
/Users/gokulmallabathula/deep-fake/datasets/raw/Celeb-Youtube-fake/2898.mp4,1,,Celeb-Youtube-fake,Celeb-Youtube-fake:2898,d1652607782d0dfd7675585e612a6d6decb1c59deb4c1a3f31c22902c9f08a59
/Users/gokulmallabathula/deep-fake/datasets/raw/Celeb-Youtube-fake/2899.mp4,1,,Celeb-Youtube-fake,Celeb-Youtube-fake:2899,5fa7d3d19274ebfe45c6870e6e01629999c270198e8270ca35855bda96ee6b82
/Users/gokulmallabathula/deep-fake/datasets/raw/Celeb-Youtube-fake/29.mp4,1,,Celeb-Youtube-fake,Celeb-Youtube-fake:29,22a3b8d7a936f7b1b9473c6297b37f9fe58b16fd8ee732851e2064f8a27a85f2
/Users/gokulmallabathula/deep-fake/datasets/raw/Celeb-Youtube-fake/290.mp4,1,,Celeb-Youtube-fake,Celeb-Youtube-fake:290,103a2f612b2b3a1b6141dbc324015dbbc619968f0a9881c3c3c588a69af7f241
/Users/gokulmallabathula/deep-fake/datasets/raw/Celeb-Youtube-fake/2900.mp4,1,,Celeb-Youtube-fake,Celeb-Youtube-fake:2900,4fc35dc0e5093e2aec0195aa82101ef3ddb259b1ba06e5f8d3b6fa67fd27459e
/Users/gokulmallabathula/deep-fake/datasets/raw/Celeb-Youtube-fake/2901.mp4,1,,Celeb-Youtube-fake,Celeb-Youtube-fake:2901,047f710f1aa9a1f8901cb78f73f58889d7d4d293fdbae2877355f29cd864a5a7
/Users/gokulmallabathula/deep-fake/datasets/raw/Celeb-Youtube-fake/2903.mp4,1,,Celeb-Youtube-fake,Celeb-Youtube-fake:2903,8c4b42a9df3b13ce3bc690c1967cfb167b125c9756e1bfc2ec4f231efd0a9f10
/Users/gokulmallabathula/deep-fake/datasets/raw/Celeb-Youtube-fake/2904.mp4,1,,Celeb-Youtube-fake,Celeb-Youtube-fake:2904,fec7f0f3ba6bbb0a4cf80cce4062f02058f747f7491ee2b46264c7cd22adf14d
/Users/gokulmallabathula/deep-fake/datasets/raw/Celeb-Youtube-fake/2905.mp4,1,,Celeb-Youtube-fake,Celeb-Youtube-fake:2905,53f1ce3ed550f8ebac53be9ba52b23da30de2b4ab1956465a74e02887a584c14
/Users/gokulmallabathula/deep-fake/datasets/raw/Celeb-Youtube-fake/2906.mp4,1,,Celeb-Youtube-fake,Celeb-Youtube-fake:2906,43802787892892067f44dadfe5a2eb81bf8e216537eba5df85298f3d720a90d5
/Users/gokulmallabathula/deep-fake/datasets/raw/Celeb-Youtube-fake/2907.mp4,1,,Celeb-Youtube-fake,Celeb-Youtube-fake:2907,3daf645fc44d61d010eb95207081afef06a60178992d9843417be6dde176782a
/Users/gokulmallabathula/deep-fake/datasets/raw/Celeb-Youtube-fake/2908.mp4,1,,Celeb-Youtube-fake,Celeb-Youtube-fake:2908,dffbb8e0df6252cb7e8114fae3a9109d59dac493f948982af524d8980867824d
/Users/gokulmallabathula/deep-fake/datasets/raw/Celeb-Youtube-fake/291.mp4,1,,Celeb-Youtube-fake,Celeb-Youtube-fake:291,da6699a32974cbff3110da6be0323ccdda74efa07cdfd88e6022b8f09d08e008
/Users/gokulmallabathula/deep-fake/datasets/raw/Celeb-Youtube-fake/2910.mp4,1,,Celeb-Youtube-fake,Celeb-Youtube-fake:2910,78157d4dec5c9ac4d02fabe7627f3645629d453ac734bdee0e7d2ad7901707ce
/Users/gokulmallabathula/deep-fake/datasets/raw/Celeb-Youtube-fake/2911.mp4,1,,Celeb-Youtube-fake,Celeb-Youtube-fake:2911,308cecb498c5129a885b9397f7e1fb7a79f1bd446a9ce5442df4cb1b00db8ecd
/Users/gokulmallabathula/deep-fake/datasets/raw/Celeb-Youtube-fake/2912.mp4,1,,Celeb-Youtube-fake,Celeb-Youtube-fake:2912,cf9dd597294f1800258fb0e0f11ee9d2894ac4f14df653290443c776f4c1448a
/Users/gokulmallabathula/deep-fake/datasets/raw/Celeb-Youtube-fake/2913.mp4,1,,Celeb-Youtube-fake,Celeb-Youtube-fake:2913,17c04e624dec09e6c56233a2c09d86515b86cd67be0c107f1aa3c45df1ac6089
/Users/gokulmallabathula/deep-fake/datasets/raw/Celeb-Youtube-fake/2914.mp4,1,,Celeb-Youtube-fake,Celeb-Youtube-fake:2914,4dc738a694a021e9baaa628671e73df74e5fc7a933fd46f1d6dabca09fddb736
/Users/gokulmallabathula/deep-fake/datasets/raw/Celeb-Youtube-fake/2915.mp4,1,,Celeb-Youtube-fake,Celeb-Youtube-fake:2915,2b50cdd7ef82068cc144212b0c3c2b1c0df9c003726c322953b9616258307793
/Users/gokulmallabathula/deep-fake/datasets/raw/Celeb-Youtube-fake/2917.mp4,1,,Celeb-Youtube-fake,Celeb-Youtube-fake:2917,236420bd10fb1f13e33712661425aaccad0d64200b40af58a6b3e52d7229080e
/Users/gokulmallabathula/deep-fake/datasets/raw/Celeb-Youtube-fake/2918.mp4,1,,Celeb-Youtube-fake,Celeb-Youtube-fake:2918,16d42454f8c03ce596a5c0b04751e6d23b47ff3610978f8c378ec7d8c86f8668
/Users/gokulmallabathula/deep-fake/datasets/raw/Celeb-Youtube-fake/2919.mp4,1,,Celeb-Youtube-fake,Celeb-Youtube-fake:2919,0b22e05b2bc6d69e18a7c257f56f09590843f927a21750d8db514550f38efc53
/Users/gokulmallabathula/deep-fake/datasets/raw/Celeb-Youtube-fake/292.mp4,1,,Celeb-Youtube-fake,Celeb-Youtube-fake:292,5353c5be83e5b3186191cabc7c93e15575e08071c92da75cfb27d2b218ac385f
/Users/gokulmallabathula/deep-fake/datasets/raw/Celeb-Youtube-fake/2921.mp4,1,,Celeb-Youtube-fake,Celeb-Youtube-fake:2921,7fd4fd5d63e5ff260feef92915aa7ed04793cd1931f4f2920006fa3e91d70dcf
/Users/gokulmallabathula/deep-fake/datasets/raw/Celeb-Youtube-fake/2922.mp4,1,,Celeb-Youtube-fake,Celeb-Youtube-fake:2922,c59875a44f9b4e0ce1af56d4b5659d69980d1f775093704d0ac71b6624b57667
/Users/gokulmallabathula/deep-fake/datasets/raw/Celeb-Youtube-fake/2924.mp4,1,,Celeb-Youtube-fake,Celeb-Youtube-fake:2924,944a1fd1070a5cebab3854bc106025b9a1667a54bc8613730fa9e012e16f6ab4
/Users/gokulmallabathula/deep-fake/datasets/raw/Celeb-Youtube-fake/2925.mp4,1,,Celeb-Youtube-fake,Celeb-Youtube-fake:2925,b8e1737aa36ec419fe6a9113adb3c4a4bdbc1a5d38c0eb5067120e317140ae54
/Users/gokulmallabathula/deep-fake/datasets/raw/Celeb-Youtube-fake/2926.mp4,1,,Celeb-Youtube-fake,Celeb-Youtube-fake:2926,f0ef44a2b28d9a93a84ad6d637f9b3a78d3fabef9d372507ee965fc8f8af137e
/Users/gokulmallabathula/deep-fake/datasets/raw/Celeb-Youtube-fake/2927.mp4,1,,Celeb-Youtube-fake,Celeb-Youtube-fake:2927,a2277e88e6e89a7d1ea6302b4366d1dc277ff56f9f646a966d15360452049414
/Users/gokulmallabathula/deep-fake/datasets/raw/Celeb-Youtube-fake/2928.mp4,1,,Celeb-Youtube-fake,Celeb-Youtube-fake:2928,0c9af9470c2aa3e95fce053764000014484cca73a14e65016313111eb7c3ac6f
/Users/gokulmallabathula/deep-fake/datasets/raw/Celeb-Youtube-fake/2931.mp4,1,,Celeb-Youtube-fake,Celeb-Youtube-fake:2931,d9da822c554f69bb865ccaafa7bced85ba5f4cdc355fa1add0ae4164e4e5e6e3
/Users/gokulmallabathula/deep-fake/datasets/raw/Celeb-Youtube-fake/2932.mp4,1,,Celeb-Youtube-fake,Celeb-Youtube-fake:2932,8a390a62dcc964f7e675b641756b2a9098d79b06a7b72dd1ea50a991742042d8
/Users/gokulmallabathula/deep-fake/datasets/raw/Celeb-Youtube-fake/2933.mp4,1,,Celeb-Youtube-fake,Celeb-Youtube-fake:2933,75543e68f6f28774ade10b3c335e8f5f3f0e6e89c5d5560a7519ac4bc392e4a3
/Users/gokulmallabathula/deep-fake/datasets/raw/Celeb-Youtube-fake/2934.mp4,1,,Celeb-Youtube-fake,Celeb-Youtube-fake:2934,660e6ed86bdf69c28e6624c806b0b73483b7d8dc1f7f7d192eae09c9e71bb4dc
/Users/gokulmallabathula/deep-fake/datasets/raw/Celeb-Youtube-fake/2936.mp4,1,,Celeb-Youtube-fake,Celeb-Youtube-fake:2936,2054fc9753269ed50e426dc4a6cab6ce1aa7c9c46526f472e97f4b571283c5cb
/Users/gokulmallabathula/deep-fake/datasets/raw/Celeb-Youtube-fake/2937.mp4,1,,Celeb-Youtube-fake,Celeb-Youtube-fake:2937,b0844227f96570e5f734c32b115e0fc8e1604b3c8f3b0bf631a2f42d20216b85
/Users/gokulmallabathula/deep-fake/datasets/raw/Celeb-Youtube-fake/2938.mp4,1,,Celeb-Youtube-fake,Celeb-Youtube-fake:2938,56d2a9d4ce3cbe417ecb3da89b9f77f64142129cd0eb71b7e9f4adeec698704c
/Users/gokulmallabathula/deep-fake/datasets/raw/Celeb-Youtube-fake/2939.mp4,1,,Celeb-Youtube-fake,Celeb-Youtube-fake:2939,59150d66dd8f4081d852b41fb2a3a15fe7156b38e67daff2bbd95f3727d48791
/Users/gokulmallabathula/deep-fake/datasets/raw/Celeb-Youtube-fake/2941.mp4,1,,Celeb-Youtube-fake,Celeb-Youtube-fake:2941,26bdef815a2800bba0f53294b5bd1205d5ef97c9f383a18632a8069fadbb1310
/Users/gokulmallabathula/deep-fake/datasets/raw/Celeb-Youtube-fake/2942.mp4,1,,Celeb-Youtube-fake,Celeb-Youtube-fake:2942,39886985a55958f3e7b44ff45f74a14d7e7bbe4b26faa6d42f9fb8cd63b2b84c
/Users/gokulmallabathula/deep-fake/datasets/raw/Celeb-Youtube-fake/2943.mp4,1,,Celeb-Youtube-fake,Celeb-Youtube-fake:2943,9f18fb79704ff7808597d950d3acd17023d897520d80136e9a55ebaa3637b257
/Users/gokulmallabathula/deep-fake/datasets/raw/Celeb-Youtube-fake/2945.mp4,1,,Celeb-Youtube-fake,Celeb-Youtube-fake:2945,6815143634daf6573be529cfa2c26bfba864d466bda22ff214ef87537005f850
/Users/gokulmallabathula/deep-fake/datasets/raw/Celeb-Youtube-fake/2946.mp4,1,,Celeb-Youtube-fake,Celeb-Youtube-fake:2946,489b4f6a934e3cc1b9cc5749df6319957cc647a60bdded2a2ea4f17218b8a2ff
/Users/gokulmallabathula/deep-fake/datasets/raw/Celeb-Youtube-fake/2947.mp4,1,,Celeb-Youtube-fake,Celeb-Youtube-fake:2947,58e1a679c75ea8dd5f1103aa26fab7ee166bd0a86f53c81d4fe4118fa20cd4f3
/Users/gokulmallabathula/deep-fake/datasets/raw/Celeb-Youtube-fake/295.mp4,1,,Celeb-Youtube-fake,Celeb-Youtube-fake:295,4501d55bfd437c3200cefcbc3a6587b69f9342fc79674680293d8943a4d21c0a
/Users/gokulmallabathula/deep-fake/datasets/raw/Celeb-Youtube-fake/2951.mp4,1,,Celeb-Youtube-fake,Celeb-Youtube-fake:2951,6541a908a943659312b611abc1885ddbb51c7ccfeba6e4df6918d312f2c1fb1a
/Users/gokulmallabathula/deep-fake/datasets/raw/Celeb-Youtube-fake/2958.mp4,1,,Celeb-Youtube-fake,Celeb-Youtube-fake:2958,89ce8ee65b9e49fed00b5cc827e1b5f9436542173e1b028f530ccb0fe5ddf075
/Users/gokulmallabathula/deep-fake/datasets/raw/Celeb-Youtube-fake/2959.mp4,1,,Celeb-Youtube-fake,Celeb-Youtube-fake:2959,2ae44d77cb93f745ad892d4dd953ebfad1837b6bfe76104caa8951c63ea8f3e1
/Users/gokulmallabathula/deep-fake/datasets/raw/Celeb-Youtube-fake/296.mp4,1,,Celeb-Youtube-fake,Celeb-Youtube-fake:296,4df04d9262f3d7520595daf768b56a6246e370f87d22b14d8dec25dc33740a4c
/Users/gokulmallabathula/deep-fake/datasets/raw/Celeb-Youtube-fake/2960.mp4,1,,Celeb-Youtube-fake,Celeb-Youtube-fake:2960,e574b715a7b7acb95173ba47a43bad7b2716dc3a536e0bbbf5fc299a8de38cc9
/Users/gokulmallabathula/deep-fake/datasets/raw/Celeb-Youtube-fake/2962.mp4,1,,Celeb-Youtube-fake,Celeb-Youtube-fake:2962,8a50837425efef70c42183c2de37ede2103700aa7dd45faf3d213d5ed88041be
/Users/gokulmallabathula/deep-fake/datasets/raw/Celeb-Youtube-fake/2963.mp4,1,,Celeb-Youtube-fake,Celeb-Youtube-fake:2963,6e14821d15e549a72e902f2403ffe5784c123b6e082e012f148b78b1ebca9e45
/Users/gokulmallabathula/deep-fake/datasets/raw/Celeb-Youtube-fake/2964.mp4,1,,Celeb-Youtube-fake,Celeb-Youtube-fake:2964,ec350a849248bc89adc21bcaad3a2288c74567bc39cad0ac78bd42f4ff884e1e
/Users/gokulmallabathula/deep-fake/datasets/raw/Celeb-Youtube-fake/2966.mp4,1,,Celeb-Youtube-fake,Celeb-Youtube-fake:2966,33c14b225cfa67202a60928d9075729c8482503f88ad9b58be04608d89de8350
/Users/gokulmallabathula/deep-fake/datasets/raw/Celeb-Youtube-fake/2969.mp4,1,,Celeb-Youtube-fake,Celeb-Youtube-fake:2969,e86c13de1a5f014df1fcc1a78e2b975966cb70e3e36e9c412fa1f6d128a63e03
/Users/gokulmallabathula/deep-fake/datasets/raw/Celeb-Youtube-fake/297.mp4,1,,Celeb-Youtube-fake,Celeb-Youtube-fake:297,aa9fd7fdcd05494462c313363807c8113613d522f748acdd71499692db1fc521
/Users/gokulmallabathula/deep-fake/datasets/raw/Celeb-Youtube-fake/2970.mp4,1,,Celeb-Youtube-fake,Celeb-Youtube-fake:2970,256aa595db11f4b8b07431a27b8ad475d7a6e03c3224eef1a03b78643d50c8d1
/Users/gokulmallabathula/deep-fake/datasets/raw/Celeb-Youtube-fake/2971.mp4,1,,Celeb-Youtube-fake,Celeb-Youtube-fake:2971,38db64360eba71c2d27305d9023704a88262dd28d275fa02e05fc0756b644e70
/Users/gokulmallabathula/deep-fake/datasets/raw/Celeb-Youtube-fake/2973.mp4,1,,Celeb-Youtube-fake,Celeb-Youtube-fake:2973,d21aa7197fa495207dc971b5493e7766788081a52474f89eeb46e5b3747e0c5e
/Users/gokulmallabathula/deep-fake/datasets/raw/Celeb-Youtube-fake/2974.mp4,1,,Celeb-Youtube-fake,Celeb-Youtube-fake:2974,8e501dd3b110e5cfcd78eb0d77b5c9657449a4d451f0788735da8cbc41cedf15
/Users/gokulmallabathula/deep-fake/datasets/raw/Celeb-Youtube-fake/2975.mp4,1,,Celeb-Youtube-fake,Celeb-Youtube-fake:2975,5ddfa9413e84cf8dd0d451f733676010ab5acfd5075d7d8f883501dbba481050
/Users/gokulmallabathula/deep-fake/datasets/raw/Celeb-Youtube-fake/2976.mp4,1,,Celeb-Youtube-fake,Celeb-Youtube-fake:2976,1057ba22a97c18313b89f35216d6c1ef376085d4b8be775cbac544a8869c24e5
/Users/gokulmallabathula/deep-fake/datasets/raw/Celeb-Youtube-fake/2978.mp4,1,,Celeb-Youtube-fake,Celeb-Youtube-fake:2978,0cb38abb6eebefb6c33cae63cd9b9e1d71c1cc86e7c0fea10c9ba1652f3ea22e
/Users/gokulmallabathula/deep-fake/datasets/raw/Celeb-Youtube-fake/2979.mp4,1,,Celeb-Youtube-fake,Celeb-Youtube-fake:2979,8d405277fd080b3a2a90776d12d1e52f19f31051954500f071fb6d477f9e30f4
/Users/gokulmallabathula/deep-fake/datasets/raw/Celeb-Youtube-fake/298.mp4,1,,Celeb-Youtube-fake,Celeb-Youtube-fake:298,003bf0952a60bf3491da6f1071730db9d0168de165bae1028d08939df04acbda
/Users/gokulmallabathula/deep-fake/datasets/raw/Celeb-Youtube-fake/2980.mp4,1,,Celeb-Youtube-fake,Celeb-Youtube-fake:2980,132c1a6eacb750f9229389a15ab7fd3e9e795c4d301fe3e3514357917facbf04
/Users/gokulmallabathula/deep-fake/datasets/raw/Celeb-Youtube-fake/2981.mp4,1,,Celeb-Youtube-fake,Celeb-Youtube-fake:2981,34552b5bbab63f3a606474f153b39892054c33c5ae1c8a8473dfacdd6dd9f6fe
/Users/gokulmallabathula/deep-fake/datasets/raw/Celeb-Youtube-fake/2982.mp4,1,,Celeb-Youtube-fake,Celeb-Youtube-fake:2982,c18ec0087967be3291b4183d89275b7df8145f7272d77423deb4ccc65ee2b2fd
/Users/gokulmallabathula/deep-fake/datasets/raw/Celeb-Youtube-fake/2983.mp4,1,,Celeb-Youtube-fake,Celeb-Youtube-fake:2983,958ddb8e8f5856925e5776c5818e7674934b033fbc62454802f0006e5d5d341c
/Users/gokulmallabathula/deep-fake/datasets/raw/Celeb-Youtube-fake/2984.mp4,1,,Celeb-Youtube-fake,Celeb-Youtube-fake:2984,94bfa5a36b1bb80b6187c7fd37e370196ca44c65826f0e3f454b36f422ac9626
/Users/gokulmallabathula/deep-fake/datasets/raw/Celeb-Youtube-fake/2986.mp4,1,,Celeb-Youtube-fake,Celeb-Youtube-fake:2986,77d79cd183fd7fa97fc06aa9eca4b6a7a36f718b0d092c0b1971d4ab7d5d9222
/Users/gokulmallabathula/deep-fake/datasets/raw/Celeb-Youtube-fake/2987.mp4,1,,Celeb-Youtube-fake,Celeb-Youtube-fake:2987,196a874996e3a4d90ea3c3f45baf8909be2a7a0a215c8ff6b34ec780b5e5e907
/Users/gokulmallabathula/deep-fake/datasets/raw/Celeb-Youtube-fake/2988.mp4,1,,Celeb-Youtube-fake,Celeb-Youtube-fake:2988,e8bccd855fa410ad8ead3ca540e098816279568727585ce76c2146609693562a
/Users/gokulmallabathula/deep-fake/datasets/raw/Celeb-Youtube-fake/2990.mp4,1,,Celeb-Youtube-fake,Celeb-Youtube-fake:2990,822632061de08040ca83dbd0b1e5f596658ea9adb89af54725d68e0e9d35333a
/Users/gokulmallabathula/deep-fake/datasets/raw/Celeb-Youtube-fake/2991.mp4,1,,Celeb-Youtube-fake,Celeb-Youtube-fake:2991,6e8bed97aab17c3eec4eaa1582fea085e2f8c3cf648dce04db925a9c3ce66b94
/Users/gokulmallabathula/deep-fake/datasets/raw/Celeb-Youtube-fake/2992.mp4,1,,Celeb-Youtube-fake,Celeb-Youtube-fake:2992,4c7b3950669ea5b25f0071fb52f17c6cff30161aa96e5327d57998ad3a20ebec
/Users/gokulmallabathula/deep-fake/datasets/raw/Celeb-Youtube-fake/2993.mp4,1,,Celeb-Youtube-fake,Celeb-Youtube-fake:2993,ac742b867173bec0341b29fc0b7278e6ba4301ed0fa830ef755ec71c473dc451
/Users/gokulmallabathula/deep-fake/datasets/raw/Celeb-Youtube-fake/2994.mp4,1,,Celeb-Youtube-fake,Celeb-Youtube-fake:2994,a2b4d82227a1fa4a29345913672b7d03e33ef15b5ab8542963ac79f1c33e5107
/Users/gokulmallabathula/deep-fake/datasets/raw/Celeb-Youtube-fake/2995.mp4,1,,Celeb-Youtube-fake,Celeb-Youtube-fake:2995,f12f1afd11a80ecc9a7221be72ce5947305f152c5ee7f55087ef01251198cdda
/Users/gokulmallabathula/deep-fake/datasets/raw/Celeb-Youtube-fake/2997.mp4,1,,Celeb-Youtube-fake,Celeb-Youtube-fake:2997,5d58fc1e61e693963cd7fe81f2a42b4de3ffd76199bc841816c469e3e25f24e5
/Users/gokulmallabathula/deep-fake/datasets/raw/Celeb-Youtube-fake/2998.mp4,1,,Celeb-Youtube-fake,Celeb-Youtube-fake:2998,7b0d1f40f6ac656c719fc74ad9d2aa7626ec7b64f2247482d7c11ce3b350c825
/Users/gokulmallabathula/deep-fake/datasets/raw/Celeb-Youtube-fake/2999.mp4,1,,Celeb-Youtube-fake,Celeb-Youtube-fake:2999,2ddb1752ec759abc962df5481748d7638cc0ced568b21a6f466e36d7bf712dc4
/Users/gokulmallabathula/deep-fake/datasets/raw/Celeb-Youtube-fake/3.mp4,1,,Celeb-Youtube-fake,Celeb-Youtube-fake:3,bc5e001e7eba6ebb6d0bad85d0821742cce62c20fa57910c11f5e7d600578a48
/Users/gokulmallabathula/deep-fake/datasets/raw/Celeb-Youtube-fake/30.mp4,1,,Celeb-Youtube-fake,Celeb-Youtube-fake:30,7da7ceab9d19a3eae05dcd0f40b5075ea833599e4ab1124da2156b05b7d12372
/Users/gokulmallabathula/deep-fake/datasets/raw/Celeb-Youtube-fake/3000.mp4,1,,Celeb-Youtube-fake,Celeb-Youtube-fake:3000,c7133147c4de2cc59b2465faf4d044f5e3b0a4cc6e28ab43ee559912b08f0359
/Users/gokulmallabathula/deep-fake/datasets/raw/Celeb-Youtube-fake/3001.mp4,1,,Celeb-Youtube-fake,Celeb-Youtube-fake:3001,5c966b74d8f7b014c13a3abf82569e153ab965ca3c79ebe82ca5756be9be47cc
/Users/gokulmallabathula/deep-fake/datasets/raw/Celeb-Youtube-fake/3002.mp4,1,,Celeb-Youtube-fake,Celeb-Youtube-fake:3002,f4c86f30e25f2817b5f783b7a2a5857e6e60f974918d02686ae747974e3a2eec
/Users/gokulmallabathula/deep-fake/datasets/raw/Celeb-Youtube-fake/3003.mp4,1,,Celeb-Youtube-fake,Celeb-Youtube-fake:3003,7a78d0ae3e84188f9f350badb6530e9530aaed3746fe0185af0c46dd99a8109b
/Users/gokulmallabathula/deep-fake/datasets/raw/Celeb-Youtube-fake/3007.mp4,1,,Celeb-Youtube-fake,Celeb-Youtube-fake:3007,97527b423bb185d9042e198d03765156d4c9d05a320da7f309dcae19b4074840
/Users/gokulmallabathula/deep-fake/datasets/raw/Celeb-Youtube-fake/3008.mp4,1,,Celeb-Youtube-fake,Celeb-Youtube-fake:3008,2eeb52d6a989eee30860e58ba1f7f5efdd7adee38899665f58af2490e7fe0e16
/Users/gokulmallabathula/deep-fake/datasets/raw/Celeb-Youtube-fake/301.mp4,1,,Celeb-Youtube-fake,Celeb-Youtube-fake:301,b894c0bc9d25487ab6e8147761820d407aa16e5ad23dc3ac584bdfbb64be2c14
/Users/gokulmallabathula/deep-fake/datasets/raw/Celeb-Youtube-fake/3010.mp4,1,,Celeb-Youtube-fake,Celeb-Youtube-fake:3010,483874e4c95b17de350e460c507345d762130a2c2bbb3bf9fe0b9a882baaf6de
/Users/gokulmallabathula/deep-fake/datasets/raw/Celeb-Youtube-fake/3011.mp4,1,,Celeb-Youtube-fake,Celeb-Youtube-fake:3011,64d30387ace946b21ba20c0cf9153b50870eaa697a29f1f8edce76273ad40428
/Users/gokulmallabathula/deep-fake/datasets/raw/Celeb-Youtube-fake/3013.mp4,1,,Celeb-Youtube-fake,Celeb-Youtube-fake:3013,a2dcc985f71f40c580b1f4aa661e15ce6e3b13eb2cd4c6c112b53752a3d42a3c
/Users/gokulmallabathula/deep-fake/datasets/raw/Celeb-Youtube-fake/3014.mp4,1,,Celeb-Youtube-fake,Celeb-Youtube-fake:3014,5381399161cf52733edf3e0c4fbb04f1eecdd0148359c5b63f968b26b8113af2
/Users/gokulmallabathula/deep-fake/datasets/raw/Celeb-Youtube-fake/3015.mp4,1,,Celeb-Youtube-fake,Celeb-Youtube-fake:3015,a95b865efacf393178aa2a7492428de26f45cb9b4de60fe842a7d4d1161a47c1
/Users/gokulmallabathula/deep-fake/datasets/raw/Celeb-Youtube-fake/3016.mp4,1,,Celeb-Youtube-fake,Celeb-Youtube-fake:3016,0e709368751a635d9c5bc0234abf4654aff02df8117f02cea19655415c66b4de
/Users/gokulmallabathula/deep-fake/datasets/raw/Celeb-Youtube-fake/3017.mp4,1,,Celeb-Youtube-fake,Celeb-Youtube-fake:3017,124e1927a9dbc6d79d1e74afa28c196fee248afb6a35063cc2b20e369ad06915
/Users/gokulmallabathula/deep-fake/datasets/raw/Celeb-Youtube-fake/3018.mp4,1,,Celeb-Youtube-fake,Celeb-Youtube-fake:3018,e31a24749313bc0a135182b92c9c72d4c44479edbb727c57ae4d6e8475e5a8e8
/Users/gokulmallabathula/deep-fake/datasets/raw/Celeb-Youtube-fake/3019.mp4,1,,Celeb-Youtube-fake,Celeb-Youtube-fake:3019,0d97ae704cd8cb95fc78b8d1c4186f06b569219051c7b5248e2729818a7b2861
/Users/gokulmallabathula/deep-fake/datasets/raw/Celeb-Youtube-fake/3022.mp4,1,,Celeb-Youtube-fake,Celeb-Youtube-fake:3022,d43ad74e16dc8471db20fd705c092ab7204b16c469e95bca7f1867db5cbaca5f
/Users/gokulmallabathula/deep-fake/datasets/raw/Celeb-Youtube-fake/3023.mp4,1,,Celeb-Youtube-fake,Celeb-Youtube-fake:3023,b65073ac5489e2fe66f3eabd9a526a2cf3846de6a343e02ea1fbce78faa1d4d3
/Users/gokulmallabathula/deep-fake/datasets/raw/Celeb-Youtube-fake/3026.mp4,1,,Celeb-Youtube-fake,Celeb-Youtube-fake:3026,a253c12296b620206d2681581235971dcd55df2e14ec6bf1b0e015a97c88d1e1
/Users/gokulmallabathula/deep-fake/datasets/raw/Celeb-Youtube-fake/3027.mp4,1,,Celeb-Youtube-fake,Celeb-Youtube-fake:3027,435c456abc1e4497b562948f30c75e7b4b0c0b30962c24f91993a776dbbaaa03
/Users/gokulmallabathula/deep-fake/datasets/raw/Celeb-Youtube-fake/3028.mp4,1,,Celeb-Youtube-fake,Celeb-Youtube-fake:3028,d7238756396585ee06227bc860af5c7b0b633c64748b1fcbedd044dcd55c9ac8
/Users/gokulmallabathula/deep-fake/datasets/raw/Celeb-Youtube-fake/3029.mp4,1,,Celeb-Youtube-fake,Celeb-Youtube-fake:3029,9efa3cf6701daf98cf695b917e42d02e6eade64a45391a45318edd657b24cde9
/Users/gokulmallabathula/deep-fake/datasets/raw/Celeb-Youtube-fake/3030.mp4,1,,Celeb-Youtube-fake,Celeb-Youtube-fake:3030,f132e9ef0f2fd2c302e8e51f1e311d340ce6a105becab28d6f24e90e34f4f7fc
/Users/gokulmallabathula/deep-fake/datasets/raw/Celeb-Youtube-fake/3032.mp4,1,,Celeb-Youtube-fake,Celeb-Youtube-fake:3032,7b20985ce485df9ca09bd866923111ab4b95c1e656c0cdeab5f2af7497d53b33
/Users/gokulmallabathula/deep-fake/datasets/raw/Celeb-Youtube-fake/3033.mp4,1,,Celeb-Youtube-fake,Celeb-Youtube-fake:3033,cb0b9d04182193561da3bd989f8ae6278ae91658fe7de0f8f27b1cc9fe60b708
/Users/gokulmallabathula/deep-fake/datasets/raw/Celeb-Youtube-fake/3035.mp4,1,,Celeb-Youtube-fake,Celeb-Youtube-fake:3035,7ccb2e9f2625a7dc56a91210f3534f97b71e60590bb1c986345d28d1b98fbcc5
/Users/gokulmallabathula/deep-fake/datasets/raw/Celeb-Youtube-fake/3038.mp4,1,,Celeb-Youtube-fake,Celeb-Youtube-fake:3038,6406d933ec990f014f2e3d5573f7dea9148c860b3ee5d1d749cb8f2104f68d32
/Users/gokulmallabathula/deep-fake/datasets/raw/Celeb-Youtube-fake/3039.mp4,1,,Celeb-Youtube-fake,Celeb-Youtube-fake:3039,7da44df475ae158c41759cd60f90df8e555021f73d46686d29f382efb956ff3a
/Users/gokulmallabathula/deep-fake/datasets/raw/Celeb-Youtube-fake/304.mp4,1,,Celeb-Youtube-fake,Celeb-Youtube-fake:304,45947148c9954bb5fb315f3fb2934b8737136c1cba7eac7668a0f6c0a749ea79
/Users/gokulmallabathula/deep-fake/datasets/raw/Celeb-Youtube-fake/3042.mp4,1,,Celeb-Youtube-fake,Celeb-Youtube-fake:3042,78e9ca90305c80418fb6f131b5c593ab15ba65e9e2f545f417d307ecd8968548
/Users/gokulmallabathula/deep-fake/datasets/raw/Celeb-Youtube-fake/3043.mp4,1,,Celeb-Youtube-fake,Celeb-Youtube-fake:3043,ea5afb7ff3b4ad3c452b9d1a9e6d6309fe4813d10f83200a64709eab9ca3af3e
/Users/gokulmallabathula/deep-fake/datasets/raw/Celeb-Youtube-fake/3044.mp4,1,,Celeb-Youtube-fake,Celeb-Youtube-fake:3044,531d66682f15b86984c6c4bc0002e401955dd828cca07a02088422da5154659d
/Users/gokulmallabathula/deep-fake/datasets/raw/Celeb-Youtube-fake/3045.mp4,1,,Celeb-Youtube-fake,Celeb-Youtube-fake:3045,57efe374f433c3632cbe6f655e2d716b2184fe14eed30658986d6fcb415beaaf
/Users/gokulmallabathula/deep-fake/datasets/raw/Celeb-Youtube-fake/3052.mp4,1,,Celeb-Youtube-fake,Celeb-Youtube-fake:3052,718305ecfd1845282104be0388262f45e319b8b857a4247711c0ddb43d6173a3
/Users/gokulmallabathula/deep-fake/datasets/raw/Celeb-Youtube-fake/3054.mp4,1,,Celeb-Youtube-fake,Celeb-Youtube-fake:3054,524774d72e7ce3fa38886cf70eab56dd78511959f757e398bc3e6ca1bbe48a61
/Users/gokulmallabathula/deep-fake/datasets/raw/Celeb-Youtube-fake/3056.mp4,1,,Celeb-Youtube-fake,Celeb-Youtube-fake:3056,7351c5ae7a0748f394307976b64132f992d672d107cd9ad4419771258a79c2ef
/Users/gokulmallabathula/deep-fake/datasets/raw/Celeb-Youtube-fake/3058.mp4,1,,Celeb-Youtube-fake,Celeb-Youtube-fake:3058,0e4208774b4b4822298dace90b0365d9e5a235f8ea8755399f5b653609670eb2
/Users/gokulmallabathula/deep-fake/datasets/raw/Celeb-Youtube-fake/3060.mp4,1,,Celeb-Youtube-fake,Celeb-Youtube-fake:3060,8ba2d0b91fd7ac20f8867a61a43b9c46310e15c87f8474c303c6a33ec94a9ae4
/Users/gokulmallabathula/deep-fake/datasets/raw/Celeb-Youtube-fake/3061.mp4,1,,Celeb-Youtube-fake,Celeb-Youtube-fake:3061,90cba9cc51afe87be6c1541e84a995f55112a26d061902c69e206b47741b78b3
/Users/gokulmallabathula/deep-fake/datasets/raw/Celeb-Youtube-fake/3062.mp4,1,,Celeb-Youtube-fake,Celeb-Youtube-fake:3062,b4d5fc21e8e13d4fa3f248b50587f0550dcaa3314112c77cb0a1095f84a0baba
/Users/gokulmallabathula/deep-fake/datasets/raw/Celeb-Youtube-fake/3063.mp4,1,,Celeb-Youtube-fake,Celeb-Youtube-fake:3063,e7e8bc0267216cc6f9e9a79aeafabb62ebe750e480fb90740007a9101df99cce
/Users/gokulmallabathula/deep-fake/datasets/raw/Celeb-Youtube-fake/3064.mp4,1,,Celeb-Youtube-fake,Celeb-Youtube-fake:3064,34446ff599aa7e020f393d650539c0ba93ab1369ba9dc2d8aea9dc9223a0b2ca
/Users/gokulmallabathula/deep-fake/datasets/raw/Celeb-Youtube-fake/3066.mp4,1,,Celeb-Youtube-fake,Celeb-Youtube-fake:3066,91a2b2cc9718780fa7a46f253be04322dbac0ee255626a34d0139896b4974771
/Users/gokulmallabathula/deep-fake/datasets/raw/Celeb-Youtube-fake/3067.mp4,1,,Celeb-Youtube-fake,Celeb-Youtube-fake:3067,b2d8c656fe4cdb7241d67ae31bf54ff16c5c0b59934317c14e05764b74aa7719
/Users/gokulmallabathula/deep-fake/datasets/raw/Celeb-Youtube-fake/3069.mp4,1,,Celeb-Youtube-fake,Celeb-Youtube-fake:3069,8873b5c177b682e3692e8b451036b0c02714592bb48ed7554f537d23b47fb738
/Users/gokulmallabathula/deep-fake/datasets/raw/Celeb-Youtube-fake/307.mp4,1,,Celeb-Youtube-fake,Celeb-Youtube-fake:307,4b0d3ed6623c7d05ae9769612ab64cf67e496107dd89941e1634b03d617683bc
/Users/gokulmallabathula/deep-fake/datasets/raw/Celeb-Youtube-fake/3070.mp4,1,,Celeb-Youtube-fake,Celeb-Youtube-fake:3070,f1bd4565909aff9695ef4ba5897bb624cd5fc299cdbdfdf928874e075456a699
/Users/gokulmallabathula/deep-fake/datasets/raw/Celeb-Youtube-fake/3071.mp4,1,,Celeb-Youtube-fake,Celeb-Youtube-fake:3071,633a5d2493a92466be13482392ea499553da7cf633675cffbeb8e3a8ab5ba906
/Users/gokulmallabathula/deep-fake/datasets/raw/Celeb-Youtube-fake/3072.mp4,1,,Celeb-Youtube-fake,Celeb-Youtube-fake:3072,64f089b54c931a7368a8be2e24e47ceeb8f8b1377f2b3cc230e7f4950155d7d6
/Users/gokulmallabathula/deep-fake/datasets/raw/Celeb-Youtube-fake/3073.mp4,1,,Celeb-Youtube-fake,Celeb-Youtube-fake:3073,a401c2481230abfcc07f0e604c7248f6f8060249dd4d95a691a52a3b71249542
/Users/gokulmallabathula/deep-fake/datasets/raw/Celeb-Youtube-fake/3074.mp4,1,,Celeb-Youtube-fake,Celeb-Youtube-fake:3074,3789757b9b38ebc24f17663cdee202b2ed3e0cde3a4eb9215589c68a1c19c3cf
/Users/gokulmallabathula/deep-fake/datasets/raw/Celeb-Youtube-fake/3077.mp4,1,,Celeb-Youtube-fake,Celeb-Youtube-fake:3077,5fcfbafa07397a8ea0eddecc9fedc6b7e065b00c107b780a976bf22ff0b536cf
/Users/gokulmallabathula/deep-fake/datasets/raw/Celeb-Youtube-fake/3078.mp4,1,,Celeb-Youtube-fake,Celeb-Youtube-fake:3078,dea4ea1b0e038fda32b20455816affdb84336cfe1081b29bd3e456cf693da086
/Users/gokulmallabathula/deep-fake/datasets/raw/Celeb-Youtube-fake/308.mp4,1,,Celeb-Youtube-fake,Celeb-Youtube-fake:308,c03d4559ec2ae9792e20fcb3dbabea4b0dd82049ab96356c5225dd176dcb8967
/Users/gokulmallabathula/deep-fake/datasets/raw/Celeb-Youtube-fake/3080.mp4,1,,Celeb-Youtube-fake,Celeb-Youtube-fake:3080,6635066224b85cfcfeae6c9c0362b86bc5bd34ef0de8a0ddd5cf5d9f28162eb3
/Users/gokulmallabathula/deep-fake/datasets/raw/Celeb-Youtube-fake/3081.mp4,1,,Celeb-Youtube-fake,Celeb-Youtube-fake:3081,c25a6f99c6fe0f62f7252457e9d542d7a650839efac9b5e1f088613f96422fb5
/Users/gokulmallabathula/deep-fake/datasets/raw/Celeb-Youtube-fake/3086.mp4,1,,Celeb-Youtube-fake,Celeb-Youtube-fake:3086,60cc35769d906446a48f5b51e40f1c827187152a7d09f6fa28eebb7237968806
/Users/gokulmallabathula/deep-fake/datasets/raw/Celeb-Youtube-fake/3087.mp4,1,,Celeb-Youtube-fake,Celeb-Youtube-fake:3087,58c8a9c688e06b46b00313124e7babf5b52938b85c6bcd4ee56d370eb6dbee06
/Users/gokulmallabathula/deep-fake/datasets/raw/Celeb-Youtube-fake/3088.mp4,1,,Celeb-Youtube-fake,Celeb-Youtube-fake:3088,bf1215b6e3a0d5f56cbbe98d307cb6d55076d5b9703683bdd7228efd21d3bda5
/Users/gokulmallabathula/deep-fake/datasets/raw/Celeb-Youtube-fake/3089.mp4,1,,Celeb-Youtube-fake,Celeb-Youtube-fake:3089,33420edf9d7e02a20c64957975bc2ee47bad390ec35d35e7aae3375dc4763c08
/Users/gokulmallabathula/deep-fake/datasets/raw/Celeb-Youtube-fake/3090.mp4,1,,Celeb-Youtube-fake,Celeb-Youtube-fake:3090,7d792268d5e2bbc0cc24a3e019e34cd972c1147253e8fccef6daaee4077f2bc7
/Users/gokulmallabathula/deep-fake/datasets/raw/Celeb-Youtube-fake/3091.mp4,1,,Celeb-Youtube-fake,Celeb-Youtube-fake:3091,b0baa25467d0f860d1983632073d044e88726c6ddaad8d2f4c115b1a76768762
/Users/gokulmallabathula/deep-fake/datasets/raw/Celeb-Youtube-fake/3092.mp4,1,,Celeb-Youtube-fake,Celeb-Youtube-fake:3092,5e15b99199a523b4a0f8e00143b6d1e1a68b880f6e88267e83b04f15c79f0229
/Users/gokulmallabathula/deep-fake/datasets/raw/Celeb-Youtube-fake/3093.mp4,1,,Celeb-Youtube-fake,Celeb-Youtube-fake:3093,233f2e1ed1f369e86c037b9869d084d9188ce0a8976690b42f9b9efc9391f918
/Users/gokulmallabathula/deep-fake/datasets/raw/Celeb-Youtube-fake/3095.mp4,1,,Celeb-Youtube-fake,Celeb-Youtube-fake:3095,3bc94dd3430fd138596477e36a4131ccd58d3b6581abfd1c43abbd2c4b66bb72
/Users/gokulmallabathula/deep-fake/datasets/raw/Celeb-Youtube-fake/3096.mp4,1,,Celeb-Youtube-fake,Celeb-Youtube-fake:3096,450879a25624db129bf3977a091e3b5f1986cfb6593b31443f9a9e811c86c8ef
/Users/gokulmallabathula/deep-fake/datasets/raw/Celeb-Youtube-fake/3097.mp4,1,,Celeb-Youtube-fake,Celeb-Youtube-fake:3097,f997a065c8a77ede59411544599c26060adc0eacb7474cf45aa0ddb8128da818
/Users/gokulmallabathula/deep-fake/datasets/raw/Celeb-Youtube-fake/3098.mp4,1,,Celeb-Youtube-fake,Celeb-Youtube-fake:3098,c457db19c0dc15b4ef5452824ec4783d4260591b2d6d84b8df41e5baa79bd744
/Users/gokulmallabathula/deep-fake/datasets/raw/Celeb-Youtube-fake/31.mp4,1,,Celeb-Youtube-fake,Celeb-Youtube-fake:31,a019676f77b7a3f1360441de7059a93e0392d3f2c14e28da244e3277b273909a
/Users/gokulmallabathula/deep-fake/datasets/raw/Celeb-Youtube-fake/3100.mp4,1,,Celeb-Youtube-fake,Celeb-Youtube-fake:3100,eb425eca245308d8ad1134aa95769ee9bf4abdff2fa74056346fac7645782503
/Users/gokulmallabathula/deep-fake/datasets/raw/Celeb-Youtube-fake/3101.mp4,1,,Celeb-Youtube-fake,Celeb-Youtube-fake:3101,f9c16cccbf5b562c4b3ded4da8487d772b6d9c8cdbf5a5afeb75a007a88979ae
/Users/gokulmallabathula/deep-fake/datasets/raw/Celeb-Youtube-fake/3102.mp4,1,,Celeb-Youtube-fake,Celeb-Youtube-fake:3102,ba948eb4d047bb410143db714318b15849ec4afb07ea9c4a692e449ebb89d070
/Users/gokulmallabathula/deep-fake/datasets/raw/Celeb-Youtube-fake/3105.mp4,1,,Celeb-Youtube-fake,Celeb-Youtube-fake:3105,7c70ed8dd7ebf1455fadfeb4f5670fae38c9e71e8624b7a08e0bd7989e778dfd
/Users/gokulmallabathula/deep-fake/datasets/raw/Celeb-Youtube-fake/3106.mp4,1,,Celeb-Youtube-fake,Celeb-Youtube-fake:3106,f5863d0b1d8a25de632f5af466a65dfb3da63511dd689409dac3824c94dda15c
/Users/gokulmallabathula/deep-fake/datasets/raw/Celeb-Youtube-fake/3108.mp4,1,,Celeb-Youtube-fake,Celeb-Youtube-fake:3108,3a36ad2197825922998e22eef9b7fe73459af61fb8c4f61df4695b74c252c892
/Users/gokulmallabathula/deep-fake/datasets/raw/Celeb-Youtube-fake/3109.mp4,1,,Celeb-Youtube-fake,Celeb-Youtube-fake:3109,6bfa6ee7e318f9f074376109a4f9ac883b4b2904dfb71be990078d59f2df71ad
/Users/gokulmallabathula/deep-fake/datasets/raw/Celeb-Youtube-fake/311.mp4,1,,Celeb-Youtube-fake,Celeb-Youtube-fake:311,75191ce6e21ed9ec0ef5ae5d38213331e973abc421d64f78fbe1fe6a7aa784d2
/Users/gokulmallabathula/deep-fake/datasets/raw/Celeb-Youtube-fake/3111.mp4,1,,Celeb-Youtube-fake,Celeb-Youtube-fake:3111,cf57b9b4c67e5620d38d9e3aeddfcebab39cc5d4b92b1c9478353f0041bb00d5
/Users/gokulmallabathula/deep-fake/datasets/raw/Celeb-Youtube-fake/3114.mp4,1,,Celeb-Youtube-fake,Celeb-Youtube-fake:3114,aad1e56db62fb1709136527e1148b79217a3d992e7b2db6634bcafbcf2fa3ee3
/Users/gokulmallabathula/deep-fake/datasets/raw/Celeb-Youtube-fake/3115.mp4,1,,Celeb-Youtube-fake,Celeb-Youtube-fake:3115,063a05cc2cabaaeb46f87e9b0241da7d8977a35b19e38f7a4575db8bcc77e118
/Users/gokulmallabathula/deep-fake/datasets/raw/Celeb-Youtube-fake/3117.mp4,1,,Celeb-Youtube-fake,Celeb-Youtube-fake:3117,b3072689743c0d8b2a61e01caedf7dcbbf09a8d3fc8e25952b194ade28797e83
/Users/gokulmallabathula/deep-fake/datasets/raw/Celeb-Youtube-fake/3119.mp4,1,,Celeb-Youtube-fake,Celeb-Youtube-fake:3119,f9d1642e4906527c03e3bd1e1b8e45efcd2a7fb0e7ab0707d5ebf3c94d82bcc2
/Users/gokulmallabathula/deep-fake/datasets/raw/Celeb-Youtube-fake/3123.mp4,1,,Celeb-Youtube-fake,Celeb-Youtube-fake:3123,259487722b230a7e563fa56a477ec8bb12436107b6c86e12810ac206b6b1e78c
/Users/gokulmallabathula/deep-fake/datasets/raw/Celeb-Youtube-fake/3124.mp4,1,,Celeb-Youtube-fake,Celeb-Youtube-fake:3124,e867b0b0f732daadae010e74ca1b48af3f2fa396c50f054d78ee62b66eb19cf3
/Users/gokulmallabathula/deep-fake/datasets/raw/Celeb-Youtube-fake/3126.mp4,1,,Celeb-Youtube-fake,Celeb-Youtube-fake:3126,e7331fb8d7a70b9020ba17b1a3adbc01fe1d901268c1259a5f7d31fd08c29248
/Users/gokulmallabathula/deep-fake/datasets/raw/Celeb-Youtube-fake/3127.mp4,1,,Celeb-Youtube-fake,Celeb-Youtube-fake:3127,b62b4b4d6baeb94a4f464c5c3c56675bf9008eaa4459b3f23ea1268d1de6bf73
/Users/gokulmallabathula/deep-fake/datasets/raw/Celeb-Youtube-fake/3129.mp4,1,,Celeb-Youtube-fake,Celeb-Youtube-fake:3129,e5faee1430aa2b4f9ed4f96ed7575e6c804a0bd447f9edef1466620c4d446e18
/Users/gokulmallabathula/deep-fake/datasets/raw/Celeb-Youtube-fake/313.mp4,1,,Celeb-Youtube-fake,Celeb-Youtube-fake:313,4cd0d3a3f33a65cc3d07afcf0b444796069ae40b9d50488541688375f6d3f6cc
/Users/gokulmallabathula/deep-fake/datasets/raw/Celeb-Youtube-fake/3131.mp4,1,,Celeb-Youtube-fake,Celeb-Youtube-fake:3131,726a81a3fc7b363c55d1912eb3857982ae73dfc2306bd16a0dbfca8118d2a09c
/Users/gokulmallabathula/deep-fake/datasets/raw/Celeb-Youtube-fake/3132.mp4,1,,Celeb-Youtube-fake,Celeb-Youtube-fake:3132,c3d324327da33ead876ebc8736c059a300ad2204611e31a52acbe3a2492915be
/Users/gokulmallabathula/deep-fake/datasets/raw/Celeb-Youtube-fake/3134.mp4,1,,Celeb-Youtube-fake,Celeb-Youtube-fake:3134,4e37a22e8856004dd7b39a1d860900063f87c55b2ddcd3944f84e835b4c91a9c
/Users/gokulmallabathula/deep-fake/datasets/raw/Celeb-Youtube-fake/3135.mp4,1,,Celeb-Youtube-fake,Celeb-Youtube-fake:3135,8df2450fe485879ea3f5eeca0b0c5fedd0e39f8bc7dfd2d65dd741581a8e2fcd
/Users/gokulmallabathula/deep-fake/datasets/raw/Celeb-Youtube-fake/3136.mp4,1,,Celeb-Youtube-fake,Celeb-Youtube-fake:3136,28a49a78529d99e41de7d251c47f3668c741da40af8b3dc60e842e7fc738e17a
/Users/gokulmallabathula/deep-fake/datasets/raw/Celeb-Youtube-fake/3138.mp4,1,,Celeb-Youtube-fake,Celeb-Youtube-fake:3138,620c079abbc855f2891e344bc28d2668097149746c8d9b0c5dc8f58f7bf09dfd
/Users/gokulmallabathula/deep-fake/datasets/raw/Celeb-Youtube-fake/3139.mp4,1,,Celeb-Youtube-fake,Celeb-Youtube-fake:3139,cbc79bdeee4dc0ecd6e267005c9b4a7662cc7d3c611a51cacd12564497955e80
/Users/gokulmallabathula/deep-fake/datasets/raw/Celeb-Youtube-fake/314.mp4,1,,Celeb-Youtube-fake,Celeb-Youtube-fake:314,147c453bbb01afcdb9c2b39e78d35a535c011164d82b78453822fa77e3fcd48b
/Users/gokulmallabathula/deep-fake/datasets/raw/Celeb-Youtube-fake/3140.mp4,1,,Celeb-Youtube-fake,Celeb-Youtube-fake:3140,30dc02cafda542bc9b0cde7c0c88b76752edd592f28176e1125e239dcc152500
/Users/gokulmallabathula/deep-fake/datasets/raw/Celeb-Youtube-fake/3141.mp4,1,,Celeb-Youtube-fake,Celeb-Youtube-fake:3141,ff0d1d293e2f03ff40a8e216a6e20ed929e12a7369471968dcba0bf47589f1ac
/Users/gokulmallabathula/deep-fake/datasets/raw/Celeb-Youtube-fake/3142.mp4,1,,Celeb-Youtube-fake,Celeb-Youtube-fake:3142,06324a6b46cd4a87338e0a39efc44f71936410f70190c9f052c9ecc47a211a1f
/Users/gokulmallabathula/deep-fake/datasets/raw/Celeb-Youtube-fake/3143.mp4,1,,Celeb-Youtube-fake,Celeb-Youtube-fake:3143,929d35896d388818fda24f9ada8261937b36a82f3635a29071bbb93fe6f94f28
/Users/gokulmallabathula/deep-fake/datasets/raw/Celeb-Youtube-fake/3145.mp4,1,,Celeb-Youtube-fake,Celeb-Youtube-fake:3145,31feccdf644f303b0c210e5dd1f99a28e07998a4f8ee2db28de60654875e5e2d
/Users/gokulmallabathula/deep-fake/datasets/raw/Celeb-Youtube-fake/3146.mp4,1,,Celeb-Youtube-fake,Celeb-Youtube-fake:3146,577d586f1a522b337c9fbbfaddfd5fc5c6f98811e63228a0a730b8e61646e7c9
/Users/gokulmallabathula/deep-fake/datasets/raw/Celeb-Youtube-fake/3147.mp4,1,,Celeb-Youtube-fake,Celeb-Youtube-fake:3147,69583498ff6530d57730fe1b70a45050653d9d7f0cb8de2913ff2fb8c2d1bd31
/Users/gokulmallabathula/deep-fake/datasets/raw/Celeb-Youtube-fake/3148.mp4,1,,Celeb-Youtube-fake,Celeb-Youtube-fake:3148,b76280990bf5ce2eb597858a4f6e8b534524fa19a473c460ea97902110c7b573
/Users/gokulmallabathula/deep-fake/datasets/raw/Celeb-Youtube-fake/315.mp4,1,,Celeb-Youtube-fake,Celeb-Youtube-fake:315,fb355fbacf4c130c24b7c84837e81b9fe534c5854c5c579c483cfdf9411fc465
/Users/gokulmallabathula/deep-fake/datasets/raw/Celeb-Youtube-fake/3150.mp4,1,,Celeb-Youtube-fake,Celeb-Youtube-fake:3150,5b2469e415b2e053dadb87f427ea593f3bc809cbe56c329e6e06ad49f4326a9b
/Users/gokulmallabathula/deep-fake/datasets/raw/Celeb-Youtube-fake/3152.mp4,1,,Celeb-Youtube-fake,Celeb-Youtube-fake:3152,d1acd9712f57b58331e047fcad9179d5dad3f7928e7b7ea84d21f7ceaf122a98
/Users/gokulmallabathula/deep-fake/datasets/raw/Celeb-Youtube-fake/3153.mp4,1,,Celeb-Youtube-fake,Celeb-Youtube-fake:3153,2856fea5a08029ab92f8a5448216762b0a5329b482c303b287199fbbc18b1313
/Users/gokulmallabathula/deep-fake/datasets/raw/Celeb-Youtube-fake/3154.mp4,1,,Celeb-Youtube-fake,Celeb-Youtube-fake:3154,a09864c105cb9b11fe0ea9fac8295bcb9b627805b803f0a96a267e53372f3303
/Users/gokulmallabathula/deep-fake/datasets/raw/Celeb-Youtube-fake/3155.mp4,1,,Celeb-Youtube-fake,Celeb-Youtube-fake:3155,aea1153c63faaa0dd7097b19ac806b4a73a44518919d3e9284aec8da6c9f2713
/Users/gokulmallabathula/deep-fake/datasets/raw/Celeb-Youtube-fake/3156.mp4,1,,Celeb-Youtube-fake,Celeb-Youtube-fake:3156,ccd2b36cb8807806a1647b504f3ecf29ae8ec8f1fc52b6887ddce63089141eaf
/Users/gokulmallabathula/deep-fake/datasets/raw/Celeb-Youtube-fake/3157.mp4,1,,Celeb-Youtube-fake,Celeb-Youtube-fake:3157,7dd02c36048d549c3b4ae755ebe5f8cff9dc01d5fe3b435418bd12409aa2daa0
/Users/gokulmallabathula/deep-fake/datasets/raw/Celeb-Youtube-fake/3158.mp4,1,,Celeb-Youtube-fake,Celeb-Youtube-fake:3158,9e8f9f8363e5c8f5ac6b0f7582ebad011b19fa0326d21d88e6c6170dec15483d
/Users/gokulmallabathula/deep-fake/datasets/raw/Celeb-Youtube-fake/3162.mp4,1,,Celeb-Youtube-fake,Celeb-Youtube-fake:3162,96dc5c68e0236f8af6f4c4582129d3c3b5fd9ec460927823d9f39233ff39f2f1
/Users/gokulmallabathula/deep-fake/datasets/raw/Celeb-Youtube-fake/3163.mp4,1,,Celeb-Youtube-fake,Celeb-Youtube-fake:3163,e939d05de6f862c2e9a97c28aaa3c09de51000a65931094987db6002b6dc1a49
/Users/gokulmallabathula/deep-fake/datasets/raw/Celeb-Youtube-fake/3164.mp4,1,,Celeb-Youtube-fake,Celeb-Youtube-fake:3164,e0aa2bd9960e745a28d262848d8db0d1fc1aae85613aaa2f06e3b518c6db8c97
/Users/gokulmallabathula/deep-fake/datasets/raw/Celeb-Youtube-fake/3165.mp4,1,,Celeb-Youtube-fake,Celeb-Youtube-fake:3165,263dd87959befe84bf9f6646a4aecd6dffd08cf2817d28a842def2efdf36020a
/Users/gokulmallabathula/deep-fake/datasets/raw/Celeb-Youtube-fake/3166.mp4,1,,Celeb-Youtube-fake,Celeb-Youtube-fake:3166,e82af2cffbb75c8cdb311a55c70243b4c0e20418ba635efea10ea35a169cacdf
/Users/gokulmallabathula/deep-fake/datasets/raw/Celeb-Youtube-fake/3168.mp4,1,,Celeb-Youtube-fake,Celeb-Youtube-fake:3168,257d40f061dc34b9a827338df69b47b24e90b76801c1ce4e22bf9f081473e033
/Users/gokulmallabathula/deep-fake/datasets/raw/Celeb-Youtube-fake/317.mp4,1,,Celeb-Youtube-fake,Celeb-Youtube-fake:317,e341ab27f5ba0ce97d0e5f401d12ad53c26043a79939d07c9b5d4b2ace95ed0e
/Users/gokulmallabathula/deep-fake/datasets/raw/Celeb-Youtube-fake/3170.mp4,1,,Celeb-Youtube-fake,Celeb-Youtube-fake:3170,7c48ad85443341b372d97993cc42258fcd5e1f01bc0324a5a90c0db75cfd3480
/Users/gokulmallabathula/deep-fake/datasets/raw/Celeb-Youtube-fake/3172.mp4,1,,Celeb-Youtube-fake,Celeb-Youtube-fake:3172,280502e572d42822c492f9e5f00dbe22a696b73edb86b7985417f04416b798d7
/Users/gokulmallabathula/deep-fake/datasets/raw/Celeb-Youtube-fake/3175.mp4,1,,Celeb-Youtube-fake,Celeb-Youtube-fake:3175,b435f9a1e156b11b26a6411b8cd1dd1db5c1a9a378c3ef32b950c1f210f79b6e
/Users/gokulmallabathula/deep-fake/datasets/raw/Celeb-Youtube-fake/3176.mp4,1,,Celeb-Youtube-fake,Celeb-Youtube-fake:3176,96a44873f657cf52ffbee4df29adfdbd5ba90ca5f9e6c1f7af280cb9a218613f
/Users/gokulmallabathula/deep-fake/datasets/raw/Celeb-Youtube-fake/3177.mp4,1,,Celeb-Youtube-fake,Celeb-Youtube-fake:3177,3b4cd7707004f028213dc6093d2c90ccf17e0c6d002597348d25c8216977ff69
/Users/gokulmallabathula/deep-fake/datasets/raw/Celeb-Youtube-fake/318.mp4,1,,Celeb-Youtube-fake,Celeb-Youtube-fake:318,56cfc0077c17e81d3bf3d2f5ee9d589dc0b8b9116410d61347d3d1aecc9cb822
/Users/gokulmallabathula/deep-fake/datasets/raw/Celeb-Youtube-fake/3180.mp4,1,,Celeb-Youtube-fake,Celeb-Youtube-fake:3180,1ecd75f80f01281cc4830c9c05390357f2c1fd1c923b620001dd545bc65e0892
/Users/gokulmallabathula/deep-fake/datasets/raw/Celeb-Youtube-fake/3182.mp4,1,,Celeb-Youtube-fake,Celeb-Youtube-fake:3182,1d9aba1f45d9be2a42d497d81fe75e912955cdc6d03dad74dd848f5af250fb15
/Users/gokulmallabathula/deep-fake/datasets/raw/Celeb-Youtube-fake/3183.mp4,1,,Celeb-Youtube-fake,Celeb-Youtube-fake:3183,1c4b03536be338d1ee1134f4fb59ae67ee358dd27555fef922f8e271e6e290cf
/Users/gokulmallabathula/deep-fake/datasets/raw/Celeb-Youtube-fake/3186.mp4,1,,Celeb-Youtube-fake,Celeb-Youtube-fake:3186,9f664c9bc558b892070daa57bd2dca79f5e46f5ee8aaa20a956b52eb8ba764a9
/Users/gokulmallabathula/deep-fake/datasets/raw/Celeb-Youtube-fake/3187.mp4,1,,Celeb-Youtube-fake,Celeb-Youtube-fake:3187,d7a0ae4c52df2aad3efd8b622da87106e9bce10b4283cc3f206c314f6b1df0c4
/Users/gokulmallabathula/deep-fake/datasets/raw/Celeb-Youtube-fake/3189.mp4,1,,Celeb-Youtube-fake,Celeb-Youtube-fake:3189,d8965f058415f52e19a51a20e33668194a7cc0d767ac7a472cdcfda5b797984f
/Users/gokulmallabathula/deep-fake/datasets/raw/Celeb-Youtube-fake/3190.mp4,1,,Celeb-Youtube-fake,Celeb-Youtube-fake:3190,2b0ac3426cf73c1af2eed6527168b3bf1d67ceb4d6d35d63c357b71ed1699ea2
/Users/gokulmallabathula/deep-fake/datasets/raw/Celeb-Youtube-fake/3191.mp4,1,,Celeb-Youtube-fake,Celeb-Youtube-fake:3191,eb52916e2ad3c2e1c008045c078ce7c23017296657e103239f43101404576c3b
/Users/gokulmallabathula/deep-fake/datasets/raw/Celeb-Youtube-fake/3192.mp4,1,,Celeb-Youtube-fake,Celeb-Youtube-fake:3192,d5fbf39bf46321376f8ad17a8e56978d3615aef637dab3510973070dcba35e4c
/Users/gokulmallabathula/deep-fake/datasets/raw/Celeb-Youtube-fake/3193.mp4,1,,Celeb-Youtube-fake,Celeb-Youtube-fake:3193,47f6d9aedf6a44f84ae30cffe4e552fb5e2e7300057a6f6533f5ff450bd76e65
/Users/gokulmallabathula/deep-fake/datasets/raw/Celeb-Youtube-fake/3194.mp4,1,,Celeb-Youtube-fake,Celeb-Youtube-fake:3194,b5a759b71f07d16137829b34398021858dfb3ad8dade90a987fee767a6a9ad4d
/Users/gokulmallabathula/deep-fake/datasets/raw/Celeb-Youtube-fake/3195.mp4,1,,Celeb-Youtube-fake,Celeb-Youtube-fake:3195,aa2164131eaf388cdd56624bd62599daa0a404054712c8c09d139f0d69c25c40
/Users/gokulmallabathula/deep-fake/datasets/raw/Celeb-Youtube-fake/3197.mp4,1,,Celeb-Youtube-fake,Celeb-Youtube-fake:3197,98aa28a37c0833bb98de9851e36a72187a7865a5b50c9480325603b5a5b7d352
/Users/gokulmallabathula/deep-fake/datasets/raw/Celeb-Youtube-fake/320.mp4,1,,Celeb-Youtube-fake,Celeb-Youtube-fake:320,0241cc7d46a061062d1c3dacc562505b55b92f76601d39809fca90155012015c
/Users/gokulmallabathula/deep-fake/datasets/raw/Celeb-Youtube-fake/3200.mp4,1,,Celeb-Youtube-fake,Celeb-Youtube-fake:3200,3959a4545de05f0a2b283f89bbe96e2392876f722a51fd7c925d76c65f3ae899
/Users/gokulmallabathula/deep-fake/datasets/raw/Celeb-Youtube-fake/3201.mp4,1,,Celeb-Youtube-fake,Celeb-Youtube-fake:3201,6248505e11ecd6297c2eb2f5418fdfbc0a5c16d632e808c7f16afb95ca47a5a7
/Users/gokulmallabathula/deep-fake/datasets/raw/Celeb-Youtube-fake/3203.mp4,1,,Celeb-Youtube-fake,Celeb-Youtube-fake:3203,239cb4aa7afbafe3f5c33fceaefb60e364d757f79c341c18683f0d472d82f9de
/Users/gokulmallabathula/deep-fake/datasets/raw/Celeb-Youtube-fake/3207.mp4,1,,Celeb-Youtube-fake,Celeb-Youtube-fake:3207,0ce014975ad1f8fea58c0b67d92fcd51068e68370faa7e3444c8cfb4050c9f56
/Users/gokulmallabathula/deep-fake/datasets/raw/Celeb-Youtube-fake/3208.mp4,1,,Celeb-Youtube-fake,Celeb-Youtube-fake:3208,9149147333f2233c92994785a3a9d7b373306f104f7bd5b1dd009ceb5f7ddd58
/Users/gokulmallabathula/deep-fake/datasets/raw/Celeb-Youtube-fake/321.mp4,1,,Celeb-Youtube-fake,Celeb-Youtube-fake:321,e23d442f1be60460f798aedb4b1053174212fd117a4617d8c80ea5fc2d69cf8c
/Users/gokulmallabathula/deep-fake/datasets/raw/Celeb-Youtube-fake/3212.mp4,1,,Celeb-Youtube-fake,Celeb-Youtube-fake:3212,c3b0caa5e538ee7a713bea926fffeeb49aaddea565c32e064613bf5ac830992e
/Users/gokulmallabathula/deep-fake/datasets/raw/Celeb-Youtube-fake/3213.mp4,1,,Celeb-Youtube-fake,Celeb-Youtube-fake:3213,ca0c2ea50f4c8464b1749975096f00f8f5470b8de70acef7311d21878fde87ff
/Users/gokulmallabathula/deep-fake/datasets/raw/Celeb-Youtube-fake/3214.mp4,1,,Celeb-Youtube-fake,Celeb-Youtube-fake:3214,66861c1808aa818066633d844564b2350c715d3ebd3209c521f95143d654fa08
/Users/gokulmallabathula/deep-fake/datasets/raw/Celeb-Youtube-fake/3215.mp4,1,,Celeb-Youtube-fake,Celeb-Youtube-fake:3215,e931a85206af48784964344e0bb863d6e4d09bccf0771f3734e82c58ad1471e7
/Users/gokulmallabathula/deep-fake/datasets/raw/Celeb-Youtube-fake/3217.mp4,1,,Celeb-Youtube-fake,Celeb-Youtube-fake:3217,1b33ce97b2cdc161cc54af8c85efdf2ec018125344cfddaef2a7bb19c82aa364
/Users/gokulmallabathula/deep-fake/datasets/raw/Celeb-Youtube-fake/3219.mp4,1,,Celeb-Youtube-fake,Celeb-Youtube-fake:3219,72fbe058f6934c2cacadf9843f1c765e8c9ffe98440dde9296f9ede013d30376
/Users/gokulmallabathula/deep-fake/datasets/raw/Celeb-Youtube-fake/322.mp4,1,,Celeb-Youtube-fake,Celeb-Youtube-fake:322,f3e9487b8f511b6b005b96bc0895cd92ac0ed707948bc8f318d5d517be1c7584
/Users/gokulmallabathula/deep-fake/datasets/raw/Celeb-Youtube-fake/3221.mp4,1,,Celeb-Youtube-fake,Celeb-Youtube-fake:3221,fbae6bb758d2a47d66c6daa2a37a6e39a84825b18e0c328d39106a18ca5c029b
/Users/gokulmallabathula/deep-fake/datasets/raw/Celeb-Youtube-fake/3222.mp4,1,,Celeb-Youtube-fake,Celeb-Youtube-fake:3222,4649fbc97a908b283e1b208cdd47fddd83f062a3d7ea8218e8802ac0fca2acf2
/Users/gokulmallabathula/deep-fake/datasets/raw/Celeb-Youtube-fake/3223.mp4,1,,Celeb-Youtube-fake,Celeb-Youtube-fake:3223,34408ae841a56b29aede307fd2213ac949420d2d32ed23be107a125a54c6fae1
/Users/gokulmallabathula/deep-fake/datasets/raw/Celeb-Youtube-fake/3227.mp4,1,,Celeb-Youtube-fake,Celeb-Youtube-fake:3227,70ffbfba84f1de7ce8d3bdddbe9badc16d61507cc8c42a94493d3c619384a63d
/Users/gokulmallabathula/deep-fake/datasets/raw/Celeb-Youtube-fake/323.mp4,1,,Celeb-Youtube-fake,Celeb-Youtube-fake:323,5d7503c17abc7c5fa8c3679e533e1d35832b892eb6ce8e60e98bac2f6934a9ec
/Users/gokulmallabathula/deep-fake/datasets/raw/Celeb-Youtube-fake/3230.mp4,1,,Celeb-Youtube-fake,Celeb-Youtube-fake:3230,6378f116f5617cccfcdb76836bbb2dd392acbcfcde6ebb49b63ac135e73f7ff2
/Users/gokulmallabathula/deep-fake/datasets/raw/Celeb-Youtube-fake/3231.mp4,1,,Celeb-Youtube-fake,Celeb-Youtube-fake:3231,82ff4aad32933ee7417a331c9b5bb92997aa8c3f3d4a93fd6d1cb1585eb471f1
/Users/gokulmallabathula/deep-fake/datasets/raw/Celeb-Youtube-fake/3232.mp4,1,,Celeb-Youtube-fake,Celeb-Youtube-fake:3232,77391fbe9d4eb9a391f2f16d8f60288199cf097328013fd1aee271b36f87ab18
/Users/gokulmallabathula/deep-fake/datasets/raw/Celeb-Youtube-fake/3233.mp4,1,,Celeb-Youtube-fake,Celeb-Youtube-fake:3233,574067fd88f82be319c86db2af0949a4146ab9c9750de3c8cf881e11df6b21ef
/Users/gokulmallabathula/deep-fake/datasets/raw/Celeb-Youtube-fake/3234.mp4,1,,Celeb-Youtube-fake,Celeb-Youtube-fake:3234,a968ba931c4a86c17302488b30e7890f56a9956ac0542c521c11eb1ef3b60aff
/Users/gokulmallabathula/deep-fake/datasets/raw/Celeb-Youtube-fake/3236.mp4,1,,Celeb-Youtube-fake,Celeb-Youtube-fake:3236,4853973ad46282109c385d81d2eff8be62f5f5051d040947f9db26835ed280cf
/Users/gokulmallabathula/deep-fake/datasets/raw/Celeb-Youtube-fake/3237.mp4,1,,Celeb-Youtube-fake,Celeb-Youtube-fake:3237,0a1f2235cf3ff70e577572d6f257cd3fe637aa049ca3fd6c5cdcba559b3fa17c
/Users/gokulmallabathula/deep-fake/datasets/raw/Celeb-Youtube-fake/3239.mp4,1,,Celeb-Youtube-fake,Celeb-Youtube-fake:3239,bd123fe458dc6315bafa7b4b8d6534ca163885388f87df79c4e7fc8425d8c9df
/Users/gokulmallabathula/deep-fake/datasets/raw/Celeb-Youtube-fake/3240.mp4,1,,Celeb-Youtube-fake,Celeb-Youtube-fake:3240,3f464b9f45db93f521cd546cb9d1de3eb8ddd21debc9fe88f70ab6f4f3780758
/Users/gokulmallabathula/deep-fake/datasets/raw/Celeb-Youtube-fake/3243.mp4,1,,Celeb-Youtube-fake,Celeb-Youtube-fake:3243,02c04c9861500d987f06aae5c42a3d20ce3d391913a79aafb0366d3d3e77391c
/Users/gokulmallabathula/deep-fake/datasets/raw/Celeb-Youtube-fake/3244.mp4,1,,Celeb-Youtube-fake,Celeb-Youtube-fake:3244,9439ddf6dcde862f1ebde7ee37f44be8cd107e30a8d286cbac35192683d16edc
/Users/gokulmallabathula/deep-fake/datasets/raw/Celeb-Youtube-fake/3245.mp4,1,,Celeb-Youtube-fake,Celeb-Youtube-fake:3245,3c7839aa873b668673a0235084a09050cbc1b61bbfc52ff67afed12b5a7e08a5
/Users/gokulmallabathula/deep-fake/datasets/raw/Celeb-Youtube-fake/3246.mp4,1,,Celeb-Youtube-fake,Celeb-Youtube-fake:3246,cea50851e9c5ba7cc71342f94d3e8fc66abd90f77d7317927bc0cc4905f364d0
/Users/gokulmallabathula/deep-fake/datasets/raw/Celeb-Youtube-fake/3247.mp4,1,,Celeb-Youtube-fake,Celeb-Youtube-fake:3247,7b26e3846dab366c80b21b1f68b3ce991f58e64bf83d9ec8f01feff4201cf3f8
/Users/gokulmallabathula/deep-fake/datasets/raw/Celeb-Youtube-fake/325.mp4,1,,Celeb-Youtube-fake,Celeb-Youtube-fake:325,83ba056c2b94e2ffdbb04b7dfffe43bc640b9c5e3f6abfd83b84a35d1b99207d
/Users/gokulmallabathula/deep-fake/datasets/raw/Celeb-Youtube-fake/3250.mp4,1,,Celeb-Youtube-fake,Celeb-Youtube-fake:3250,49a1ad4a1f910131c1311e7dc3875b2e7be5a03b9bdeedca3245e85e31e186c1
/Users/gokulmallabathula/deep-fake/datasets/raw/Celeb-Youtube-fake/3251.mp4,1,,Celeb-Youtube-fake,Celeb-Youtube-fake:3251,f670c477fa442eff1e5c8e6a56d41c76e1058e5a0262e2ee2f31b2e7167c42f1
/Users/gokulmallabathula/deep-fake/datasets/raw/Celeb-Youtube-fake/3252.mp4,1,,Celeb-Youtube-fake,Celeb-Youtube-fake:3252,d1ccaaaf34fa69d02dba138f8c63a8f797c222c87cf54b8c114139577e474828
/Users/gokulmallabathula/deep-fake/datasets/raw/Celeb-Youtube-fake/3253.mp4,1,,Celeb-Youtube-fake,Celeb-Youtube-fake:3253,ab1c39aae05cc0116dee975139f9221ea210ca204a4cdcd2f5a9f86f7cf374ac
/Users/gokulmallabathula/deep-fake/datasets/raw/Celeb-Youtube-fake/3254.mp4,1,,Celeb-Youtube-fake,Celeb-Youtube-fake:3254,d185f252a4f9910590aba13cf0cc6c5b92c5c4e14f95f64f8d757005fd345cd7
/Users/gokulmallabathula/deep-fake/datasets/raw/Celeb-Youtube-fake/3256.mp4,1,,Celeb-Youtube-fake,Celeb-Youtube-fake:3256,128ca09868f44cdfee05aae2647ad1fca3dc474eedce682e966ca32657eddc6c
/Users/gokulmallabathula/deep-fake/datasets/raw/Celeb-Youtube-fake/3257.mp4,1,,Celeb-Youtube-fake,Celeb-Youtube-fake:3257,8ad3ed226b7a090ec0ee82e5007a2e6a1afc78268c03c59ddfb191939458a114
/Users/gokulmallabathula/deep-fake/datasets/raw/Celeb-Youtube-fake/3259.mp4,1,,Celeb-Youtube-fake,Celeb-Youtube-fake:3259,61a9854b27c1985f79994c5ceff8a8d4804acf9590435f759ba0b957b098484a
/Users/gokulmallabathula/deep-fake/datasets/raw/Celeb-Youtube-fake/3260.mp4,1,,Celeb-Youtube-fake,Celeb-Youtube-fake:3260,c853c34f051a84906c81e6d12e6a50831b6ae4c1f8dc926a691207d135cbfa2c
/Users/gokulmallabathula/deep-fake/datasets/raw/Celeb-Youtube-fake/3261.mp4,1,,Celeb-Youtube-fake,Celeb-Youtube-fake:3261,07cee944b89d6844c2f004f09151c813c607652d0aabc11db94c4dbafc633c5f
/Users/gokulmallabathula/deep-fake/datasets/raw/Celeb-Youtube-fake/3262.mp4,1,,Celeb-Youtube-fake,Celeb-Youtube-fake:3262,86e480207571230ea4bdc6c0839ce1a9184c2b34643d1c8fb6d66d1db40e1f7d
/Users/gokulmallabathula/deep-fake/datasets/raw/Celeb-Youtube-fake/3263.mp4,1,,Celeb-Youtube-fake,Celeb-Youtube-fake:3263,decbed4124cc7d9701a6438b0a64aab9c673dfa803d70f607ee7511798333714
/Users/gokulmallabathula/deep-fake/datasets/raw/Celeb-Youtube-fake/3264.mp4,1,,Celeb-Youtube-fake,Celeb-Youtube-fake:3264,0cd165adae2cfaa4d2507c1374744200c323935eeaeddfd3d7ed9e4d393cf211
/Users/gokulmallabathula/deep-fake/datasets/raw/Celeb-Youtube-fake/3266.mp4,1,,Celeb-Youtube-fake,Celeb-Youtube-fake:3266,07bcdbd118bf39a7186088d93557607b5bc2c685117388f6cf45357d14f0c725
/Users/gokulmallabathula/deep-fake/datasets/raw/Celeb-Youtube-fake/3267.mp4,1,,Celeb-Youtube-fake,Celeb-Youtube-fake:3267,052dcdaf12b4b82d02b68051b9b4d2b675514ee22b62848bc5ab3ee307b07714
/Users/gokulmallabathula/deep-fake/datasets/raw/Celeb-Youtube-fake/3268.mp4,1,,Celeb-Youtube-fake,Celeb-Youtube-fake:3268,acfca073dd2b010eb8af4ea509b9e549c5840f50ed3cd44abb020a4be5b121a7
/Users/gokulmallabathula/deep-fake/datasets/raw/Celeb-Youtube-fake/3269.mp4,1,,Celeb-Youtube-fake,Celeb-Youtube-fake:3269,4130b43ace87897845ce53b8e41c84d14dd7249655c091733ca5eacdb1789f99
/Users/gokulmallabathula/deep-fake/datasets/raw/Celeb-Youtube-fake/327.mp4,1,,Celeb-Youtube-fake,Celeb-Youtube-fake:327,3ebfe9ae5458fcf85063f6c279936e31f3e2c466c7d7f0c180503bf90ab3cfe2
/Users/gokulmallabathula/deep-fake/datasets/raw/Celeb-Youtube-fake/3271.mp4,1,,Celeb-Youtube-fake,Celeb-Youtube-fake:3271,0f1a662b5a65c9ecd163c95446116b4f1fa063776a1e23fc83d4640c5ea39bb7
/Users/gokulmallabathula/deep-fake/datasets/raw/Celeb-Youtube-fake/3272.mp4,1,,Celeb-Youtube-fake,Celeb-Youtube-fake:3272,d5f15b7196a3231b0b237e301768b5a331e734c5931619f9654f23d427677845
/Users/gokulmallabathula/deep-fake/datasets/raw/Celeb-Youtube-fake/3273.mp4,1,,Celeb-Youtube-fake,Celeb-Youtube-fake:3273,3cfeea9e66c3df5c174bb15047a46402e44d6d97cc9af97cae35f5e55eef48bf
/Users/gokulmallabathula/deep-fake/datasets/raw/Celeb-Youtube-fake/3274.mp4,1,,Celeb-Youtube-fake,Celeb-Youtube-fake:3274,9e947f212f4cf551a36bbc005414d7efa81b1534f308288848e4c8799cf0f4cc
/Users/gokulmallabathula/deep-fake/datasets/raw/Celeb-Youtube-fake/3277.mp4,1,,Celeb-Youtube-fake,Celeb-Youtube-fake:3277,74536d748087737e18b269894236d4340588b4d7ac4ba947c531d1e8f5a8d68b
/Users/gokulmallabathula/deep-fake/datasets/raw/Celeb-Youtube-fake/3279.mp4,1,,Celeb-Youtube-fake,Celeb-Youtube-fake:3279,b63d08aac109ef6fb13a5c8d48641605dee930f9b04fba4435965c0321bb8015
/Users/gokulmallabathula/deep-fake/datasets/raw/Celeb-Youtube-fake/328.mp4,1,,Celeb-Youtube-fake,Celeb-Youtube-fake:328,a1bda8c99c3db3988c45bf55a627e45ad7c95387dedc2b946cced58bca1159bd
/Users/gokulmallabathula/deep-fake/datasets/raw/Celeb-Youtube-fake/3280.mp4,1,,Celeb-Youtube-fake,Celeb-Youtube-fake:3280,dae96f59c7066e521f4ca1b07837bca149199b93c6e06a44c4b4d395554c5ae6
/Users/gokulmallabathula/deep-fake/datasets/raw/Celeb-Youtube-fake/3281.mp4,1,,Celeb-Youtube-fake,Celeb-Youtube-fake:3281,39d83a5f955f088eb0d1ba581e972f1aa4a543fcab763c5d954dfad0054ff5f3
/Users/gokulmallabathula/deep-fake/datasets/raw/Celeb-Youtube-fake/3282.mp4,1,,Celeb-Youtube-fake,Celeb-Youtube-fake:3282,bad7692e51d744a2c18aea563ab0dab101aa9a99985db1a101afc9a224c2fc29
/Users/gokulmallabathula/deep-fake/datasets/raw/Celeb-Youtube-fake/3283.mp4,1,,Celeb-Youtube-fake,Celeb-Youtube-fake:3283,4d9086e582656481f9e32036b8179bddda5b7715ced1f8b3f378d0a4ac278f1c
/Users/gokulmallabathula/deep-fake/datasets/raw/Celeb-Youtube-fake/3284.mp4,1,,Celeb-Youtube-fake,Celeb-Youtube-fake:3284,0bd3ea84930d9dd6b7f5124f5c81a22e0a7152f930753bf5e9083e22c9068046
/Users/gokulmallabathula/deep-fake/datasets/raw/Celeb-Youtube-fake/3285.mp4,1,,Celeb-Youtube-fake,Celeb-Youtube-fake:3285,dd1f703de9d5e3a3c97e8c7781bb3dfbc0f72dca5a20f57a9c4fba8d8492fa79
/Users/gokulmallabathula/deep-fake/datasets/raw/Celeb-Youtube-fake/3287.mp4,1,,Celeb-Youtube-fake,Celeb-Youtube-fake:3287,20a157c0c47ff89c38a8cb5b4518bfd5035892865dcb97405066686f7391e28d
/Users/gokulmallabathula/deep-fake/datasets/raw/Celeb-Youtube-fake/3288.mp4,1,,Celeb-Youtube-fake,Celeb-Youtube-fake:3288,ff2e306445efdaf6bbb530894f1103a5c61296868e806a7e73d90d4c2f9f2e41
/Users/gokulmallabathula/deep-fake/datasets/raw/Celeb-Youtube-fake/3290.mp4,1,,Celeb-Youtube-fake,Celeb-Youtube-fake:3290,c9383c2c9cdf73827254ad5fea1f249f4db12daf910577e3e025e554530cef3e
/Users/gokulmallabathula/deep-fake/datasets/raw/Celeb-Youtube-fake/3292.mp4,1,,Celeb-Youtube-fake,Celeb-Youtube-fake:3292,52a17a996da45f7563137cafaeb423fbad29a8b5d6c46d589bee12649da91f1e
/Users/gokulmallabathula/deep-fake/datasets/raw/Celeb-Youtube-fake/3293.mp4,1,,Celeb-Youtube-fake,Celeb-Youtube-fake:3293,71f232a6671c251a850cc57205637c55bdcb53f7f110dddb985d229dd4b4d691
/Users/gokulmallabathula/deep-fake/datasets/raw/Celeb-Youtube-fake/3294.mp4,1,,Celeb-Youtube-fake,Celeb-Youtube-fake:3294,ecf037709e43bc5bd8f30f2998225a19a9db3325d14aa3f4b651918631ceacd7
/Users/gokulmallabathula/deep-fake/datasets/raw/Celeb-Youtube-fake/3295.mp4,1,,Celeb-Youtube-fake,Celeb-Youtube-fake:3295,8f4e3f329ad6393a2544e027ac9e4a2b879aff98e35321d34ebec462cf3505a7
/Users/gokulmallabathula/deep-fake/datasets/raw/Celeb-Youtube-fake/3297.mp4,1,,Celeb-Youtube-fake,Celeb-Youtube-fake:3297,9bbb31c12ef3a33e7ea158f698d09937831ac4d8f39de56d9dc0a328e6139df1
/Users/gokulmallabathula/deep-fake/datasets/raw/Celeb-Youtube-fake/3299.mp4,1,,Celeb-Youtube-fake,Celeb-Youtube-fake:3299,4e87b8f79fe97616ffb74416a7048dc2d7aeda2882dd6317a7d540ad399008e9
/Users/gokulmallabathula/deep-fake/datasets/raw/Celeb-Youtube-fake/33.mp4,1,,Celeb-Youtube-fake,Celeb-Youtube-fake:33,728e2bdd6f2f2b9b5d8ba02667ab1fae6ca7d27d19be9aa2d8bc44b1a9b78ce7
/Users/gokulmallabathula/deep-fake/datasets/raw/Celeb-Youtube-fake/3300.mp4,1,,Celeb-Youtube-fake,Celeb-Youtube-fake:3300,67515d459f21db07f5764d4c77214bca1264035dc07d4cafa94463c52142ff83
/Users/gokulmallabathula/deep-fake/datasets/raw/Celeb-Youtube-fake/3301.mp4,1,,Celeb-Youtube-fake,Celeb-Youtube-fake:3301,a56060f2a0a8bceabb1cfea7a0631a06eec06d5303216118be13fa8e3aeacaaf
/Users/gokulmallabathula/deep-fake/datasets/raw/Celeb-Youtube-fake/3302.mp4,1,,Celeb-Youtube-fake,Celeb-Youtube-fake:3302,ba6651804f103a24817c8a8388fb3fbfa0852234bb9b621b3830c62054cfa44b
/Users/gokulmallabathula/deep-fake/datasets/raw/Celeb-Youtube-fake/3303.mp4,1,,Celeb-Youtube-fake,Celeb-Youtube-fake:3303,b388d98377e31303d56b1444f86d49938b277ece5c9374ea9a7e08bb61a40130
/Users/gokulmallabathula/deep-fake/datasets/raw/Celeb-Youtube-fake/3304.mp4,1,,Celeb-Youtube-fake,Celeb-Youtube-fake:3304,720caea2ea951319a111aec5c7d383abaaa15acce92b44985e611ccd46778511
/Users/gokulmallabathula/deep-fake/datasets/raw/Celeb-Youtube-fake/3305.mp4,1,,Celeb-Youtube-fake,Celeb-Youtube-fake:3305,dc940dbaa9225f8c66888d78d8df3e5a3599e77469a27d83d80387efcc990f70
/Users/gokulmallabathula/deep-fake/datasets/raw/Celeb-Youtube-fake/3306.mp4,1,,Celeb-Youtube-fake,Celeb-Youtube-fake:3306,386980147412a2fa4ce1884444cac4e711783ed839feda5dbb99553d93aee9e9
/Users/gokulmallabathula/deep-fake/datasets/raw/Celeb-Youtube-fake/3307.mp4,1,,Celeb-Youtube-fake,Celeb-Youtube-fake:3307,446865439dfbbdf88d0aafbce07feb9ccc23a785948e5752c2f445545c71b9eb
/Users/gokulmallabathula/deep-fake/datasets/raw/Celeb-Youtube-fake/3308.mp4,1,,Celeb-Youtube-fake,Celeb-Youtube-fake:3308,1ef741c78149d11609015f5481f0b780c02b628130b08a6272d744acc6455688
/Users/gokulmallabathula/deep-fake/datasets/raw/Celeb-Youtube-fake/3309.mp4,1,,Celeb-Youtube-fake,Celeb-Youtube-fake:3309,25e7d7af3e0231f07b7366f8d0815df3662712b67a94ddf36f63d4bfc70805e1
/Users/gokulmallabathula/deep-fake/datasets/raw/Celeb-Youtube-fake/3310.mp4,1,,Celeb-Youtube-fake,Celeb-Youtube-fake:3310,2a7b020acf8b0b0e0d8be420fa1cf0b93ac6f9769831488f3354c0fc7c8a8fbb
/Users/gokulmallabathula/deep-fake/datasets/raw/Celeb-Youtube-fake/3314.mp4,1,,Celeb-Youtube-fake,Celeb-Youtube-fake:3314,9d23ecc320240d8125287b998da0588732539916d798484c19fdc82777e62b75
/Users/gokulmallabathula/deep-fake/datasets/raw/Celeb-Youtube-fake/3315.mp4,1,,Celeb-Youtube-fake,Celeb-Youtube-fake:3315,fe9433090c9fc65a90dacc81ffc2ae5c7d9931484ea8dd163c2338c496d1bb82
/Users/gokulmallabathula/deep-fake/datasets/raw/Celeb-Youtube-fake/3318.mp4,1,,Celeb-Youtube-fake,Celeb-Youtube-fake:3318,441dcf6e5bded408714ab83671af230212157473d925901929ccfcbf82f29700
/Users/gokulmallabathula/deep-fake/datasets/raw/Celeb-Youtube-fake/3319.mp4,1,,Celeb-Youtube-fake,Celeb-Youtube-fake:3319,3bb19d661a255150151510e8db7042012a69f434f86529f3a0c8c335b5923b3e
/Users/gokulmallabathula/deep-fake/datasets/raw/Celeb-Youtube-fake/332.mp4,1,,Celeb-Youtube-fake,Celeb-Youtube-fake:332,7dd0f6c0c002298b559bae69be541e2f7faaaecdfe6cbf7d69e9248691a99524
/Users/gokulmallabathula/deep-fake/datasets/raw/Celeb-Youtube-fake/3320.mp4,1,,Celeb-Youtube-fake,Celeb-Youtube-fake:3320,ea0a27d94738297bef000c55278ca7e2b367fa52a6c79e5cf17dde7fcd189afa
/Users/gokulmallabathula/deep-fake/datasets/raw/Celeb-Youtube-fake/3321.mp4,1,,Celeb-Youtube-fake,Celeb-Youtube-fake:3321,9cbc1763273732747e31cb8bd651346662b749cde1898390e1d0cf288ab4a12f
/Users/gokulmallabathula/deep-fake/datasets/raw/Celeb-Youtube-fake/3322.mp4,1,,Celeb-Youtube-fake,Celeb-Youtube-fake:3322,98767425febca53d75e9ef53d1611a3c07f9fca10bf25e8666675f68edef6352
/Users/gokulmallabathula/deep-fake/datasets/raw/Celeb-Youtube-fake/3324.mp4,1,,Celeb-Youtube-fake,Celeb-Youtube-fake:3324,d712abbf48c904fc1c302d036d58c90a3eeba781078dbce3b36ff0355ae3650f
/Users/gokulmallabathula/deep-fake/datasets/raw/Celeb-Youtube-fake/3326.mp4,1,,Celeb-Youtube-fake,Celeb-Youtube-fake:3326,60eeea121a46f6ad354921e3fba413061b5f7a923d654ef9ee7ee2c410ec1539
/Users/gokulmallabathula/deep-fake/datasets/raw/Celeb-Youtube-fake/3327.mp4,1,,Celeb-Youtube-fake,Celeb-Youtube-fake:3327,93c0ad37c30c9223869bf7d5f387d796092e30c842d1c09fca34dc8dd9589987
/Users/gokulmallabathula/deep-fake/datasets/raw/Celeb-Youtube-fake/3328.mp4,1,,Celeb-Youtube-fake,Celeb-Youtube-fake:3328,a7e239a0122b4684e37a150e3801bc0d0ca108575f13791ade2618efe7e8fb13
/Users/gokulmallabathula/deep-fake/datasets/raw/Celeb-Youtube-fake/3330.mp4,1,,Celeb-Youtube-fake,Celeb-Youtube-fake:3330,33e313c3833ceabf53def34c1a2a50ee463c89c1344b7603852bb6e7c6910497
/Users/gokulmallabathula/deep-fake/datasets/raw/Celeb-Youtube-fake/3333.mp4,1,,Celeb-Youtube-fake,Celeb-Youtube-fake:3333,1765488a87cd4edf60568f4be065e44082b9f5bb9a8a5eb3566123f4133c3598
/Users/gokulmallabathula/deep-fake/datasets/raw/Celeb-Youtube-fake/3334.mp4,1,,Celeb-Youtube-fake,Celeb-Youtube-fake:3334,f6c9a3f3a4e27c0c9580c14178bab32ae383c5e154134ff00121207dde9188ce
/Users/gokulmallabathula/deep-fake/datasets/raw/Celeb-Youtube-fake/3335.mp4,1,,Celeb-Youtube-fake,Celeb-Youtube-fake:3335,407b5db42af1d4fa3b435fc524ce937268755d4b524adbda3bbfcc4d5934767f
/Users/gokulmallabathula/deep-fake/datasets/raw/Celeb-Youtube-fake/3336.mp4,1,,Celeb-Youtube-fake,Celeb-Youtube-fake:3336,285066332a60030f6c1ff0ea73ff713854e0d440f384518266699668511ddfd5
/Users/gokulmallabathula/deep-fake/datasets/raw/Celeb-Youtube-fake/3338.mp4,1,,Celeb-Youtube-fake,Celeb-Youtube-fake:3338,918f2bc2669f9669e73a35c5d86a5569d63966a2d3e40ec7b279add78e5742dd
/Users/gokulmallabathula/deep-fake/datasets/raw/Celeb-Youtube-fake/3339.mp4,1,,Celeb-Youtube-fake,Celeb-Youtube-fake:3339,7b11cdb9fedb53d4e95dae7fe85d145168da5bbeb670b046d191fe0180042693
/Users/gokulmallabathula/deep-fake/datasets/raw/Celeb-Youtube-fake/3340.mp4,1,,Celeb-Youtube-fake,Celeb-Youtube-fake:3340,22e60211f29e9cb4a0067e5b245d67b6238c7087fff67e240f2195236e5cc63a
/Users/gokulmallabathula/deep-fake/datasets/raw/Celeb-Youtube-fake/3341.mp4,1,,Celeb-Youtube-fake,Celeb-Youtube-fake:3341,5d22cc926f8a8cdc5fdc9046e9aa2fb99c650a7381ac936772b23909289080c0
/Users/gokulmallabathula/deep-fake/datasets/raw/Celeb-Youtube-fake/3342.mp4,1,,Celeb-Youtube-fake,Celeb-Youtube-fake:3342,a05e57bf0db38a6ace239eefece5701ea27bfa906ee10cf4b2371ba00419fd7f
/Users/gokulmallabathula/deep-fake/datasets/raw/Celeb-Youtube-fake/3344.mp4,1,,Celeb-Youtube-fake,Celeb-Youtube-fake:3344,8412388ed50eac082a0100c4d85d3d0eccbef0532a75fc47875e8f486b739df1
/Users/gokulmallabathula/deep-fake/datasets/raw/Celeb-Youtube-fake/3345.mp4,1,,Celeb-Youtube-fake,Celeb-Youtube-fake:3345,bfc879da5f10acf9c6e7a4ac84151792eb62d2a038a19efe35426a2eb498c0f0
/Users/gokulmallabathula/deep-fake/datasets/raw/Celeb-Youtube-fake/3346.mp4,1,,Celeb-Youtube-fake,Celeb-Youtube-fake:3346,66ed97d3e01642caa8b533e7c40915d37b519e765891f4a362831a39732e644b
/Users/gokulmallabathula/deep-fake/datasets/raw/Celeb-Youtube-fake/3347.mp4,1,,Celeb-Youtube-fake,Celeb-Youtube-fake:3347,bacd206b8446737473f7bddfdf980b7238a6acb036e9e8d390d348bfdfaeb48a
/Users/gokulmallabathula/deep-fake/datasets/raw/Celeb-Youtube-fake/3348.mp4,1,,Celeb-Youtube-fake,Celeb-Youtube-fake:3348,5461e88c383fffeeb7c465803125ce1618a85068496ddc43bd3e416a52bcb0af
/Users/gokulmallabathula/deep-fake/datasets/raw/Celeb-Youtube-fake/3349.mp4,1,,Celeb-Youtube-fake,Celeb-Youtube-fake:3349,2ae8d265b2493930fa4825bf0cdd9125050d168342feed971243f6d5f7e509bb
/Users/gokulmallabathula/deep-fake/datasets/raw/Celeb-Youtube-fake/335.mp4,1,,Celeb-Youtube-fake,Celeb-Youtube-fake:335,9d50a88980e3fcf0aa957779fcf2d32a3b8ef400543a3d16fa2a7b00ef5876a4
/Users/gokulmallabathula/deep-fake/datasets/raw/Celeb-Youtube-fake/3350.mp4,1,,Celeb-Youtube-fake,Celeb-Youtube-fake:3350,1943b1647fba7742bdd88b89c95e3be58ee8875072a4fc161866cb6bee084e9d
/Users/gokulmallabathula/deep-fake/datasets/raw/Celeb-Youtube-fake/3351.mp4,1,,Celeb-Youtube-fake,Celeb-Youtube-fake:3351,e44aa2031ccf27bd86168a4cb0ec5d827e5d93484ff73877cf8410795e7726c8
/Users/gokulmallabathula/deep-fake/datasets/raw/Celeb-Youtube-fake/3352.mp4,1,,Celeb-Youtube-fake,Celeb-Youtube-fake:3352,63ab226536688c2b73678d3faa990481a0b6fee28fe6e524fbf4df60bd0d318b
/Users/gokulmallabathula/deep-fake/datasets/raw/Celeb-Youtube-fake/3353.mp4,1,,Celeb-Youtube-fake,Celeb-Youtube-fake:3353,027e79839713fe718578420f61dc15936a5c5bda38e7e7672c6af49afb21f3f6
/Users/gokulmallabathula/deep-fake/datasets/raw/Celeb-Youtube-fake/3354.mp4,1,,Celeb-Youtube-fake,Celeb-Youtube-fake:3354,fc5ac5f240643847b89e5ccf04f3b1829e893ae0c40769a1ea5061c8e298bb86
/Users/gokulmallabathula/deep-fake/datasets/raw/Celeb-Youtube-fake/3356.mp4,1,,Celeb-Youtube-fake,Celeb-Youtube-fake:3356,d4b91dad5cd3e3528e8cdb4279fafd16d906884453254d1c764d5b8028f4a9a6
/Users/gokulmallabathula/deep-fake/datasets/raw/Celeb-Youtube-fake/3357.mp4,1,,Celeb-Youtube-fake,Celeb-Youtube-fake:3357,feba9e43d7b6e4966fa1c9db135821ff1ec27049bb79552bc470bcaae1475b15
/Users/gokulmallabathula/deep-fake/datasets/raw/Celeb-Youtube-fake/3359.mp4,1,,Celeb-Youtube-fake,Celeb-Youtube-fake:3359,a91f6ee3532b03221b1d2c3a510fc85273438b0f895c117d11028fc8b8d533dc
/Users/gokulmallabathula/deep-fake/datasets/raw/Celeb-Youtube-fake/336.mp4,1,,Celeb-Youtube-fake,Celeb-Youtube-fake:336,748d34e3425b2516125a07ec1fcd14f135b7df06269dfb4c04bfd18a274f432a
/Users/gokulmallabathula/deep-fake/datasets/raw/Celeb-Youtube-fake/3360.mp4,1,,Celeb-Youtube-fake,Celeb-Youtube-fake:3360,3d2e9f226cbed94fb51e32427290662a16537b59acb4507c407d8aea9236398e
/Users/gokulmallabathula/deep-fake/datasets/raw/Celeb-Youtube-fake/3361.mp4,1,,Celeb-Youtube-fake,Celeb-Youtube-fake:3361,9a98282a787ec8eda139689612cf0026c6f863081a75615b2ec2a02d34e43f78
/Users/gokulmallabathula/deep-fake/datasets/raw/Celeb-Youtube-fake/3362.mp4,1,,Celeb-Youtube-fake,Celeb-Youtube-fake:3362,739e9169f5f636facd8566bdfde621329e2b770f9f46f8b58a1ad961f7404ca6
/Users/gokulmallabathula/deep-fake/datasets/raw/Celeb-Youtube-fake/3363.mp4,1,,Celeb-Youtube-fake,Celeb-Youtube-fake:3363,9223a40c4f5428bdd516b3749bcd0b317632f66276aea9d440d4c007681daeab
/Users/gokulmallabathula/deep-fake/datasets/raw/Celeb-Youtube-fake/3364.mp4,1,,Celeb-Youtube-fake,Celeb-Youtube-fake:3364,593d8c8f7e744ed361ecf76a11c992576e2d9323cf4522ac322b571e62d20162
/Users/gokulmallabathula/deep-fake/datasets/raw/Celeb-Youtube-fake/3366.mp4,1,,Celeb-Youtube-fake,Celeb-Youtube-fake:3366,8e3c9574044b4a5bcff94ef1473517a69a1586a0fb20854ace47d38df8a4162d
/Users/gokulmallabathula/deep-fake/datasets/raw/Celeb-Youtube-fake/3369.mp4,1,,Celeb-Youtube-fake,Celeb-Youtube-fake:3369,0556c1acbb1afe08780f899b492ebc44676aeca53aea5d679aefcd68813e3768
/Users/gokulmallabathula/deep-fake/datasets/raw/Celeb-Youtube-fake/337.mp4,1,,Celeb-Youtube-fake,Celeb-Youtube-fake:337,dd5c97622dda8d6abca4a2b4734a54c5c9c343eb97703ee4d5fefd3ab9e607ef
/Users/gokulmallabathula/deep-fake/datasets/raw/Celeb-Youtube-fake/3371.mp4,1,,Celeb-Youtube-fake,Celeb-Youtube-fake:3371,4b78e4ca27ed92e8ad9e3db360bcf21194f3e693dbda0331f9053de741168899
/Users/gokulmallabathula/deep-fake/datasets/raw/Celeb-Youtube-fake/3375.mp4,1,,Celeb-Youtube-fake,Celeb-Youtube-fake:3375,3d2f954aa927621d062a6f536bb5f213db3099da58183ecb0370e5ea119b53b1
/Users/gokulmallabathula/deep-fake/datasets/raw/Celeb-Youtube-fake/3376.mp4,1,,Celeb-Youtube-fake,Celeb-Youtube-fake:3376,430650b2c2da878dc13317bda90b907620f25cf52c581132361af2a0531014ca
/Users/gokulmallabathula/deep-fake/datasets/raw/Celeb-Youtube-fake/3378.mp4,1,,Celeb-Youtube-fake,Celeb-Youtube-fake:3378,284416334e1b4c90a010a74baeda4bc8dcb4f058a907b485e7ce0b12a8d692ae
/Users/gokulmallabathula/deep-fake/datasets/raw/Celeb-Youtube-fake/3379.mp4,1,,Celeb-Youtube-fake,Celeb-Youtube-fake:3379,2c28c3fdd6904d5c248fae641bb5808b4eb8f249032a69e28121765959e207ee
/Users/gokulmallabathula/deep-fake/datasets/raw/Celeb-Youtube-fake/3380.mp4,1,,Celeb-Youtube-fake,Celeb-Youtube-fake:3380,3d954d28c44a9264a08a266d4fc773a4479c88ae3c46f86677eb17d51c5dd996
/Users/gokulmallabathula/deep-fake/datasets/raw/Celeb-Youtube-fake/3382.mp4,1,,Celeb-Youtube-fake,Celeb-Youtube-fake:3382,b2b25622330e2ba17f99b7d3368df89f0c5711ab2efac6c0d13cfde829d2e854
/Users/gokulmallabathula/deep-fake/datasets/raw/Celeb-Youtube-fake/3383.mp4,1,,Celeb-Youtube-fake,Celeb-Youtube-fake:3383,76b4cca7b9689dab270b537e4e92de65afcbc88f33564257a191d07ad9d2a1e9
/Users/gokulmallabathula/deep-fake/datasets/raw/Celeb-Youtube-fake/3384.mp4,1,,Celeb-Youtube-fake,Celeb-Youtube-fake:3384,07c2ebf768781b7bdd53bf8703f7e24b726abb372de180341bfacabc4734c0a1
/Users/gokulmallabathula/deep-fake/datasets/raw/Celeb-Youtube-fake/3386.mp4,1,,Celeb-Youtube-fake,Celeb-Youtube-fake:3386,31a03919b9087cfceb7c61761dbc764cd6947f4cb2c0a50662bc0c5c20d63b09
/Users/gokulmallabathula/deep-fake/datasets/raw/Celeb-Youtube-fake/3387.mp4,1,,Celeb-Youtube-fake,Celeb-Youtube-fake:3387,e88dd9aed9d6b0a103f88bfe2b8ce438b013d462fc5a9a0aecfd2dd1e51fae85
/Users/gokulmallabathula/deep-fake/datasets/raw/Celeb-Youtube-fake/3390.mp4,1,,Celeb-Youtube-fake,Celeb-Youtube-fake:3390,fd45c36ca158c56211794a91accd3e92c427f2216121b1cf95deb13690b34efe
/Users/gokulmallabathula/deep-fake/datasets/raw/Celeb-Youtube-fake/3391.mp4,1,,Celeb-Youtube-fake,Celeb-Youtube-fake:3391,e4c1dd828735d43b0a6cc54dfb554d456f803a04378e3db00668d3a6357f8052
/Users/gokulmallabathula/deep-fake/datasets/raw/Celeb-Youtube-fake/3392.mp4,1,,Celeb-Youtube-fake,Celeb-Youtube-fake:3392,70e5f920f41bb0da65f321950549bf428f7a9481b8abf081879e2cbe31aac024
/Users/gokulmallabathula/deep-fake/datasets/raw/Celeb-Youtube-fake/3393.mp4,1,,Celeb-Youtube-fake,Celeb-Youtube-fake:3393,a3ab8ef6e5823b9de8fe1306bd9fe8920f7cde787245cd0c020488e3f246a15e
/Users/gokulmallabathula/deep-fake/datasets/raw/Celeb-Youtube-fake/3396.mp4,1,,Celeb-Youtube-fake,Celeb-Youtube-fake:3396,14329bc84e90ff6ca7c2bdcea4b28a1fa50c9ac108505107ee81d7227afb972e
/Users/gokulmallabathula/deep-fake/datasets/raw/Celeb-Youtube-fake/3397.mp4,1,,Celeb-Youtube-fake,Celeb-Youtube-fake:3397,9dc5cdb88cfc3e600b5925001cd19b11f0f9f9df932da5ed04fc83917b498540
/Users/gokulmallabathula/deep-fake/datasets/raw/Celeb-Youtube-fake/3399.mp4,1,,Celeb-Youtube-fake,Celeb-Youtube-fake:3399,54910f7a7cd2a8a71488993e9bb61f999018817fe82b3113046641060bf4af1a
/Users/gokulmallabathula/deep-fake/datasets/raw/Celeb-Youtube-fake/34.mp4,1,,Celeb-Youtube-fake,Celeb-Youtube-fake:34,bd540256f15ae457a7e6eec07ea11966389bbbee401980b13b229ef183b6f25d
/Users/gokulmallabathula/deep-fake/datasets/raw/Celeb-Youtube-fake/3400.mp4,1,,Celeb-Youtube-fake,Celeb-Youtube-fake:3400,9d6341453052088d782078fda6aa3cd82ae2f4ebda573458920511bff60ee9c3
/Users/gokulmallabathula/deep-fake/datasets/raw/Celeb-Youtube-fake/3401.mp4,1,,Celeb-Youtube-fake,Celeb-Youtube-fake:3401,2a323f40c90d4e5668eda7f7c94c0eca99a235a994cf0970c2cb9160fdf0fcd7
/Users/gokulmallabathula/deep-fake/datasets/raw/Celeb-Youtube-fake/3403.mp4,1,,Celeb-Youtube-fake,Celeb-Youtube-fake:3403,0e78463dfa2d7eaf468e90e445d08a5cf79899eaff946a9847ee154295ed2210
/Users/gokulmallabathula/deep-fake/datasets/raw/Celeb-Youtube-fake/3404.mp4,1,,Celeb-Youtube-fake,Celeb-Youtube-fake:3404,c16f9b2c177d2bcc0dc829c13a8543346c867dc0c362a7677b29a1646698a93a
/Users/gokulmallabathula/deep-fake/datasets/raw/Celeb-Youtube-fake/3405.mp4,1,,Celeb-Youtube-fake,Celeb-Youtube-fake:3405,a9488def43ca0f00ee98d54403a3397262cfc9a2bf1be602bb212cf1b5a9ca40
/Users/gokulmallabathula/deep-fake/datasets/raw/Celeb-Youtube-fake/3408.mp4,1,,Celeb-Youtube-fake,Celeb-Youtube-fake:3408,c53ca4038fac56bcb4173d4910a1e4825cf15628c76d2d8043864c5128a967a8
/Users/gokulmallabathula/deep-fake/datasets/raw/Celeb-Youtube-fake/3409.mp4,1,,Celeb-Youtube-fake,Celeb-Youtube-fake:3409,d8e2858c9b2f2098a414d0762d41b25d5180079b6314c23619ebf49379a0a970
/Users/gokulmallabathula/deep-fake/datasets/raw/Celeb-Youtube-fake/341.mp4,1,,Celeb-Youtube-fake,Celeb-Youtube-fake:341,6a329aa4e8fb5e8d5c83d0ca9ec28a707c623b3546f6694013b2a9df67966f6f
/Users/gokulmallabathula/deep-fake/datasets/raw/Celeb-Youtube-fake/3411.mp4,1,,Celeb-Youtube-fake,Celeb-Youtube-fake:3411,db3d97d600f033117e58bcf8c45e2636f7b2869479cc1d920837f116008420b4
/Users/gokulmallabathula/deep-fake/datasets/raw/Celeb-Youtube-fake/3412.mp4,1,,Celeb-Youtube-fake,Celeb-Youtube-fake:3412,4287826d3ba16a6136af71a99a354c466520a61898f438b3c500890675e4dcfa
/Users/gokulmallabathula/deep-fake/datasets/raw/Celeb-Youtube-fake/3414.mp4,1,,Celeb-Youtube-fake,Celeb-Youtube-fake:3414,3a8183dd5434fc12453ed56c0e57441ac2c6938282e569c954b0e7154c874cbc
/Users/gokulmallabathula/deep-fake/datasets/raw/Celeb-Youtube-fake/3415.mp4,1,,Celeb-Youtube-fake,Celeb-Youtube-fake:3415,6e72e562447824ba5b47b360e7ae428e5ec1517a26bba38133456de9f6605825
/Users/gokulmallabathula/deep-fake/datasets/raw/Celeb-Youtube-fake/3417.mp4,1,,Celeb-Youtube-fake,Celeb-Youtube-fake:3417,e2ecc91b5be69d26d6ea885eada8112392fa3bdc761637fc071a3dee6b96c36f
/Users/gokulmallabathula/deep-fake/datasets/raw/Celeb-Youtube-fake/3419.mp4,1,,Celeb-Youtube-fake,Celeb-Youtube-fake:3419,979562e59374c800c5985bdb0012d728964ae3e6ff7bb8c6686cdfa0cfdf9c34
/Users/gokulmallabathula/deep-fake/datasets/raw/Celeb-Youtube-fake/3421.mp4,1,,Celeb-Youtube-fake,Celeb-Youtube-fake:3421,e9acbe969b91423236d606bc8ca13c489b6adedf57fd7add4a64226e41ccb98b
/Users/gokulmallabathula/deep-fake/datasets/raw/Celeb-Youtube-fake/3423.mp4,1,,Celeb-Youtube-fake,Celeb-Youtube-fake:3423,c421d0cb256b8f8cde760a4b27c115b8203155f37d0f7ed09008a5bcfa489534
/Users/gokulmallabathula/deep-fake/datasets/raw/Celeb-Youtube-fake/3424.mp4,1,,Celeb-Youtube-fake,Celeb-Youtube-fake:3424,6958b2d9f9a80af4af649b800973660c16fdd273ae65f65f5f4f778f695d776a
/Users/gokulmallabathula/deep-fake/datasets/raw/Celeb-Youtube-fake/3425.mp4,1,,Celeb-Youtube-fake,Celeb-Youtube-fake:3425,e6743f1f9c098b7bc44f44b83a47a19f93cd966ddb9828b9e1ec6ec89df618a1
/Users/gokulmallabathula/deep-fake/datasets/raw/Celeb-Youtube-fake/3426.mp4,1,,Celeb-Youtube-fake,Celeb-Youtube-fake:3426,6633d6c4cb9c8f216eec38e7b0ce4003e14802bf301f48207cde83f53a6294da
/Users/gokulmallabathula/deep-fake/datasets/raw/Celeb-Youtube-fake/3427.mp4,1,,Celeb-Youtube-fake,Celeb-Youtube-fake:3427,1258b1a85ff3753696d25dbf90591e933965d36676d23b737c2b2b1722b48763
/Users/gokulmallabathula/deep-fake/datasets/raw/Celeb-Youtube-fake/3428.mp4,1,,Celeb-Youtube-fake,Celeb-Youtube-fake:3428,b021517d0fd0b021c344e63eb94325176c8eb0c014470282ca4417e568514592
/Users/gokulmallabathula/deep-fake/datasets/raw/Celeb-Youtube-fake/343.mp4,1,,Celeb-Youtube-fake,Celeb-Youtube-fake:343,203806073024b30e69ce670e02d5c71cbae185d9a3fd3f3022a0363afe5cd3c2
/Users/gokulmallabathula/deep-fake/datasets/raw/Celeb-Youtube-fake/3430.mp4,1,,Celeb-Youtube-fake,Celeb-Youtube-fake:3430,cdd13650d7744864bbe1b945cceaae184a600030beaf1d952ca7cc06dd660ebd
/Users/gokulmallabathula/deep-fake/datasets/raw/Celeb-Youtube-fake/3432.mp4,1,,Celeb-Youtube-fake,Celeb-Youtube-fake:3432,127d8931878e2e7ebf0e42f7c780459250f27eb4d5c2c99132af603ceea3e1cd
/Users/gokulmallabathula/deep-fake/datasets/raw/Celeb-Youtube-fake/3434.mp4,1,,Celeb-Youtube-fake,Celeb-Youtube-fake:3434,a6ec4d5caa4e5b5ad80fc15b96b8fc8e8db808d35898dd6236aad61858993e49
/Users/gokulmallabathula/deep-fake/datasets/raw/Celeb-Youtube-fake/3435.mp4,1,,Celeb-Youtube-fake,Celeb-Youtube-fake:3435,961863a18b174d08fb155a52c6d9b5b5c707a37fc73bc1f7ee0232898678017c
/Users/gokulmallabathula/deep-fake/datasets/raw/Celeb-Youtube-fake/344.mp4,1,,Celeb-Youtube-fake,Celeb-Youtube-fake:344,4088ad3f2bed028cff2bc538c97b1e9e0c3a9b13bc723a85f6fb18f1198a38e3
/Users/gokulmallabathula/deep-fake/datasets/raw/Celeb-Youtube-fake/3440.mp4,1,,Celeb-Youtube-fake,Celeb-Youtube-fake:3440,35a97e9700275a15b6cb557fe60ed808b3d0f4cbf6a9dd5504c30c7b7467ba8f
/Users/gokulmallabathula/deep-fake/datasets/raw/Celeb-Youtube-fake/3441.mp4,1,,Celeb-Youtube-fake,Celeb-Youtube-fake:3441,4a53d6ad436917a41e5fb51ee9e1ae9b81d039c6c5de6f75b4b96ad38ba8d2e5
/Users/gokulmallabathula/deep-fake/datasets/raw/Celeb-Youtube-fake/3442.mp4,1,,Celeb-Youtube-fake,Celeb-Youtube-fake:3442,86879c4a4d9b75cec7337394910c2caa9f26d91247124b62d7df2069c55db794
/Users/gokulmallabathula/deep-fake/datasets/raw/Celeb-Youtube-fake/3443.mp4,1,,Celeb-Youtube-fake,Celeb-Youtube-fake:3443,42f00d4dc886dcf80d79e6e9adc145c8de700fc41ebb835e3af94bf4b9f95150
/Users/gokulmallabathula/deep-fake/datasets/raw/Celeb-Youtube-fake/3444.mp4,1,,Celeb-Youtube-fake,Celeb-Youtube-fake:3444,fe37f7c433bee3f2bf670b13322ab7490610516c2ad06d9a4edac16d8717ece2
/Users/gokulmallabathula/deep-fake/datasets/raw/Celeb-Youtube-fake/3446.mp4,1,,Celeb-Youtube-fake,Celeb-Youtube-fake:3446,f2d5a3649b3e66136dc3ce8e3de8750c24430615738f99e70bda1ac651e60504
/Users/gokulmallabathula/deep-fake/datasets/raw/Celeb-Youtube-fake/3448.mp4,1,,Celeb-Youtube-fake,Celeb-Youtube-fake:3448,fd99ec3bc9f4cbada04798a0a486228fd4f53954600ab4a1d23e3664ef195e70
/Users/gokulmallabathula/deep-fake/datasets/raw/Celeb-Youtube-fake/3451.mp4,1,,Celeb-Youtube-fake,Celeb-Youtube-fake:3451,0ebb3acbbd822abdaf327e752320ece2a4c50d9956696d07b1c9631e8b9e5608
/Users/gokulmallabathula/deep-fake/datasets/raw/Celeb-Youtube-fake/3452.mp4,1,,Celeb-Youtube-fake,Celeb-Youtube-fake:3452,315e83583e7d5b8a8cf9ca3e694830575ba9f6930ac7752c5ae95ec6474d36bd
/Users/gokulmallabathula/deep-fake/datasets/raw/Celeb-Youtube-fake/3453.mp4,1,,Celeb-Youtube-fake,Celeb-Youtube-fake:3453,49626e58ca26a08c2f436ad445dbaeadf6b3ef0d88581c5df7ca45e43231503d
/Users/gokulmallabathula/deep-fake/datasets/raw/Celeb-Youtube-fake/3454.mp4,1,,Celeb-Youtube-fake,Celeb-Youtube-fake:3454,40458c620f013f751427765a7f9bd79ea1c3061f92fac3f524993c4faa8d68ab
/Users/gokulmallabathula/deep-fake/datasets/raw/Celeb-Youtube-fake/3456.mp4,1,,Celeb-Youtube-fake,Celeb-Youtube-fake:3456,ddb9a9ac96387bb716b4725f80498a3b2a34a634e4f201fe37228e8f89c061a1
/Users/gokulmallabathula/deep-fake/datasets/raw/Celeb-Youtube-fake/3458.mp4,1,,Celeb-Youtube-fake,Celeb-Youtube-fake:3458,1302a7427d0d867cd8213afb3f363bda4531d8e88b9e8750ea55d662538c2f85
/Users/gokulmallabathula/deep-fake/datasets/raw/Celeb-Youtube-fake/3459.mp4,1,,Celeb-Youtube-fake,Celeb-Youtube-fake:3459,79e72c4c8b07a450a916ffad1709c2b377fbf87d18f2df18896c287518f00c90
/Users/gokulmallabathula/deep-fake/datasets/raw/Celeb-Youtube-fake/346.mp4,1,,Celeb-Youtube-fake,Celeb-Youtube-fake:346,274866c560120a70bfaeceb30fe0b3876876f5c60826dc281e932dc729349f41
/Users/gokulmallabathula/deep-fake/datasets/raw/Celeb-Youtube-fake/3461.mp4,1,,Celeb-Youtube-fake,Celeb-Youtube-fake:3461,03c7dfee7555fe72ef4f4cfb649bb4b09cf894a87752a481b931e13d476f3b70
/Users/gokulmallabathula/deep-fake/datasets/raw/Celeb-Youtube-fake/3462.mp4,1,,Celeb-Youtube-fake,Celeb-Youtube-fake:3462,9e389631058c22d800392a7b6ec92885c4b21914b5b5a1d473ad6079e2ccfba1
/Users/gokulmallabathula/deep-fake/datasets/raw/Celeb-Youtube-fake/3463.mp4,1,,Celeb-Youtube-fake,Celeb-Youtube-fake:3463,53503ce0765346800031cdda6e6bab7d7ba25fbb82ae011566f8d819b17b5b0a
/Users/gokulmallabathula/deep-fake/datasets/raw/Celeb-Youtube-fake/3464.mp4,1,,Celeb-Youtube-fake,Celeb-Youtube-fake:3464,73250dab853d2843c82bc285f4ee7e1e0980b5b72bdbd88f99e6889bdd33542a
/Users/gokulmallabathula/deep-fake/datasets/raw/Celeb-Youtube-fake/3465.mp4,1,,Celeb-Youtube-fake,Celeb-Youtube-fake:3465,0cb3c495960068dd1c6cc788581ba8962a9c8f0a261ff5a5ff3b4639d00ee3c0
/Users/gokulmallabathula/deep-fake/datasets/raw/Celeb-Youtube-fake/3466.mp4,1,,Celeb-Youtube-fake,Celeb-Youtube-fake:3466,c0a8abd8903cf92c35e0831e41bacdacdae8686972ec66f514981b667bd54118
/Users/gokulmallabathula/deep-fake/datasets/raw/Celeb-Youtube-fake/3467.mp4,1,,Celeb-Youtube-fake,Celeb-Youtube-fake:3467,317d541bc7926728b5c3f67281cdc51184fb7cbc71d31ee60b40f67f8779ea03
/Users/gokulmallabathula/deep-fake/datasets/raw/Celeb-Youtube-fake/347.mp4,1,,Celeb-Youtube-fake,Celeb-Youtube-fake:347,a4abfc34d7efdd3d5431256eeaa10cb206f03e2b15fea846cc1c84ab96aaab72
/Users/gokulmallabathula/deep-fake/datasets/raw/Celeb-Youtube-fake/3470.mp4,1,,Celeb-Youtube-fake,Celeb-Youtube-fake:3470,5943c9c7508000d497f7373b6b93bb800b0f675efd4b5d0e85035cc13d356e2a
/Users/gokulmallabathula/deep-fake/datasets/raw/Celeb-Youtube-fake/3471.mp4,1,,Celeb-Youtube-fake,Celeb-Youtube-fake:3471,8c757225dcd5a2b818b131abfc250c33d51bc24600feaec20de408c1af5a3ed6
/Users/gokulmallabathula/deep-fake/datasets/raw/Celeb-Youtube-fake/3472.mp4,1,,Celeb-Youtube-fake,Celeb-Youtube-fake:3472,7e26478aa7e73c6dfbccb7f8551bd4740e7d31ce5617878075bfda06a27b4f53
/Users/gokulmallabathula/deep-fake/datasets/raw/Celeb-Youtube-fake/3473.mp4,1,,Celeb-Youtube-fake,Celeb-Youtube-fake:3473,df75cab268fa61ba78a42538a9e416bc641584d4abc5b4414389ef2d67142b48
/Users/gokulmallabathula/deep-fake/datasets/raw/Celeb-Youtube-fake/3475.mp4,1,,Celeb-Youtube-fake,Celeb-Youtube-fake:3475,2b0963ff98696983fd09d57f769e0750ac64035810cc56c815a8159ae3332d2b
/Users/gokulmallabathula/deep-fake/datasets/raw/Celeb-Youtube-fake/3477.mp4,1,,Celeb-Youtube-fake,Celeb-Youtube-fake:3477,98cc2e09429d74032e48bc1321b926c07f24bdade80c949b7cf656d33a42f09f
/Users/gokulmallabathula/deep-fake/datasets/raw/Celeb-Youtube-fake/3479.mp4,1,,Celeb-Youtube-fake,Celeb-Youtube-fake:3479,e1410afa97c4de4386bc78c35a2314d222a23e08cb0720bcf43dd4a9198aaefe
/Users/gokulmallabathula/deep-fake/datasets/raw/Celeb-Youtube-fake/3480.mp4,1,,Celeb-Youtube-fake,Celeb-Youtube-fake:3480,428cc70c99f625b42b2146e512377c688207433b2c98e2f76232bf817b38408d
/Users/gokulmallabathula/deep-fake/datasets/raw/Celeb-Youtube-fake/3481.mp4,1,,Celeb-Youtube-fake,Celeb-Youtube-fake:3481,e8694879d81cc7280539685f9c9eef708c3aa980bcca5957123f608758f53f8d
/Users/gokulmallabathula/deep-fake/datasets/raw/Celeb-Youtube-fake/3483.mp4,1,,Celeb-Youtube-fake,Celeb-Youtube-fake:3483,7aa55cb76260ad9b75790cc86516ed4fd74ded1519a08ab9eac5657d797cc376
/Users/gokulmallabathula/deep-fake/datasets/raw/Celeb-Youtube-fake/3484.mp4,1,,Celeb-Youtube-fake,Celeb-Youtube-fake:3484,a25d70704b1393348973226d4cec499d7d462ae8ac6d41adcf8c395dd3b86dbd
/Users/gokulmallabathula/deep-fake/datasets/raw/Celeb-Youtube-fake/3485.mp4,1,,Celeb-Youtube-fake,Celeb-Youtube-fake:3485,61a84f46192977a4f275f4f562c0bb49a8d6b1d5719d3010773b3d5c3bef2d7d
/Users/gokulmallabathula/deep-fake/datasets/raw/Celeb-Youtube-fake/3487.mp4,1,,Celeb-Youtube-fake,Celeb-Youtube-fake:3487,d7869de16bfca714eb81206f452114e7f1582c76b380a77673a34706700b6e2d
/Users/gokulmallabathula/deep-fake/datasets/raw/Celeb-Youtube-fake/3488.mp4,1,,Celeb-Youtube-fake,Celeb-Youtube-fake:3488,76448bfdedb6bf5bd4b405205bb3fa3f813c3f497f539275a399a9f137652974
/Users/gokulmallabathula/deep-fake/datasets/raw/Celeb-Youtube-fake/3489.mp4,1,,Celeb-Youtube-fake,Celeb-Youtube-fake:3489,d0e7f6f24267a2ba915bf548458f94b1180ae4b5993d421ab948c7b086dfd3d6
/Users/gokulmallabathula/deep-fake/datasets/raw/Celeb-Youtube-fake/349.mp4,1,,Celeb-Youtube-fake,Celeb-Youtube-fake:349,ff2ea56edbb4b3b64bd52b7408d6e28a4ec708cbd37dfa9ab3fd7c45182876ec
/Users/gokulmallabathula/deep-fake/datasets/raw/Celeb-Youtube-fake/3491.mp4,1,,Celeb-Youtube-fake,Celeb-Youtube-fake:3491,2351b7e1299491c58caf8126bba16e62bf586b7891bdac74f46e61349118d057
/Users/gokulmallabathula/deep-fake/datasets/raw/Celeb-Youtube-fake/3492.mp4,1,,Celeb-Youtube-fake,Celeb-Youtube-fake:3492,972d980c3f1473f307bbd3a99977698d52d4f20bc6608e25da6ddf9a81eeb7f6
/Users/gokulmallabathula/deep-fake/datasets/raw/Celeb-Youtube-fake/3493.mp4,1,,Celeb-Youtube-fake,Celeb-Youtube-fake:3493,d17a09fdf81d933e5073bab32db2be5d382ed8a3a34406a62f2587fa0294cd17
/Users/gokulmallabathula/deep-fake/datasets/raw/Celeb-Youtube-fake/3496.mp4,1,,Celeb-Youtube-fake,Celeb-Youtube-fake:3496,0ea1b5e4df7cb2bc58a6b10ca0302995af2ed2657f8d5b71c02fecaad0de0f64
/Users/gokulmallabathula/deep-fake/datasets/raw/Celeb-Youtube-fake/3497.mp4,1,,Celeb-Youtube-fake,Celeb-Youtube-fake:3497,64db3c8d2b1b306903b0819e6bbd45436a118185365c5fe9db211ed560320baa
/Users/gokulmallabathula/deep-fake/datasets/raw/Celeb-Youtube-fake/3499.mp4,1,,Celeb-Youtube-fake,Celeb-Youtube-fake:3499,7e348a62fa258a9a8cc1e2c3ee93c4fce176754bf61cf8efec2717d118dd3ad2
/Users/gokulmallabathula/deep-fake/datasets/raw/Celeb-Youtube-fake/350.mp4,1,,Celeb-Youtube-fake,Celeb-Youtube-fake:350,5722ab8d823e5ef0da98f4cd3e0ff5654524995511261f30833048b3d83b92e6
/Users/gokulmallabathula/deep-fake/datasets/raw/Celeb-Youtube-fake/3500.mp4,1,,Celeb-Youtube-fake,Celeb-Youtube-fake:3500,81230815dc3bfec000718c1b16f7072a6e2aed0b8ee679125c8401b6b42f6745
/Users/gokulmallabathula/deep-fake/datasets/raw/Celeb-Youtube-fake/3501.mp4,1,,Celeb-Youtube-fake,Celeb-Youtube-fake:3501,cda2ba941304992cb40cc3923f19ba63728ec70837e36d2a85e3447bacb5b657
/Users/gokulmallabathula/deep-fake/datasets/raw/Celeb-Youtube-fake/3502.mp4,1,,Celeb-Youtube-fake,Celeb-Youtube-fake:3502,6d14fe6901e95f3955b42fbf093df92cf2e30148cbb0a03b262d3ed10fd41fd2
/Users/gokulmallabathula/deep-fake/datasets/raw/Celeb-Youtube-fake/3504.mp4,1,,Celeb-Youtube-fake,Celeb-Youtube-fake:3504,418277e80f90e51963b1a8106548d119eab62126509b20f09d14ce96d005509b
/Users/gokulmallabathula/deep-fake/datasets/raw/Celeb-Youtube-fake/3509.mp4,1,,Celeb-Youtube-fake,Celeb-Youtube-fake:3509,29904cb4d7dd4b70a449fecce8b569c945474e59627c06e1fd730e0fefe4d41e
/Users/gokulmallabathula/deep-fake/datasets/raw/Celeb-Youtube-fake/3510.mp4,1,,Celeb-Youtube-fake,Celeb-Youtube-fake:3510,77b60d9c4ed06a4e4f335f0aee4d292c93defbb1ec04908d3cfa5ff2884b4f35
/Users/gokulmallabathula/deep-fake/datasets/raw/Celeb-Youtube-fake/3511.mp4,1,,Celeb-Youtube-fake,Celeb-Youtube-fake:3511,f3175914beedfc6b31ab348915255f187a80e271504e4d21132002acc9bfbc8e
/Users/gokulmallabathula/deep-fake/datasets/raw/Celeb-Youtube-fake/3512.mp4,1,,Celeb-Youtube-fake,Celeb-Youtube-fake:3512,abafcf1c7d369b0d98d4be142b832ab6a3c092c65c6334b0b2310d9842fbfb8f
/Users/gokulmallabathula/deep-fake/datasets/raw/Celeb-Youtube-fake/3514.mp4,1,,Celeb-Youtube-fake,Celeb-Youtube-fake:3514,3aa382a7354e3141e9f76cdbe897bcb7e3629267e95ecf9887c43aab48d2e2af
/Users/gokulmallabathula/deep-fake/datasets/raw/Celeb-Youtube-fake/3515.mp4,1,,Celeb-Youtube-fake,Celeb-Youtube-fake:3515,887bb2ecbf1d202eb2fde2f00b89f7a7e837a38b28ea74f0764d832c6d6d900e
/Users/gokulmallabathula/deep-fake/datasets/raw/Celeb-Youtube-fake/3516.mp4,1,,Celeb-Youtube-fake,Celeb-Youtube-fake:3516,181c0f473511399fd7eca4c199d8b4d04b9c6892098c13b1bda83c05c7a38fc8
/Users/gokulmallabathula/deep-fake/datasets/raw/Celeb-Youtube-fake/3517.mp4,1,,Celeb-Youtube-fake,Celeb-Youtube-fake:3517,e2c1278eaf1f79499b903d04ed62184fe929bf066699eb2b55eb19598d3a01e3
/Users/gokulmallabathula/deep-fake/datasets/raw/Celeb-Youtube-fake/3518.mp4,1,,Celeb-Youtube-fake,Celeb-Youtube-fake:3518,f62ee06c047388c496c16e2070c7be5860430888b6d2cb0349bb4eec6d087473
/Users/gokulmallabathula/deep-fake/datasets/raw/Celeb-Youtube-fake/3519.mp4,1,,Celeb-Youtube-fake,Celeb-Youtube-fake:3519,5ded62119d39c656e5b9d9c2b28220bc8b457c52d628284afc2e5f5c5f598188
/Users/gokulmallabathula/deep-fake/datasets/raw/Celeb-Youtube-fake/352.mp4,1,,Celeb-Youtube-fake,Celeb-Youtube-fake:352,393c271564ee1691ccd43cde016f69e05bad295328d1ba000b8cdea6bc7916b6
/Users/gokulmallabathula/deep-fake/datasets/raw/Celeb-Youtube-fake/3520.mp4,1,,Celeb-Youtube-fake,Celeb-Youtube-fake:3520,b23b9c65161961a0d3b6a115804abef840572097ef645ada4da56a636ab4894d
/Users/gokulmallabathula/deep-fake/datasets/raw/Celeb-Youtube-fake/3521.mp4,1,,Celeb-Youtube-fake,Celeb-Youtube-fake:3521,d0c3cf1de7e891418b8179c9403f790d9ad641d0249c8b1379f968f68768fbe3
/Users/gokulmallabathula/deep-fake/datasets/raw/Celeb-Youtube-fake/3522.mp4,1,,Celeb-Youtube-fake,Celeb-Youtube-fake:3522,e51c238993063d64962ffe5ab0af295468a2b6e5a44b1cdd2c93ec7aae309788
/Users/gokulmallabathula/deep-fake/datasets/raw/Celeb-Youtube-fake/3523.mp4,1,,Celeb-Youtube-fake,Celeb-Youtube-fake:3523,48dcedeca01dcbb545cbe98d1621ae7757e4b480c8c720fe1605c3525b11c4d7
/Users/gokulmallabathula/deep-fake/datasets/raw/Celeb-Youtube-fake/3524.mp4,1,,Celeb-Youtube-fake,Celeb-Youtube-fake:3524,4c5070ef5d3859eef614a61e1d213618e435f573ca73f6b49d5dc114d463f171
/Users/gokulmallabathula/deep-fake/datasets/raw/Celeb-Youtube-fake/3526.mp4,1,,Celeb-Youtube-fake,Celeb-Youtube-fake:3526,bd876bb104b79388948a70e164ca2304c8b1039af0f0e11361ee056ef326c364
/Users/gokulmallabathula/deep-fake/datasets/raw/Celeb-Youtube-fake/3527.mp4,1,,Celeb-Youtube-fake,Celeb-Youtube-fake:3527,308ad3f7e3b91ef2c9749c26cc84107cbedeeef70d688351549c412f56d49669
/Users/gokulmallabathula/deep-fake/datasets/raw/Celeb-Youtube-fake/3528.mp4,1,,Celeb-Youtube-fake,Celeb-Youtube-fake:3528,cec1db44f0284e08faadd020952b877b2a47e15b05152f5c339333a751258709
/Users/gokulmallabathula/deep-fake/datasets/raw/Celeb-Youtube-fake/3529.mp4,1,,Celeb-Youtube-fake,Celeb-Youtube-fake:3529,9c3743c7604eb252d70b4a65061d1ef3b617206725b2bcbe4d74dccec5fe977e
/Users/gokulmallabathula/deep-fake/datasets/raw/Celeb-Youtube-fake/3530.mp4,1,,Celeb-Youtube-fake,Celeb-Youtube-fake:3530,fd44c15ab8d70496c4130db5034978e9ae79d39913f8570cd6693bfef4472cc6
/Users/gokulmallabathula/deep-fake/datasets/raw/Celeb-Youtube-fake/3531.mp4,1,,Celeb-Youtube-fake,Celeb-Youtube-fake:3531,5c828067c9caf2267356d2f1cdb2e381f692fb6e235a968395587211937d3a1b
/Users/gokulmallabathula/deep-fake/datasets/raw/Celeb-Youtube-fake/3534.mp4,1,,Celeb-Youtube-fake,Celeb-Youtube-fake:3534,8465e3fa46902aecdb962512ea9ee8cb24a5337ee579d82257f991007c53baaf
/Users/gokulmallabathula/deep-fake/datasets/raw/Celeb-Youtube-fake/3535.mp4,1,,Celeb-Youtube-fake,Celeb-Youtube-fake:3535,6ea7c0149856f41e31f753ab6b627b4304164ed0bef9fd402dff46bf60fcae53
/Users/gokulmallabathula/deep-fake/datasets/raw/Celeb-Youtube-fake/3536.mp4,1,,Celeb-Youtube-fake,Celeb-Youtube-fake:3536,84adeb0e1be2a9814f12754a30dffccc6d91b2e6ba7bd12447a53f796833864e
/Users/gokulmallabathula/deep-fake/datasets/raw/Celeb-Youtube-fake/3537.mp4,1,,Celeb-Youtube-fake,Celeb-Youtube-fake:3537,d82e869d7a8aeaae28eed195786c80ee7c2c0e4fc1ea278e584abbcff06e608a
/Users/gokulmallabathula/deep-fake/datasets/raw/Celeb-Youtube-fake/3538.mp4,1,,Celeb-Youtube-fake,Celeb-Youtube-fake:3538,889f1cd73b6ca5bf972edd3f2c325163d95e4020a02b693a4d490d8e414375a9
/Users/gokulmallabathula/deep-fake/datasets/raw/Celeb-Youtube-fake/3539.mp4,1,,Celeb-Youtube-fake,Celeb-Youtube-fake:3539,f48520a70fca603850cc436809f71813abff2b6f063df2b487a935cb8912c910
/Users/gokulmallabathula/deep-fake/datasets/raw/Celeb-Youtube-fake/3540.mp4,1,,Celeb-Youtube-fake,Celeb-Youtube-fake:3540,4b8c5219bf310680aa399b5fd566b13204995a4fac5051c38b40e32cb1139be4
/Users/gokulmallabathula/deep-fake/datasets/raw/Celeb-Youtube-fake/3541.mp4,1,,Celeb-Youtube-fake,Celeb-Youtube-fake:3541,437f74882cbbe9bc04b56434f7f880596d4191088b1f98fea617b0b9712e77d9
/Users/gokulmallabathula/deep-fake/datasets/raw/Celeb-Youtube-fake/3543.mp4,1,,Celeb-Youtube-fake,Celeb-Youtube-fake:3543,d28bc3f34fdf50e5b02970b0ee934e5d05920a685ad328dbc2375fc7d0532156
/Users/gokulmallabathula/deep-fake/datasets/raw/Celeb-Youtube-fake/3544.mp4,1,,Celeb-Youtube-fake,Celeb-Youtube-fake:3544,afbfeacdd1a7daf158a5244aab14ef23ae4a6cdf42f8456ee3c42611221847c6
/Users/gokulmallabathula/deep-fake/datasets/raw/Celeb-Youtube-fake/3547.mp4,1,,Celeb-Youtube-fake,Celeb-Youtube-fake:3547,d5b883293af3feb099ebcb438278c4ec26b67203f90f46c039951760899f262c
/Users/gokulmallabathula/deep-fake/datasets/raw/Celeb-Youtube-fake/3548.mp4,1,,Celeb-Youtube-fake,Celeb-Youtube-fake:3548,efcab13e65a011b978acebacbffaa260c94839d33377973e2fd86094c61e59f1
/Users/gokulmallabathula/deep-fake/datasets/raw/Celeb-Youtube-fake/3549.mp4,1,,Celeb-Youtube-fake,Celeb-Youtube-fake:3549,b265912a9e3d2d39e6381e510f5283fc2212047770744b1af0a239dfcdaebec0
/Users/gokulmallabathula/deep-fake/datasets/raw/Celeb-Youtube-fake/355.mp4,1,,Celeb-Youtube-fake,Celeb-Youtube-fake:355,ed3aa7184a7273f1398dff09369e4749fbad5bfd60636e8dcd1ca061c236bf31
/Users/gokulmallabathula/deep-fake/datasets/raw/Celeb-Youtube-fake/3550.mp4,1,,Celeb-Youtube-fake,Celeb-Youtube-fake:3550,ff289a1cd0671db2b8f2ad84e269a900022dc7be325ac27f14b833fe55e46c7a
/Users/gokulmallabathula/deep-fake/datasets/raw/Celeb-Youtube-fake/3551.mp4,1,,Celeb-Youtube-fake,Celeb-Youtube-fake:3551,760b97726774037371334f8d9928eb4039e4d3a15c98632281bb57c3c2cb30b5
/Users/gokulmallabathula/deep-fake/datasets/raw/Celeb-Youtube-fake/3552.mp4,1,,Celeb-Youtube-fake,Celeb-Youtube-fake:3552,d3d6be4c37b0abd280aa96deecd47173ce5a9978f0ab0a00ea5beb5b50326dd9
/Users/gokulmallabathula/deep-fake/datasets/raw/Celeb-Youtube-fake/3553.mp4,1,,Celeb-Youtube-fake,Celeb-Youtube-fake:3553,928230032bce4d4618a0d396e0fde1594e5d32f1d2fe1c188df82a0b48339385
/Users/gokulmallabathula/deep-fake/datasets/raw/Celeb-Youtube-fake/3555.mp4,1,,Celeb-Youtube-fake,Celeb-Youtube-fake:3555,1ad2f75f3a4f6492d07cd04833c1b693d36a3634f16605f40cb0214a245d3ef9
/Users/gokulmallabathula/deep-fake/datasets/raw/Celeb-Youtube-fake/3556.mp4,1,,Celeb-Youtube-fake,Celeb-Youtube-fake:3556,d2b049bc91dd695705f5dfa2cff7ba97637120cbd438a18c0ad295ffd1312f23
/Users/gokulmallabathula/deep-fake/datasets/raw/Celeb-Youtube-fake/3557.mp4,1,,Celeb-Youtube-fake,Celeb-Youtube-fake:3557,016bee734a49cc2c50a16bc89f6b775b51a5fd05a188505004f9a3ddbd306bc8
/Users/gokulmallabathula/deep-fake/datasets/raw/Celeb-Youtube-fake/3559.mp4,1,,Celeb-Youtube-fake,Celeb-Youtube-fake:3559,fb5e11caddafb223898d647d96477e7753b420768f9f79fcbd9bc8533d747ea8
/Users/gokulmallabathula/deep-fake/datasets/raw/Celeb-Youtube-fake/356.mp4,1,,Celeb-Youtube-fake,Celeb-Youtube-fake:356,2d3ebc67e50ab19afbb0d1494a2d8363fa7fa06d52f81df447660258d5f3b337
/Users/gokulmallabathula/deep-fake/datasets/raw/Celeb-Youtube-fake/3560.mp4,1,,Celeb-Youtube-fake,Celeb-Youtube-fake:3560,ea255996322be0f9d5b316704eed719714bbfa8671680b71b572ff8ce93716b4
/Users/gokulmallabathula/deep-fake/datasets/raw/Celeb-Youtube-fake/3561.mp4,1,,Celeb-Youtube-fake,Celeb-Youtube-fake:3561,c610a8afdb533908cc44b1e73a3deb93feefb8cee1016d74fdf4bab54979b762
/Users/gokulmallabathula/deep-fake/datasets/raw/Celeb-Youtube-fake/3562.mp4,1,,Celeb-Youtube-fake,Celeb-Youtube-fake:3562,85aae614c0b7f7104bed6067411d5dc4ee270e0f5ea92e95c7132e42faa316e3
/Users/gokulmallabathula/deep-fake/datasets/raw/Celeb-Youtube-fake/3564.mp4,1,,Celeb-Youtube-fake,Celeb-Youtube-fake:3564,d1e2755c691b8a0defd24dab51f3a20984670640976f96435945ffc91ccdd338
/Users/gokulmallabathula/deep-fake/datasets/raw/Celeb-Youtube-fake/3565.mp4,1,,Celeb-Youtube-fake,Celeb-Youtube-fake:3565,b74a118f1fbe47d2ef5ea5c919b83fd5a85e7018484925f51cb3ece6f24083ae
/Users/gokulmallabathula/deep-fake/datasets/raw/Celeb-Youtube-fake/3566.mp4,1,,Celeb-Youtube-fake,Celeb-Youtube-fake:3566,3835b92d294809ab3fa86a69e982fb4ea3fe21c75bc618be5b6ac180f6577cd1
/Users/gokulmallabathula/deep-fake/datasets/raw/Celeb-Youtube-fake/3567.mp4,1,,Celeb-Youtube-fake,Celeb-Youtube-fake:3567,e642198529239fe7ff380669cfc0f97b6b3d1cc594b38f51ebb39b8b2890a874
/Users/gokulmallabathula/deep-fake/datasets/raw/Celeb-Youtube-fake/3568.mp4,1,,Celeb-Youtube-fake,Celeb-Youtube-fake:3568,d19682cc67a4228103b55dca7d140210aa0f409763f827dcc4394cdf6062b44c
/Users/gokulmallabathula/deep-fake/datasets/raw/Celeb-Youtube-fake/3569.mp4,1,,Celeb-Youtube-fake,Celeb-Youtube-fake:3569,c45e993b0e1f1f08ca160142e21b4961eebeb9da0f6e50de9d1c65a25f3413c0
/Users/gokulmallabathula/deep-fake/datasets/raw/Celeb-Youtube-fake/357.mp4,1,,Celeb-Youtube-fake,Celeb-Youtube-fake:357,4cffdc43a9e439422a067435d4741bf607993c048a4b01a48af7a0aa1ccf267d
/Users/gokulmallabathula/deep-fake/datasets/raw/Celeb-Youtube-fake/3570.mp4,1,,Celeb-Youtube-fake,Celeb-Youtube-fake:3570,e101ced38a7a263a6d720546af30356e76c1b2e049bc2a4952233357ac60d62a
/Users/gokulmallabathula/deep-fake/datasets/raw/Celeb-Youtube-fake/3572.mp4,1,,Celeb-Youtube-fake,Celeb-Youtube-fake:3572,cfdc80c4c85c5c08c8703e27656f4a069678f17a31bbe0dddd69eaa06ab1f785
/Users/gokulmallabathula/deep-fake/datasets/raw/Celeb-Youtube-fake/3573.mp4,1,,Celeb-Youtube-fake,Celeb-Youtube-fake:3573,f40ac9659c0fdeff2e87008ff1efde29ce1de185601968fd0638495ec51aacab
/Users/gokulmallabathula/deep-fake/datasets/raw/Celeb-Youtube-fake/3574.mp4,1,,Celeb-Youtube-fake,Celeb-Youtube-fake:3574,b59ae567a62f6738ebcbb03c760993ad7211753d50cf47f3ef349e8426555bce
/Users/gokulmallabathula/deep-fake/datasets/raw/Celeb-Youtube-fake/3575.mp4,1,,Celeb-Youtube-fake,Celeb-Youtube-fake:3575,babd47849123976c785706fc7c8969d0102224735df3cc77884d6e5d1c819ed5
/Users/gokulmallabathula/deep-fake/datasets/raw/Celeb-Youtube-fake/3577.mp4,1,,Celeb-Youtube-fake,Celeb-Youtube-fake:3577,5057fcdf04890e9128b83be1afeb90145f9fd609dd0a2fc7ccf327f530b8f10e
/Users/gokulmallabathula/deep-fake/datasets/raw/Celeb-Youtube-fake/3579.mp4,1,,Celeb-Youtube-fake,Celeb-Youtube-fake:3579,6d45301c87b608b3035ea83641927adaf1c07e7c5de80b2b84fb49c73dda8ad2
/Users/gokulmallabathula/deep-fake/datasets/raw/Celeb-Youtube-fake/358.mp4,1,,Celeb-Youtube-fake,Celeb-Youtube-fake:358,b1fabaf6e97617e5b04ebc2f78379568eca797f931925035ed2b2747998f9f89
/Users/gokulmallabathula/deep-fake/datasets/raw/Celeb-Youtube-fake/3580.mp4,1,,Celeb-Youtube-fake,Celeb-Youtube-fake:3580,ecb74d1552da8de9e9ee1221dee044283a79e07f830ec11a8d87be4405ea6395
/Users/gokulmallabathula/deep-fake/datasets/raw/Celeb-Youtube-fake/3581.mp4,1,,Celeb-Youtube-fake,Celeb-Youtube-fake:3581,1b6dba8f0a44e9401d076d4b187b14302f3456a889c8d67859c171c21c9e95ae
/Users/gokulmallabathula/deep-fake/datasets/raw/Celeb-Youtube-fake/3582.mp4,1,,Celeb-Youtube-fake,Celeb-Youtube-fake:3582,1346063b1c9f8094c703ce2e8b81dee43d5bc16d53b9cb970b092e987ff19264
/Users/gokulmallabathula/deep-fake/datasets/raw/Celeb-Youtube-fake/3583.mp4,1,,Celeb-Youtube-fake,Celeb-Youtube-fake:3583,dd7ec4a51dada46c21a5261f16f34f5aebaf398a873a11960957edc475faa1a9
/Users/gokulmallabathula/deep-fake/datasets/raw/Celeb-Youtube-fake/3584.mp4,1,,Celeb-Youtube-fake,Celeb-Youtube-fake:3584,5633f26b8048f17ae585f397e581c59fecfe55fb2e59d481351598f743885f35
/Users/gokulmallabathula/deep-fake/datasets/raw/Celeb-Youtube-fake/3586.mp4,1,,Celeb-Youtube-fake,Celeb-Youtube-fake:3586,cded0ff7012c2a8171e47bda0900cbabd8f27d5812e401340bde618cf62d1f49
/Users/gokulmallabathula/deep-fake/datasets/raw/Celeb-Youtube-fake/3588.mp4,1,,Celeb-Youtube-fake,Celeb-Youtube-fake:3588,fa253c3d6a75d6e0a4cfafe1e603d80543e67f98edc9e91cbaa4e586e87e5602
/Users/gokulmallabathula/deep-fake/datasets/raw/Celeb-Youtube-fake/359.mp4,1,,Celeb-Youtube-fake,Celeb-Youtube-fake:359,9f884782bd818eacdeebe03abaa1337d00bb7ac87dacf61136476dff06135fd1
/Users/gokulmallabathula/deep-fake/datasets/raw/Celeb-Youtube-fake/3590.mp4,1,,Celeb-Youtube-fake,Celeb-Youtube-fake:3590,b44d18f0633c588d0d956b72052eabdae755390b92e899bb1ce0a752be3555a5
/Users/gokulmallabathula/deep-fake/datasets/raw/Celeb-Youtube-fake/3593.mp4,1,,Celeb-Youtube-fake,Celeb-Youtube-fake:3593,dae144542316f0bd146207a777a0fad7b2e94ca9643d757a2367a526af5c65d4
/Users/gokulmallabathula/deep-fake/datasets/raw/Celeb-Youtube-fake/3594.mp4,1,,Celeb-Youtube-fake,Celeb-Youtube-fake:3594,35aa4338d21298cc5a0ad732c1b06d18e4b70458cf9f5a93bf665eed5121c963
/Users/gokulmallabathula/deep-fake/datasets/raw/Celeb-Youtube-fake/3595.mp4,1,,Celeb-Youtube-fake,Celeb-Youtube-fake:3595,889e5707cce4ecf152854cc9fefd3a9887fad17738a6a7182f270575f8ca92db
/Users/gokulmallabathula/deep-fake/datasets/raw/Celeb-Youtube-fake/3597.mp4,1,,Celeb-Youtube-fake,Celeb-Youtube-fake:3597,2183cb64cf6111d945d03626e4a0a2a69090a924d690102b002ae709ca3ef79b
/Users/gokulmallabathula/deep-fake/datasets/raw/Celeb-Youtube-fake/3598.mp4,1,,Celeb-Youtube-fake,Celeb-Youtube-fake:3598,eba3bd69d7147aebfbdfdab06daf55c55ee5f4a5cc11483e3100e2853d59e9da
/Users/gokulmallabathula/deep-fake/datasets/raw/Celeb-Youtube-fake/3599.mp4,1,,Celeb-Youtube-fake,Celeb-Youtube-fake:3599,099420e23b64323987cca0b56d7f3f9dd8eb142d4880f2923f0a89ae08880b6a
/Users/gokulmallabathula/deep-fake/datasets/raw/Celeb-Youtube-fake/36.mp4,1,,Celeb-Youtube-fake,Celeb-Youtube-fake:36,b2d0630229186efbb6f61cf5aaf97b5dcdb34aa0bdfd3c6c918545064e5e128d
/Users/gokulmallabathula/deep-fake/datasets/raw/Celeb-Youtube-fake/360.mp4,1,,Celeb-Youtube-fake,Celeb-Youtube-fake:360,a8dfc7d373e4e8dbf2d852b70ead2562191f298e5ce6ecef2dffe51e1c2491a4
/Users/gokulmallabathula/deep-fake/datasets/raw/Celeb-Youtube-fake/3600.mp4,1,,Celeb-Youtube-fake,Celeb-Youtube-fake:3600,a3e849be1fc8a1ad71e7119ced0e380beaf5560be8e1987288899944d70b69cd
/Users/gokulmallabathula/deep-fake/datasets/raw/Celeb-Youtube-fake/3601.mp4,1,,Celeb-Youtube-fake,Celeb-Youtube-fake:3601,ff33d854c6bdb0f693adb80276c8f82fec8d4ed0817b1ce7edd73c0d09acf33b
/Users/gokulmallabathula/deep-fake/datasets/raw/Celeb-Youtube-fake/3602.mp4,1,,Celeb-Youtube-fake,Celeb-Youtube-fake:3602,d012da5efbded8292869e3b942f4d307bbc42d7a8640247958a47d6fe918774a
/Users/gokulmallabathula/deep-fake/datasets/raw/Celeb-Youtube-fake/3603.mp4,1,,Celeb-Youtube-fake,Celeb-Youtube-fake:3603,2e8d5faca281531b042e97dd64d5fdf5dbd80cc0949cdab39f97d796def9e2a7
/Users/gokulmallabathula/deep-fake/datasets/raw/Celeb-Youtube-fake/3604.mp4,1,,Celeb-Youtube-fake,Celeb-Youtube-fake:3604,0415789dfad8fdf9d551d748c7250ecc46958147460ab745c3ebe80a9fdd796f
/Users/gokulmallabathula/deep-fake/datasets/raw/Celeb-Youtube-fake/3607.mp4,1,,Celeb-Youtube-fake,Celeb-Youtube-fake:3607,ea0c8027fb0def9741ed17b2809bc0c3d76aecfd55a343c695fdbbecee8df601
/Users/gokulmallabathula/deep-fake/datasets/raw/Celeb-Youtube-fake/3608.mp4,1,,Celeb-Youtube-fake,Celeb-Youtube-fake:3608,4beb8eed874905d9f9d8ddd534564a2f299dd50c00384932a25ab105b48923dd
/Users/gokulmallabathula/deep-fake/datasets/raw/Celeb-Youtube-fake/3609.mp4,1,,Celeb-Youtube-fake,Celeb-Youtube-fake:3609,19599d4f59736b1bc01e559a2702e7da0e1e15d354577b855a308805d86322b2
/Users/gokulmallabathula/deep-fake/datasets/raw/Celeb-Youtube-fake/3610.mp4,1,,Celeb-Youtube-fake,Celeb-Youtube-fake:3610,2ef98a9d760fa188abb0fff5f04c348843aad30268f4c4d1613522e4faafea0d
/Users/gokulmallabathula/deep-fake/datasets/raw/Celeb-Youtube-fake/3611.mp4,1,,Celeb-Youtube-fake,Celeb-Youtube-fake:3611,75bbc7233ac2304f6b968a6a03ccca494791690b3f27f19ec19765bbd0e5ee4d
/Users/gokulmallabathula/deep-fake/datasets/raw/Celeb-Youtube-fake/3612.mp4,1,,Celeb-Youtube-fake,Celeb-Youtube-fake:3612,dda92d6753d752c097db4f6606648bacc6a399a766efbb0eca8cf74e97926699
/Users/gokulmallabathula/deep-fake/datasets/raw/Celeb-Youtube-fake/3614.mp4,1,,Celeb-Youtube-fake,Celeb-Youtube-fake:3614,375b0c5d4594f41614497b9d36e7f354c666f387f0934ccba29a4d24d607e2a0
/Users/gokulmallabathula/deep-fake/datasets/raw/Celeb-Youtube-fake/3615.mp4,1,,Celeb-Youtube-fake,Celeb-Youtube-fake:3615,18a7cb79cd52b21b8ce4398358d9c98b1124bda9e030df977419a7225ed22d44
/Users/gokulmallabathula/deep-fake/datasets/raw/Celeb-Youtube-fake/3616.mp4,1,,Celeb-Youtube-fake,Celeb-Youtube-fake:3616,a50d33d15d5426c73872a8354db82f185dce93e4ce6cd871bd1e0505e73160cc
/Users/gokulmallabathula/deep-fake/datasets/raw/Celeb-Youtube-fake/3618.mp4,1,,Celeb-Youtube-fake,Celeb-Youtube-fake:3618,e3342fc986d75e4cd8922110fe89340052087b07e5196467e135fc07cce86807
/Users/gokulmallabathula/deep-fake/datasets/raw/Celeb-Youtube-fake/3619.mp4,1,,Celeb-Youtube-fake,Celeb-Youtube-fake:3619,c0f07a245203ae72ee8baf370e4b7b139e16b7d50459408d3ec0099834ff2855
/Users/gokulmallabathula/deep-fake/datasets/raw/Celeb-Youtube-fake/362.mp4,1,,Celeb-Youtube-fake,Celeb-Youtube-fake:362,a688652c7bb1b84b68c31657c1860420b32369dd9bc729c653538b02936ed71e
/Users/gokulmallabathula/deep-fake/datasets/raw/Celeb-Youtube-fake/3620.mp4,1,,Celeb-Youtube-fake,Celeb-Youtube-fake:3620,2918fd9b330ba591a9865f46e7bd471a322cde62f99bf205612b0684aade2ea6
/Users/gokulmallabathula/deep-fake/datasets/raw/Celeb-Youtube-fake/3621.mp4,1,,Celeb-Youtube-fake,Celeb-Youtube-fake:3621,0e41d5f8069ac842fc579e95c18756210c09ff8b73f36f17f9ded3801f7c05b8
/Users/gokulmallabathula/deep-fake/datasets/raw/Celeb-Youtube-fake/3622.mp4,1,,Celeb-Youtube-fake,Celeb-Youtube-fake:3622,b10eb2007dda639a618200fd54b42c771ea1be25fef65e6f1d9285d32d36850a
/Users/gokulmallabathula/deep-fake/datasets/raw/Celeb-Youtube-fake/3623.mp4,1,,Celeb-Youtube-fake,Celeb-Youtube-fake:3623,5b2c45b70a21648a3753545f93621fcbbe0931538f2ba568f62b766460cb87dd
/Users/gokulmallabathula/deep-fake/datasets/raw/Celeb-Youtube-fake/3624.mp4,1,,Celeb-Youtube-fake,Celeb-Youtube-fake:3624,89dff8639824e202b24e63787931aa164ae07ec2d47a3083999ad56171e5a052
/Users/gokulmallabathula/deep-fake/datasets/raw/Celeb-Youtube-fake/3625.mp4,1,,Celeb-Youtube-fake,Celeb-Youtube-fake:3625,83bcaed41723ee6cee465f327030d40269c3cbbb92f6c7e86cbe3278d016db42
/Users/gokulmallabathula/deep-fake/datasets/raw/Celeb-Youtube-fake/3626.mp4,1,,Celeb-Youtube-fake,Celeb-Youtube-fake:3626,a485f51aa6d987380965d6ac230beb9bd528187f6658c74f3a111c1194efcb9f
/Users/gokulmallabathula/deep-fake/datasets/raw/Celeb-Youtube-fake/3627.mp4,1,,Celeb-Youtube-fake,Celeb-Youtube-fake:3627,1ee725fd9d3399bf98df2563728e9b89f8df6e765a0976f71bfd047a13a6d2c3
/Users/gokulmallabathula/deep-fake/datasets/raw/Celeb-Youtube-fake/3628.mp4,1,,Celeb-Youtube-fake,Celeb-Youtube-fake:3628,ce73d0d67843b85778a89deaf68dbc9e0501f3fad902c7d7b2936eaddd7d7944
/Users/gokulmallabathula/deep-fake/datasets/raw/Celeb-Youtube-fake/3629.mp4,1,,Celeb-Youtube-fake,Celeb-Youtube-fake:3629,c10c88b80172339cddb1e5ad36249a17d8a1f763b616bcbe734d6f06ad4f17bd
/Users/gokulmallabathula/deep-fake/datasets/raw/Celeb-Youtube-fake/363.mp4,1,,Celeb-Youtube-fake,Celeb-Youtube-fake:363,c0c2aa2020daf18856b84a3b63cac07532bb4e5781421a28ec285e24033445c5
/Users/gokulmallabathula/deep-fake/datasets/raw/Celeb-Youtube-fake/3631.mp4,1,,Celeb-Youtube-fake,Celeb-Youtube-fake:3631,04b2c164086e4b58ddf8d69320a0d19e69f62a2ca3bf88c4c7a019cf08ef6bdc
/Users/gokulmallabathula/deep-fake/datasets/raw/Celeb-Youtube-fake/3632.mp4,1,,Celeb-Youtube-fake,Celeb-Youtube-fake:3632,60c6ed2aad9f02053299e83703c2b9e8af57bf8ebd4d2997c4c6e974287fae23
/Users/gokulmallabathula/deep-fake/datasets/raw/Celeb-Youtube-fake/3633.mp4,1,,Celeb-Youtube-fake,Celeb-Youtube-fake:3633,1b1588f4e6153933c8c5ba1e4ba69d3c4dc82a32280a239bfe0fa0f10577d0ac
/Users/gokulmallabathula/deep-fake/datasets/raw/Celeb-Youtube-fake/3634.mp4,1,,Celeb-Youtube-fake,Celeb-Youtube-fake:3634,8a6305fbbf6a24d53d56e52ef2b97818cd0c00f88558019b0cc4210dc380cee0
/Users/gokulmallabathula/deep-fake/datasets/raw/Celeb-Youtube-fake/3635.mp4,1,,Celeb-Youtube-fake,Celeb-Youtube-fake:3635,2bc8c5ecff802e2310befa807244a8272ebe329b1210e78a67268a7fc8445a80
/Users/gokulmallabathula/deep-fake/datasets/raw/Celeb-Youtube-fake/3637.mp4,1,,Celeb-Youtube-fake,Celeb-Youtube-fake:3637,71b045bf7607baea2ba0cc3fa1d411fde45c6905d83ef7b0b3ba6652094901a9
/Users/gokulmallabathula/deep-fake/datasets/raw/Celeb-Youtube-fake/3638.mp4,1,,Celeb-Youtube-fake,Celeb-Youtube-fake:3638,cc312c72c1ddd5912abefe3a4464acb6360cea4dfa37ba6385de1038534ceda7
/Users/gokulmallabathula/deep-fake/datasets/raw/Celeb-Youtube-fake/364.mp4,1,,Celeb-Youtube-fake,Celeb-Youtube-fake:364,4f2a74089190d90c3f546762785651edf70907c3545c017e9c7d7768bf32c20e
/Users/gokulmallabathula/deep-fake/datasets/raw/Celeb-Youtube-fake/3641.mp4,1,,Celeb-Youtube-fake,Celeb-Youtube-fake:3641,00a8bfc150e05008079306759467161c5aedad90550e75cdc556c7c7b468aa50
/Users/gokulmallabathula/deep-fake/datasets/raw/Celeb-Youtube-fake/3643.mp4,1,,Celeb-Youtube-fake,Celeb-Youtube-fake:3643,3a2ce35346da31544749099166fc814265d8f110ab88326ee95f4e735dcfa02b
/Users/gokulmallabathula/deep-fake/datasets/raw/Celeb-Youtube-fake/3645.mp4,1,,Celeb-Youtube-fake,Celeb-Youtube-fake:3645,7a22c656939b23829f97ad8ae11fafc60e997e568937847e999a8347bb067ae6
/Users/gokulmallabathula/deep-fake/datasets/raw/Celeb-Youtube-fake/3646.mp4,1,,Celeb-Youtube-fake,Celeb-Youtube-fake:3646,4f0b5c787ec330b96f3013792c4f617928161868e4650b31e72d20524310fd3e
/Users/gokulmallabathula/deep-fake/datasets/raw/Celeb-Youtube-fake/3647.mp4,1,,Celeb-Youtube-fake,Celeb-Youtube-fake:3647,21cf3e75e6694ce03807626c7e9ac3a67c74cf709610b9b00a9cb7510e1afec9
/Users/gokulmallabathula/deep-fake/datasets/raw/Celeb-Youtube-fake/3648.mp4,1,,Celeb-Youtube-fake,Celeb-Youtube-fake:3648,6c883672cc16164458e108d0e7deec685a2208d963d8d75aa6655241ab3b3c6b
/Users/gokulmallabathula/deep-fake/datasets/raw/Celeb-Youtube-fake/3649.mp4,1,,Celeb-Youtube-fake,Celeb-Youtube-fake:3649,bc24d60875ed33cc54237ad8dadc9d134d99bd17d40a5c35d43a3dcdd2e78642
/Users/gokulmallabathula/deep-fake/datasets/raw/Celeb-Youtube-fake/365.mp4,1,,Celeb-Youtube-fake,Celeb-Youtube-fake:365,2a6e02b7fe4c3359b25f56083c9bebf47eb87f89e83764851c598240d68521d7
/Users/gokulmallabathula/deep-fake/datasets/raw/Celeb-Youtube-fake/3650.mp4,1,,Celeb-Youtube-fake,Celeb-Youtube-fake:3650,923835e0220289a63a67568ea4967595f62e0b060e880641d2156a8cd1842ac0
/Users/gokulmallabathula/deep-fake/datasets/raw/Celeb-Youtube-fake/3651.mp4,1,,Celeb-Youtube-fake,Celeb-Youtube-fake:3651,49f276df82d144841902b2a3dcaba73e4a7fd34c7666390de439cde68f33df63
/Users/gokulmallabathula/deep-fake/datasets/raw/Celeb-Youtube-fake/3652.mp4,1,,Celeb-Youtube-fake,Celeb-Youtube-fake:3652,3bfceb22fdc4c867cd039f962a71b9502ec21e2c6c82bd166d850d75ba4d165b
/Users/gokulmallabathula/deep-fake/datasets/raw/Celeb-Youtube-fake/3653.mp4,1,,Celeb-Youtube-fake,Celeb-Youtube-fake:3653,e9cfcc4104984fd16011c8b247dac43b575b684e96c14e95dcc332f887214baf
/Users/gokulmallabathula/deep-fake/datasets/raw/Celeb-Youtube-fake/3654.mp4,1,,Celeb-Youtube-fake,Celeb-Youtube-fake:3654,a002a2c5ceb373e32b2dec8d91549ddb5c84a8600b891cf537488c2524ccde47
/Users/gokulmallabathula/deep-fake/datasets/raw/Celeb-Youtube-fake/3657.mp4,1,,Celeb-Youtube-fake,Celeb-Youtube-fake:3657,76825a948a7a6582a46124aa65fbb61bd39b78dcf75afcaa10f7f1e333cc46e2
/Users/gokulmallabathula/deep-fake/datasets/raw/Celeb-Youtube-fake/366.mp4,1,,Celeb-Youtube-fake,Celeb-Youtube-fake:366,ed3a78cbfaabb981e5599a6038012436cb85022b23a353f878240c8e20a09afa
/Users/gokulmallabathula/deep-fake/datasets/raw/Celeb-Youtube-fake/3660.mp4,1,,Celeb-Youtube-fake,Celeb-Youtube-fake:3660,4e238335d97c24dac787f038a68e7a23ff9ffd53719c41759773eee88426493f
/Users/gokulmallabathula/deep-fake/datasets/raw/Celeb-Youtube-fake/3661.mp4,1,,Celeb-Youtube-fake,Celeb-Youtube-fake:3661,0d990875e7da98e1b22eacb2cdb912108dc05b5096ce7d81d13633edfc61c4bc
/Users/gokulmallabathula/deep-fake/datasets/raw/Celeb-Youtube-fake/3662.mp4,1,,Celeb-Youtube-fake,Celeb-Youtube-fake:3662,f316c58bd4b90c275bc4b947fbdf19b193e0419942fb2a03228caad9983e09c5
/Users/gokulmallabathula/deep-fake/datasets/raw/Celeb-Youtube-fake/3663.mp4,1,,Celeb-Youtube-fake,Celeb-Youtube-fake:3663,a7c146c3e1d8cec8dbf1f9368c0c927d036a7991c67ba403e7048aa1c36b09a2
/Users/gokulmallabathula/deep-fake/datasets/raw/Celeb-Youtube-fake/3666.mp4,1,,Celeb-Youtube-fake,Celeb-Youtube-fake:3666,13731dd2c6f21946e77373e428e3e8b5b2f32aa6f40b2d91ad68cf6675878a5b
/Users/gokulmallabathula/deep-fake/datasets/raw/Celeb-Youtube-fake/3668.mp4,1,,Celeb-Youtube-fake,Celeb-Youtube-fake:3668,a3f8aa6a7e6e636eaea854e5e92abe0bb5f32a3811c6541905cbf7598a2b5eed
/Users/gokulmallabathula/deep-fake/datasets/raw/Celeb-Youtube-fake/367.mp4,1,,Celeb-Youtube-fake,Celeb-Youtube-fake:367,b56927e735caeb46a8d450f0509bf6db82908a8f2d8078b9c675a5bcfcdcf39b
/Users/gokulmallabathula/deep-fake/datasets/raw/Celeb-Youtube-fake/3670.mp4,1,,Celeb-Youtube-fake,Celeb-Youtube-fake:3670,8b9371a4113b0ac0606f2379363ca868293ea3dbd6801c1a6381d30626455acc
/Users/gokulmallabathula/deep-fake/datasets/raw/Celeb-Youtube-fake/3671.mp4,1,,Celeb-Youtube-fake,Celeb-Youtube-fake:3671,311ddeed15ad4a59ff17b92fa6feaac95f68f07ab1d00df381a66d8038d1ba02
/Users/gokulmallabathula/deep-fake/datasets/raw/Celeb-Youtube-fake/3673.mp4,1,,Celeb-Youtube-fake,Celeb-Youtube-fake:3673,5c9a5c1ad35353592ed9fd8f13c7a3f77896c6d22f3c906ceb7e8d7028014a15
/Users/gokulmallabathula/deep-fake/datasets/raw/Celeb-Youtube-fake/3675.mp4,1,,Celeb-Youtube-fake,Celeb-Youtube-fake:3675,ca2c969a7cf9be80efdbf6271947aec4a34d929ec338e719932279d215d94bfd
/Users/gokulmallabathula/deep-fake/datasets/raw/Celeb-Youtube-fake/3676.mp4,1,,Celeb-Youtube-fake,Celeb-Youtube-fake:3676,d786852f3e20a3e8aabd2118f784a7cd0bfeda68022fd477cc251db026976fda
/Users/gokulmallabathula/deep-fake/datasets/raw/Celeb-Youtube-fake/3677.mp4,1,,Celeb-Youtube-fake,Celeb-Youtube-fake:3677,d27bc67d8463b7e6c52b595e49592c2f186b429c483904f6a6b5da64ba1f4334
/Users/gokulmallabathula/deep-fake/datasets/raw/Celeb-Youtube-fake/3678.mp4,1,,Celeb-Youtube-fake,Celeb-Youtube-fake:3678,a6e9cff98ae5431cb0cb9b788744e1fbc2286ab193f6c3d3d95ba9a93021713d
/Users/gokulmallabathula/deep-fake/datasets/raw/Celeb-Youtube-fake/3679.mp4,1,,Celeb-Youtube-fake,Celeb-Youtube-fake:3679,eeb677930f2f7c6ef7d1c69b5c782505c163731748f1c5dd11c1defea133db62
/Users/gokulmallabathula/deep-fake/datasets/raw/Celeb-Youtube-fake/3680.mp4,1,,Celeb-Youtube-fake,Celeb-Youtube-fake:3680,ba8650ac06c3822f3821e769b2a45964249ce4c289dbb26c6d91d203be2d29f8
/Users/gokulmallabathula/deep-fake/datasets/raw/Celeb-Youtube-fake/3681.mp4,1,,Celeb-Youtube-fake,Celeb-Youtube-fake:3681,b63b1ed95ec5055c1ae446b6cbf04b94237c1dea498ea061f6033868806e8bc6
/Users/gokulmallabathula/deep-fake/datasets/raw/Celeb-Youtube-fake/3682.mp4,1,,Celeb-Youtube-fake,Celeb-Youtube-fake:3682,d3837819722a0eea8f7c704abbe759502882c1434edb792932362bdc02d35acb
/Users/gokulmallabathula/deep-fake/datasets/raw/Celeb-Youtube-fake/3684.mp4,1,,Celeb-Youtube-fake,Celeb-Youtube-fake:3684,e83f3baf8e7e7e4fed6d27c6c780983fca9f12e0e3e2d3cf9cb2498221b29441
/Users/gokulmallabathula/deep-fake/datasets/raw/Celeb-Youtube-fake/3685.mp4,1,,Celeb-Youtube-fake,Celeb-Youtube-fake:3685,29aaa1b918fb776c5017724daffb847db85b25d38b03c3a89ed844bba1736e77
/Users/gokulmallabathula/deep-fake/datasets/raw/Celeb-Youtube-fake/3686.mp4,1,,Celeb-Youtube-fake,Celeb-Youtube-fake:3686,1297be8714d7fa90d3a335e2197a27b5e04d6b9e99e023ea072374ddb290c60e
/Users/gokulmallabathula/deep-fake/datasets/raw/Celeb-Youtube-fake/3689.mp4,1,,Celeb-Youtube-fake,Celeb-Youtube-fake:3689,51fc063fd1df3dc66fbfbbb244f847f08cab235a85b3a1994ab72bb210179b85
/Users/gokulmallabathula/deep-fake/datasets/raw/Celeb-Youtube-fake/369.mp4,1,,Celeb-Youtube-fake,Celeb-Youtube-fake:369,d5a1041cbe387ad050c337dbaf77712e57817b6dea4c510c4b87cf4559e01cc1
/Users/gokulmallabathula/deep-fake/datasets/raw/Celeb-Youtube-fake/3690.mp4,1,,Celeb-Youtube-fake,Celeb-Youtube-fake:3690,194829862d1f75c8865b47d6c40f6912e1c8f63f5e7df2e1783e52e2c70c7d73
/Users/gokulmallabathula/deep-fake/datasets/raw/Celeb-Youtube-fake/3691.mp4,1,,Celeb-Youtube-fake,Celeb-Youtube-fake:3691,b44ad07ab279c0a3ceb17d8797034b3ae7197b97bcbdf11bd66a3c0690ec85ae
/Users/gokulmallabathula/deep-fake/datasets/raw/Celeb-Youtube-fake/3692.mp4,1,,Celeb-Youtube-fake,Celeb-Youtube-fake:3692,17740c8f287bfef994ec9d9414c807d978dc944355c99cdddf2ebf2f837d04a1
/Users/gokulmallabathula/deep-fake/datasets/raw/Celeb-Youtube-fake/3693.mp4,1,,Celeb-Youtube-fake,Celeb-Youtube-fake:3693,4766a04abb574c71df558db209997484d1c978cd7b1db9fd14375eac930c39b8
/Users/gokulmallabathula/deep-fake/datasets/raw/Celeb-Youtube-fake/3694.mp4,1,,Celeb-Youtube-fake,Celeb-Youtube-fake:3694,9ea6278b4e5f1079d7155bbb782740045672ad8c788903ee8910dc38cfa5aa19
/Users/gokulmallabathula/deep-fake/datasets/raw/Celeb-Youtube-fake/3697.mp4,1,,Celeb-Youtube-fake,Celeb-Youtube-fake:3697,87f2149cc251f3df10111aa1210a0f98f9bc7613d0d2d610c85f10a864eaa02b
/Users/gokulmallabathula/deep-fake/datasets/raw/Celeb-Youtube-fake/3698.mp4,1,,Celeb-Youtube-fake,Celeb-Youtube-fake:3698,d681dbd6ea0c770b4c43640e31254f04615c6ad1a65f341a1439b31b4f680b22
/Users/gokulmallabathula/deep-fake/datasets/raw/Celeb-Youtube-fake/3699.mp4,1,,Celeb-Youtube-fake,Celeb-Youtube-fake:3699,3a56f7c9e75c16d004f0b2a991a2cb896d3bb10c0be09134e9337cf54d2847c5
/Users/gokulmallabathula/deep-fake/datasets/raw/Celeb-Youtube-fake/37.mp4,1,,Celeb-Youtube-fake,Celeb-Youtube-fake:37,e7a910e8c14211fa4b1ff085f2c2b5f7174961d3cca3f28e69f94a43d958c646
/Users/gokulmallabathula/deep-fake/datasets/raw/Celeb-Youtube-fake/370.mp4,1,,Celeb-Youtube-fake,Celeb-Youtube-fake:370,3b7e617374ed2cb0fd3752fc1fd0a721d582ddb205361b18f8efaddbd8eb80b2
/Users/gokulmallabathula/deep-fake/datasets/raw/Celeb-Youtube-fake/3700.mp4,1,,Celeb-Youtube-fake,Celeb-Youtube-fake:3700,874e3ba58552671dc8ca0716703f1067fa34f3569e37bb63b00c199a4681024a
/Users/gokulmallabathula/deep-fake/datasets/raw/Celeb-Youtube-fake/3701.mp4,1,,Celeb-Youtube-fake,Celeb-Youtube-fake:3701,4b057e29c073f6f6f06cbb8dcdc970a956ae256f434ea0808f6face726ed8a3c
/Users/gokulmallabathula/deep-fake/datasets/raw/Celeb-Youtube-fake/3702.mp4,1,,Celeb-Youtube-fake,Celeb-Youtube-fake:3702,7b7305575f9b69eded3038614e86bbb8265b0ac60ffb60e64d6636a4c8046ea9
/Users/gokulmallabathula/deep-fake/datasets/raw/Celeb-Youtube-fake/3703.mp4,1,,Celeb-Youtube-fake,Celeb-Youtube-fake:3703,71c4a617e1fe9cedb969cd32c19a2efc644daae473499c9b2242f644f08f2912
/Users/gokulmallabathula/deep-fake/datasets/raw/Celeb-Youtube-fake/3704.mp4,1,,Celeb-Youtube-fake,Celeb-Youtube-fake:3704,99d9d99794be3e9f8099d3e9ad40929fab8b9a7199e78e4c289f95764b4e8cc9
/Users/gokulmallabathula/deep-fake/datasets/raw/Celeb-Youtube-fake/3705.mp4,1,,Celeb-Youtube-fake,Celeb-Youtube-fake:3705,86cce529cb523be277c2d324437156b510580952dbfe005cdeee81844c358bc0
/Users/gokulmallabathula/deep-fake/datasets/raw/Celeb-Youtube-fake/3707.mp4,1,,Celeb-Youtube-fake,Celeb-Youtube-fake:3707,9e986d126edcb1b43e289cc526a2abb2aa88c78b882b28dfb7e362d70f4f4f9f
/Users/gokulmallabathula/deep-fake/datasets/raw/Celeb-Youtube-fake/3708.mp4,1,,Celeb-Youtube-fake,Celeb-Youtube-fake:3708,05985543c2bbfa512c1a52b301ea87a67606aebca6d776ae14f94b1912739719
/Users/gokulmallabathula/deep-fake/datasets/raw/Celeb-Youtube-fake/3709.mp4,1,,Celeb-Youtube-fake,Celeb-Youtube-fake:3709,12529cba829ad30466c457688e20da9c09e324ce1e12ee5e378ba83955119560
/Users/gokulmallabathula/deep-fake/datasets/raw/Celeb-Youtube-fake/371.mp4,1,,Celeb-Youtube-fake,Celeb-Youtube-fake:371,6de50a723e7a8fb1d018bcdd0008acab134c8ff0193aee577a2ea32c6fbdb792
/Users/gokulmallabathula/deep-fake/datasets/raw/Celeb-Youtube-fake/3710.mp4,1,,Celeb-Youtube-fake,Celeb-Youtube-fake:3710,d80c3df3c9a710f4e65cd0e60b11007325d6f1ee1ea751aae7970041f4e32f2a
/Users/gokulmallabathula/deep-fake/datasets/raw/Celeb-Youtube-fake/3711.mp4,1,,Celeb-Youtube-fake,Celeb-Youtube-fake:3711,939ce90edb9d717208f3a37d2b68f26d89a89f31f3651c85b0babee5c3b3e908
/Users/gokulmallabathula/deep-fake/datasets/raw/Celeb-Youtube-fake/3712.mp4,1,,Celeb-Youtube-fake,Celeb-Youtube-fake:3712,880f40abc4f9dac8901a5be6c6dd88ca9b0e0c729145de29c41a9f1cad3ff296
/Users/gokulmallabathula/deep-fake/datasets/raw/Celeb-Youtube-fake/3713.mp4,1,,Celeb-Youtube-fake,Celeb-Youtube-fake:3713,29e211a596fa043f57e24892b00c061b655ccc705e52775ed4d8cdb4e7f39ff2
/Users/gokulmallabathula/deep-fake/datasets/raw/Celeb-Youtube-fake/3714.mp4,1,,Celeb-Youtube-fake,Celeb-Youtube-fake:3714,beeee323bd47a029f059ade67cf707d9a1eaa33dfbc117154e6361a794292668
/Users/gokulmallabathula/deep-fake/datasets/raw/Celeb-Youtube-fake/3716.mp4,1,,Celeb-Youtube-fake,Celeb-Youtube-fake:3716,ee2ae7dbd646d73c129d3986ce18a0fad91d5fcd6485b4bbc00e9ba00f145741
/Users/gokulmallabathula/deep-fake/datasets/raw/Celeb-Youtube-fake/3718.mp4,1,,Celeb-Youtube-fake,Celeb-Youtube-fake:3718,80e07d925de91a9bc823ad5351df892ee14b040166fb8843c0a5187ec751ef07
/Users/gokulmallabathula/deep-fake/datasets/raw/Celeb-Youtube-fake/3720.mp4,1,,Celeb-Youtube-fake,Celeb-Youtube-fake:3720,7e838fcd66118f6ee221922b62af0525949c4260d480ad1bf21d098df9e25ec3
/Users/gokulmallabathula/deep-fake/datasets/raw/Celeb-Youtube-fake/3723.mp4,1,,Celeb-Youtube-fake,Celeb-Youtube-fake:3723,7aec74da5558e2481bff959ec7f67523a5403ffa5dc97fbd083107342dfa0212
/Users/gokulmallabathula/deep-fake/datasets/raw/Celeb-Youtube-fake/3724.mp4,1,,Celeb-Youtube-fake,Celeb-Youtube-fake:3724,8ad440fd61e55dbe6d6597c1f66db27cf48ddc7fc550666c43b1031c9be324fe
/Users/gokulmallabathula/deep-fake/datasets/raw/Celeb-Youtube-fake/3725.mp4,1,,Celeb-Youtube-fake,Celeb-Youtube-fake:3725,002c5b415a89730ebed924fcf454068caa14023ab242dde139cc6295698d17ff
/Users/gokulmallabathula/deep-fake/datasets/raw/Celeb-Youtube-fake/3726.mp4,1,,Celeb-Youtube-fake,Celeb-Youtube-fake:3726,d1abbbc3939295407a744a968f7ec14b6dfc7c5c02d75800d049f59fe972df83
/Users/gokulmallabathula/deep-fake/datasets/raw/Celeb-Youtube-fake/3728.mp4,1,,Celeb-Youtube-fake,Celeb-Youtube-fake:3728,6c76b4b19f8119edd9a3ec38c52a419fac94b1657258b7db9e03ae9e3a26fcc4
/Users/gokulmallabathula/deep-fake/datasets/raw/Celeb-Youtube-fake/3729.mp4,1,,Celeb-Youtube-fake,Celeb-Youtube-fake:3729,d5fdf1afa18ced18c1c526c9d1791c32e1e000c5d83daaaa1aa8d980d16d5de1
/Users/gokulmallabathula/deep-fake/datasets/raw/Celeb-Youtube-fake/3730.mp4,1,,Celeb-Youtube-fake,Celeb-Youtube-fake:3730,4bc2d1060b567d9c7ea59b4936c845efbdac17cdf651ee57ec600dcdae8fafb7
/Users/gokulmallabathula/deep-fake/datasets/raw/Celeb-Youtube-fake/3731.mp4,1,,Celeb-Youtube-fake,Celeb-Youtube-fake:3731,4e83d3bf71113d02ebcb9151cd7b8c9345e9d5a5b5b599dbdf3ed4401e90acff
/Users/gokulmallabathula/deep-fake/datasets/raw/Celeb-Youtube-fake/3732.mp4,1,,Celeb-Youtube-fake,Celeb-Youtube-fake:3732,309872d7680fa817f0a650ef5dab6d48855bba2e8e2c7ae145be16bf914fc9d8
/Users/gokulmallabathula/deep-fake/datasets/raw/Celeb-Youtube-fake/3734.mp4,1,,Celeb-Youtube-fake,Celeb-Youtube-fake:3734,f61e251dfc7729104da730853f50c042634cb352e3abc206eec667be77034f97
/Users/gokulmallabathula/deep-fake/datasets/raw/Celeb-Youtube-fake/3735.mp4,1,,Celeb-Youtube-fake,Celeb-Youtube-fake:3735,becc715ae5993a16ce63a042ed313577c162c31db326ac9fadaa421c5b9754d9
/Users/gokulmallabathula/deep-fake/datasets/raw/Celeb-Youtube-fake/3736.mp4,1,,Celeb-Youtube-fake,Celeb-Youtube-fake:3736,2098596068996a45fbc16408c9dca1d4c89a661dc54f1ac6f6de3c06743691a1
/Users/gokulmallabathula/deep-fake/datasets/raw/Celeb-Youtube-fake/3738.mp4,1,,Celeb-Youtube-fake,Celeb-Youtube-fake:3738,07cf651f76ee934b3ef27a939c99c9059f214ac4e1c1d80a65479fdd78dbc75b
/Users/gokulmallabathula/deep-fake/datasets/raw/Celeb-Youtube-fake/3739.mp4,1,,Celeb-Youtube-fake,Celeb-Youtube-fake:3739,b2191dd43be2bdb1fdb46296d0b895915d1cb184e0e85777debf6839a84a94c0
/Users/gokulmallabathula/deep-fake/datasets/raw/Celeb-Youtube-fake/374.mp4,1,,Celeb-Youtube-fake,Celeb-Youtube-fake:374,d452bc9e96bb02bd794767821a575d8829290e01e1b494c251d806526d0c372c
/Users/gokulmallabathula/deep-fake/datasets/raw/Celeb-Youtube-fake/3740.mp4,1,,Celeb-Youtube-fake,Celeb-Youtube-fake:3740,f1ab7450dd048bc6c4c838301e262294c84185893a07471aff60ed3d4a4ccd92
/Users/gokulmallabathula/deep-fake/datasets/raw/Celeb-Youtube-fake/3741.mp4,1,,Celeb-Youtube-fake,Celeb-Youtube-fake:3741,4b223aacb8dc264c0922ea26341094596519df318a685b2de9c809aefc07186a
/Users/gokulmallabathula/deep-fake/datasets/raw/Celeb-Youtube-fake/3743.mp4,1,,Celeb-Youtube-fake,Celeb-Youtube-fake:3743,d1ead83fbdbb9bb9d4c4476627f35a2312aba04eb34cf0fc357ea55003739731
/Users/gokulmallabathula/deep-fake/datasets/raw/Celeb-Youtube-fake/3744.mp4,1,,Celeb-Youtube-fake,Celeb-Youtube-fake:3744,d27514074edea1c7fd711e1f7cc314afca99d811e2a93260fc979fa37f5a3e4a
/Users/gokulmallabathula/deep-fake/datasets/raw/Celeb-Youtube-fake/3745.mp4,1,,Celeb-Youtube-fake,Celeb-Youtube-fake:3745,4f8ae4ad3b7592b2769dea2efe69223fb39d701af977e9638ff2a0a8a90d68e7
/Users/gokulmallabathula/deep-fake/datasets/raw/Celeb-Youtube-fake/3746.mp4,1,,Celeb-Youtube-fake,Celeb-Youtube-fake:3746,c26a7cf5671c09a6fa208e08f3a58f6dec96178f8bffb898d34131bfa4d8c8fa
/Users/gokulmallabathula/deep-fake/datasets/raw/Celeb-Youtube-fake/3748.mp4,1,,Celeb-Youtube-fake,Celeb-Youtube-fake:3748,18260bb28588b982109506f2de81cbb90ac3fd08da235c5e3489f0eda28b04f1
/Users/gokulmallabathula/deep-fake/datasets/raw/Celeb-Youtube-fake/375.mp4,1,,Celeb-Youtube-fake,Celeb-Youtube-fake:375,2890a330ef7a544fad3f2c00e7b7884ca941b63883840f999fdd9ad8758a1a3a
/Users/gokulmallabathula/deep-fake/datasets/raw/Celeb-Youtube-fake/3750.mp4,1,,Celeb-Youtube-fake,Celeb-Youtube-fake:3750,c45f363be2e6006c1fa694c325547526adbd403bbb6b69408989da28af54d597
/Users/gokulmallabathula/deep-fake/datasets/raw/Celeb-Youtube-fake/3752.mp4,1,,Celeb-Youtube-fake,Celeb-Youtube-fake:3752,4cdab76361f0bbfcc188c63222a0359646ad847413a9a079a71a76af08ad3290
/Users/gokulmallabathula/deep-fake/datasets/raw/Celeb-Youtube-fake/3753.mp4,1,,Celeb-Youtube-fake,Celeb-Youtube-fake:3753,ec22b2eacd52a1a8c6fb959b4664b1ea6696de85153fd02a973efc1be3b6864b
/Users/gokulmallabathula/deep-fake/datasets/raw/Celeb-Youtube-fake/3754.mp4,1,,Celeb-Youtube-fake,Celeb-Youtube-fake:3754,a4602ced4bef43c8f42474494327e885b26dcdc3c3e51b0c23239967d98711ea
/Users/gokulmallabathula/deep-fake/datasets/raw/Celeb-Youtube-fake/3756.mp4,1,,Celeb-Youtube-fake,Celeb-Youtube-fake:3756,d54ad55bce47dc0e7eb1214d1df1e69bbb772ff61711be7266669e339df172f4
/Users/gokulmallabathula/deep-fake/datasets/raw/Celeb-Youtube-fake/3757.mp4,1,,Celeb-Youtube-fake,Celeb-Youtube-fake:3757,c9c925bb941f5b717a7cfd2a571526f4e2718c5d71bf8a6887e7d7f89370afd2
/Users/gokulmallabathula/deep-fake/datasets/raw/Celeb-Youtube-fake/3758.mp4,1,,Celeb-Youtube-fake,Celeb-Youtube-fake:3758,fdcb961574a68e92e07fca5716f5a85558255f5faec2950cc890f7b914003981
/Users/gokulmallabathula/deep-fake/datasets/raw/Celeb-Youtube-fake/3759.mp4,1,,Celeb-Youtube-fake,Celeb-Youtube-fake:3759,eb1f647b02b35030e612298f16e051162342cbd6319667df21f42946193551e6
/Users/gokulmallabathula/deep-fake/datasets/raw/Celeb-Youtube-fake/376.mp4,1,,Celeb-Youtube-fake,Celeb-Youtube-fake:376,2ed3ae0f8a5bd0da95116171f4a54bd1f278ef60f1d93a561aac6f865db511ac
/Users/gokulmallabathula/deep-fake/datasets/raw/Celeb-Youtube-fake/3760.mp4,1,,Celeb-Youtube-fake,Celeb-Youtube-fake:3760,62a2a3cbfe25026d20b96b4c476494737abd948dbdf7a3c54411f27e8b72ae2e
/Users/gokulmallabathula/deep-fake/datasets/raw/Celeb-Youtube-fake/3762.mp4,1,,Celeb-Youtube-fake,Celeb-Youtube-fake:3762,5db481ad760ecaa68abca866cff13353c36234d509fe9411745817d9ed225ae1
/Users/gokulmallabathula/deep-fake/datasets/raw/Celeb-Youtube-fake/3763.mp4,1,,Celeb-Youtube-fake,Celeb-Youtube-fake:3763,58c11088cff997b0218332f940bbcdc61887be45ae1ab77823c10b413c758dd6
/Users/gokulmallabathula/deep-fake/datasets/raw/Celeb-Youtube-fake/3766.mp4,1,,Celeb-Youtube-fake,Celeb-Youtube-fake:3766,e6063c56f26f290b7ba6131e55a029a469e64d65bc9a89fafa0cdaa348db9868
/Users/gokulmallabathula/deep-fake/datasets/raw/Celeb-Youtube-fake/3767.mp4,1,,Celeb-Youtube-fake,Celeb-Youtube-fake:3767,fe82dc6fda374d540e60b60f29231306269ecd7da35e27674ace95b814d11655
/Users/gokulmallabathula/deep-fake/datasets/raw/Celeb-Youtube-fake/3768.mp4,1,,Celeb-Youtube-fake,Celeb-Youtube-fake:3768,2570d791d37f83e0abb3513359a8018caa9af37d01342d41bcdc2d3b0ebb80cf
/Users/gokulmallabathula/deep-fake/datasets/raw/Celeb-Youtube-fake/3769.mp4,1,,Celeb-Youtube-fake,Celeb-Youtube-fake:3769,0d05bc3b55ffe8aae8b8bb4e6e6b9d6fb42a0e846379344a275bc04ec026d859
/Users/gokulmallabathula/deep-fake/datasets/raw/Celeb-Youtube-fake/377.mp4,1,,Celeb-Youtube-fake,Celeb-Youtube-fake:377,95855cb03028db42f1e0314de39133244a02e666489113d1a05503bc5dea69b6
/Users/gokulmallabathula/deep-fake/datasets/raw/Celeb-Youtube-fake/3770.mp4,1,,Celeb-Youtube-fake,Celeb-Youtube-fake:3770,c038e80cb42c64540e750d857e95c0456e4f59db5c7ed91fc0e06183bdda158e
/Users/gokulmallabathula/deep-fake/datasets/raw/Celeb-Youtube-fake/3771.mp4,1,,Celeb-Youtube-fake,Celeb-Youtube-fake:3771,d6c114c07dc3f093b39e96f3963aade4af7b61770b6876f3e6719366ae3cfbf8
/Users/gokulmallabathula/deep-fake/datasets/raw/Celeb-Youtube-fake/3772.mp4,1,,Celeb-Youtube-fake,Celeb-Youtube-fake:3772,99a5b98ac502c30ebfc159604c1a1340838c38e545f1f5b69aa95f5bf07e5d47
/Users/gokulmallabathula/deep-fake/datasets/raw/Celeb-Youtube-fake/3773.mp4,1,,Celeb-Youtube-fake,Celeb-Youtube-fake:3773,94928969b83dded7ca7885ba9c9586feeb64711c82e611d1dd9b463d8158c352
/Users/gokulmallabathula/deep-fake/datasets/raw/Celeb-Youtube-fake/3774.mp4,1,,Celeb-Youtube-fake,Celeb-Youtube-fake:3774,ecfac91fe064df3d3d97e03119678626db20c442d7fd5dadbacc7c1a7c38bdaf
/Users/gokulmallabathula/deep-fake/datasets/raw/Celeb-Youtube-fake/3775.mp4,1,,Celeb-Youtube-fake,Celeb-Youtube-fake:3775,9df4bce87ac377c7ee71c50681f20405dd51a07159f2122c2780503a28c04541
/Users/gokulmallabathula/deep-fake/datasets/raw/Celeb-Youtube-fake/3776.mp4,1,,Celeb-Youtube-fake,Celeb-Youtube-fake:3776,083c0db2b94ace363f88d9fe1b2ade64914a8f1eed9ee469f7cbe1cf1de4d247
/Users/gokulmallabathula/deep-fake/datasets/raw/Celeb-Youtube-fake/3777.mp4,1,,Celeb-Youtube-fake,Celeb-Youtube-fake:3777,b0d16fea0735193ae7891367425e9472b9345d00e6968b786d324b7e0cac1915
/Users/gokulmallabathula/deep-fake/datasets/raw/Celeb-Youtube-fake/3778.mp4,1,,Celeb-Youtube-fake,Celeb-Youtube-fake:3778,7f012f27a332c7aef215acac1c7ce69bfd049439577e37fa9e9a68396f929319
/Users/gokulmallabathula/deep-fake/datasets/raw/Celeb-Youtube-fake/3779.mp4,1,,Celeb-Youtube-fake,Celeb-Youtube-fake:3779,31970388e1ec3691abe0423c008b128ebd6f06d3975e7bbb096e2ce12b8434e6
/Users/gokulmallabathula/deep-fake/datasets/raw/Celeb-Youtube-fake/3780.mp4,1,,Celeb-Youtube-fake,Celeb-Youtube-fake:3780,eb73bb57ac88d8398878a9684a6ee3a67a555b9bf9859ced06df0e9d5f477857
/Users/gokulmallabathula/deep-fake/datasets/raw/Celeb-Youtube-fake/3782.mp4,1,,Celeb-Youtube-fake,Celeb-Youtube-fake:3782,5174a3fab5dcc1a792dae59991a132b1049e2204c3048d5ed73e45f6e4d8d394
/Users/gokulmallabathula/deep-fake/datasets/raw/Celeb-Youtube-fake/3783.mp4,1,,Celeb-Youtube-fake,Celeb-Youtube-fake:3783,7744c8db6d79ec8127078150401f440cd90e38509c4b3ad6e53c64447d1c1a3a
/Users/gokulmallabathula/deep-fake/datasets/raw/Celeb-Youtube-fake/3784.mp4,1,,Celeb-Youtube-fake,Celeb-Youtube-fake:3784,a9e40ed4d2d980fd11e2a3a0fb66dae328843456554e1574c77fb84bcdf36038
/Users/gokulmallabathula/deep-fake/datasets/raw/Celeb-Youtube-fake/3785.mp4,1,,Celeb-Youtube-fake,Celeb-Youtube-fake:3785,ba8b3bf1696831eb298aa70aa7f18f896ebbb09c0abe1ab71d276331955d9605
/Users/gokulmallabathula/deep-fake/datasets/raw/Celeb-Youtube-fake/3786.mp4,1,,Celeb-Youtube-fake,Celeb-Youtube-fake:3786,c1223aaab787d792622936f357b0b507d4fb95b1f85595992216b9b289091d9a
/Users/gokulmallabathula/deep-fake/datasets/raw/Celeb-Youtube-fake/3787.mp4,1,,Celeb-Youtube-fake,Celeb-Youtube-fake:3787,e6c77fe01f4d7072f2a35abcf61228a159e58d8fd256566aaad58a8d0e3d5eed
/Users/gokulmallabathula/deep-fake/datasets/raw/Celeb-Youtube-fake/3788.mp4,1,,Celeb-Youtube-fake,Celeb-Youtube-fake:3788,3bbe5bd49a63caaa25284ec4bae202fcab407f5cc5555458527498c1799166d3
/Users/gokulmallabathula/deep-fake/datasets/raw/Celeb-Youtube-fake/379.mp4,1,,Celeb-Youtube-fake,Celeb-Youtube-fake:379,d373b386c42129164b41aa2a34dee9a8beca065f4be9d72247a07fc719800fd0
/Users/gokulmallabathula/deep-fake/datasets/raw/Celeb-Youtube-fake/3790.mp4,1,,Celeb-Youtube-fake,Celeb-Youtube-fake:3790,6285f216274f124ae7f97fccc3bdaa1a0c2368bf684e86880af0643c760c5134
/Users/gokulmallabathula/deep-fake/datasets/raw/Celeb-Youtube-fake/3791.mp4,1,,Celeb-Youtube-fake,Celeb-Youtube-fake:3791,7c9c8418a492980c1af301e2ac0d178b5e42ec60b8204fcf20139cce3dd478e0
/Users/gokulmallabathula/deep-fake/datasets/raw/Celeb-Youtube-fake/3794.mp4,1,,Celeb-Youtube-fake,Celeb-Youtube-fake:3794,78a95a852fef30e1cc4de36d591e1dd095f13f2f5a04cd033779561395bf0d93
/Users/gokulmallabathula/deep-fake/datasets/raw/Celeb-Youtube-fake/3795.mp4,1,,Celeb-Youtube-fake,Celeb-Youtube-fake:3795,c40ac295551cee81ef620a79091e01f3ba57ae83162480c0d0f290ecde315a40
/Users/gokulmallabathula/deep-fake/datasets/raw/Celeb-Youtube-fake/3798.mp4,1,,Celeb-Youtube-fake,Celeb-Youtube-fake:3798,cfe8021bcafb1aba2b9a5b338f78e5d16a5471816d0af87bec6143ebd8e50588
/Users/gokulmallabathula/deep-fake/datasets/raw/Celeb-Youtube-fake/3799.mp4,1,,Celeb-Youtube-fake,Celeb-Youtube-fake:3799,d57b7b85e3609e9b2ae43ffd5ea70a49492de28a0ad3ce186cacea9dec7e1a7a
/Users/gokulmallabathula/deep-fake/datasets/raw/Celeb-Youtube-fake/3800.mp4,1,,Celeb-Youtube-fake,Celeb-Youtube-fake:3800,83a2a6c067eea9cdd8c04d45c9b53e5b65c8148327fa415d4c026e86cc8d31de
/Users/gokulmallabathula/deep-fake/datasets/raw/Celeb-Youtube-fake/3801.mp4,1,,Celeb-Youtube-fake,Celeb-Youtube-fake:3801,d16d56cdbf65fe4a5a4709337a719f67985c8658b191a86f1c154da14498c883
/Users/gokulmallabathula/deep-fake/datasets/raw/Celeb-Youtube-fake/3803.mp4,1,,Celeb-Youtube-fake,Celeb-Youtube-fake:3803,51b21f561f98dc3cb8e215309365b3fea2ba41a205eaab97779e735a47f95af7
/Users/gokulmallabathula/deep-fake/datasets/raw/Celeb-Youtube-fake/3804.mp4,1,,Celeb-Youtube-fake,Celeb-Youtube-fake:3804,d68b29da03c0742db25cebc230e6137ed96aa2efa470457aed902690887482e7
/Users/gokulmallabathula/deep-fake/datasets/raw/Celeb-Youtube-fake/3805.mp4,1,,Celeb-Youtube-fake,Celeb-Youtube-fake:3805,bf2bdb79ab07ced95e73130dbde28f300e4d5be3e5c2c6e7d89c44536d3e3fc7
/Users/gokulmallabathula/deep-fake/datasets/raw/Celeb-Youtube-fake/3810.mp4,1,,Celeb-Youtube-fake,Celeb-Youtube-fake:3810,ab819d9bd1f38b895616ec607a6182745de1e7aa2828a36753d649a5379ec405
/Users/gokulmallabathula/deep-fake/datasets/raw/Celeb-Youtube-fake/3812.mp4,1,,Celeb-Youtube-fake,Celeb-Youtube-fake:3812,661cb6614422ca769edabc83e6101bb1de1e0e9ffc76aa99034cab83f8ccb39b
/Users/gokulmallabathula/deep-fake/datasets/raw/Celeb-Youtube-fake/3813.mp4,1,,Celeb-Youtube-fake,Celeb-Youtube-fake:3813,2a345e477fce1268f882d850331042dff78daaadae03ecf48ae43cef713aa4d6
/Users/gokulmallabathula/deep-fake/datasets/raw/Celeb-Youtube-fake/3814.mp4,1,,Celeb-Youtube-fake,Celeb-Youtube-fake:3814,150cc6bbd23e1e163c4c05ed82185cee8f27bcb380e19b5115bf0686ee3f63d7
/Users/gokulmallabathula/deep-fake/datasets/raw/Celeb-Youtube-fake/3816.mp4,1,,Celeb-Youtube-fake,Celeb-Youtube-fake:3816,5e644f11d1c742ffe0aad644fa4c303b61dff6cf4fada6e7812284db2a31acbc
/Users/gokulmallabathula/deep-fake/datasets/raw/Celeb-Youtube-fake/3817.mp4,1,,Celeb-Youtube-fake,Celeb-Youtube-fake:3817,227c007a5aa543571944203fb2a35695b0d68089395a1f69ede008e323d20e09
/Users/gokulmallabathula/deep-fake/datasets/raw/Celeb-Youtube-fake/3819.mp4,1,,Celeb-Youtube-fake,Celeb-Youtube-fake:3819,0e1a56d07ee600b2ffa85cdd1bbf1f6dd047b589e90e4b43efbec01507053374
/Users/gokulmallabathula/deep-fake/datasets/raw/Celeb-Youtube-fake/382.mp4,1,,Celeb-Youtube-fake,Celeb-Youtube-fake:382,f080e43cce76ed888165db6788d3297f31e087d67d396527b446321ead7767ec
/Users/gokulmallabathula/deep-fake/datasets/raw/Celeb-Youtube-fake/3820.mp4,1,,Celeb-Youtube-fake,Celeb-Youtube-fake:3820,a40fb646048a5e43557449609e8b5d72ff517530382c56ae679cc5282d0aec95
/Users/gokulmallabathula/deep-fake/datasets/raw/Celeb-Youtube-fake/3822.mp4,1,,Celeb-Youtube-fake,Celeb-Youtube-fake:3822,4927e665b1f55d54670fe2ea37b9acd3ee750967dfa78399e3096f9b9cd6e87f
/Users/gokulmallabathula/deep-fake/datasets/raw/Celeb-Youtube-fake/3823.mp4,1,,Celeb-Youtube-fake,Celeb-Youtube-fake:3823,4d358174cfc8110cea8194342b336c5349c9933d4db5dcc142e3bbabfd4e3e92
/Users/gokulmallabathula/deep-fake/datasets/raw/Celeb-Youtube-fake/3824.mp4,1,,Celeb-Youtube-fake,Celeb-Youtube-fake:3824,686f21e925d2cbfd91c4f4e751e38d137df6ba381059415355c3af955c110ed0
/Users/gokulmallabathula/deep-fake/datasets/raw/Celeb-Youtube-fake/3825.mp4,1,,Celeb-Youtube-fake,Celeb-Youtube-fake:3825,a40989d954809cc0a24c4fff78b81e9aeb08056be5b89142411858f23ce7b82f
/Users/gokulmallabathula/deep-fake/datasets/raw/Celeb-Youtube-fake/3828.mp4,1,,Celeb-Youtube-fake,Celeb-Youtube-fake:3828,cba2ddf8302ce1c6affbbda95891e6ede4658642ddc7993815bf5d85f37bb6ff
/Users/gokulmallabathula/deep-fake/datasets/raw/Celeb-Youtube-fake/383.mp4,1,,Celeb-Youtube-fake,Celeb-Youtube-fake:383,6145a29636a6fa7245845e0d6ee33d5cd127791163b00348beb8bbe8041b893a
/Users/gokulmallabathula/deep-fake/datasets/raw/Celeb-Youtube-fake/3830.mp4,1,,Celeb-Youtube-fake,Celeb-Youtube-fake:3830,f6843987e932452573471a8963e1713705f32c24f9c71b2cceb63c36e2fbeb9e
/Users/gokulmallabathula/deep-fake/datasets/raw/Celeb-Youtube-fake/3831.mp4,1,,Celeb-Youtube-fake,Celeb-Youtube-fake:3831,05a5d4a6682febd2289b6877334e90228e0e007cce7c4794fb495095c5f9c172
/Users/gokulmallabathula/deep-fake/datasets/raw/Celeb-Youtube-fake/3833.mp4,1,,Celeb-Youtube-fake,Celeb-Youtube-fake:3833,5fe83606b97f4d70e10ff4496dc56bdb70289eba7976d6cd0180922d4f3f466d
/Users/gokulmallabathula/deep-fake/datasets/raw/Celeb-Youtube-fake/3836.mp4,1,,Celeb-Youtube-fake,Celeb-Youtube-fake:3836,b5a2f93cc5f1615a3da135c585013126fd6b3007c5dc8556c788946a2119838c
/Users/gokulmallabathula/deep-fake/datasets/raw/Celeb-Youtube-fake/3837.mp4,1,,Celeb-Youtube-fake,Celeb-Youtube-fake:3837,3239def868f3a1e8540003eacbe9535bcdbd3ee37749e0bc76bd64d5b1c813c0
/Users/gokulmallabathula/deep-fake/datasets/raw/Celeb-Youtube-fake/3839.mp4,1,,Celeb-Youtube-fake,Celeb-Youtube-fake:3839,b75818ff2d7a8e722014f55c90866765da67b27cf83270aecceb32e14a3bc477
/Users/gokulmallabathula/deep-fake/datasets/raw/Celeb-Youtube-fake/384.mp4,1,,Celeb-Youtube-fake,Celeb-Youtube-fake:384,39811407a02d2522f2cd08371372bd8d54fc186b0dddce691a68135912ae92bb
/Users/gokulmallabathula/deep-fake/datasets/raw/Celeb-Youtube-fake/3840.mp4,1,,Celeb-Youtube-fake,Celeb-Youtube-fake:3840,ad57f26f733d47ccbe2c4356ecfaf6656c7e704f6f89adf1e6e84432c7384121
/Users/gokulmallabathula/deep-fake/datasets/raw/Celeb-Youtube-fake/3841.mp4,1,,Celeb-Youtube-fake,Celeb-Youtube-fake:3841,601f86ca5e86443824a00bafd740198016136e2a20b9d002a2a0c5683a6e3fce
/Users/gokulmallabathula/deep-fake/datasets/raw/Celeb-Youtube-fake/3842.mp4,1,,Celeb-Youtube-fake,Celeb-Youtube-fake:3842,8dff6b94e7689d3e4218335165814d9e5db9f11d995d7872c01c71749c98f4b2
/Users/gokulmallabathula/deep-fake/datasets/raw/Celeb-Youtube-fake/3843.mp4,1,,Celeb-Youtube-fake,Celeb-Youtube-fake:3843,acd4c71f0be5d7d43b934aff5d401fcb4ee95cb675641866b3c41509ecfdcf71
/Users/gokulmallabathula/deep-fake/datasets/raw/Celeb-Youtube-fake/3845.mp4,1,,Celeb-Youtube-fake,Celeb-Youtube-fake:3845,c107ae2c019bf3917fd4f63860fe7c6aa9598aaf5d15c9fc107c78bd2ab888e9
/Users/gokulmallabathula/deep-fake/datasets/raw/Celeb-Youtube-fake/3846.mp4,1,,Celeb-Youtube-fake,Celeb-Youtube-fake:3846,656e4a9655059863223dc725871ba3a99f25fbfe288a3ff6f963ef1144e20ab8
/Users/gokulmallabathula/deep-fake/datasets/raw/Celeb-Youtube-fake/3848.mp4,1,,Celeb-Youtube-fake,Celeb-Youtube-fake:3848,12b4c4f8148dca213160ecc06035b32746ab8f5d5cffb058867c9bf1f402e546
/Users/gokulmallabathula/deep-fake/datasets/raw/Celeb-Youtube-fake/3849.mp4,1,,Celeb-Youtube-fake,Celeb-Youtube-fake:3849,06df0555b8eb438b083c4ce062e847106632aced2a73c7d388f0a37a64d2ea37
/Users/gokulmallabathula/deep-fake/datasets/raw/Celeb-Youtube-fake/385.mp4,1,,Celeb-Youtube-fake,Celeb-Youtube-fake:385,a38dab2a8b43c5a7bd81000bad64776115fda07c515dbb60f65dac531705c725
/Users/gokulmallabathula/deep-fake/datasets/raw/Celeb-Youtube-fake/3850.mp4,1,,Celeb-Youtube-fake,Celeb-Youtube-fake:3850,3c1fd02edb9180b7e224b175cda245d58976232ce68ad01bca600ccde93f68f7
/Users/gokulmallabathula/deep-fake/datasets/raw/Celeb-Youtube-fake/3851.mp4,1,,Celeb-Youtube-fake,Celeb-Youtube-fake:3851,fa1d030be7dcabb5df69363724425294b3181457ae0a86114cc102450925f09c
/Users/gokulmallabathula/deep-fake/datasets/raw/Celeb-Youtube-fake/3852.mp4,1,,Celeb-Youtube-fake,Celeb-Youtube-fake:3852,5c43ceeedb9b5a4c662a394e67a8f9f881b884547535fd9022fdee7f76f575a3
/Users/gokulmallabathula/deep-fake/datasets/raw/Celeb-Youtube-fake/3853.mp4,1,,Celeb-Youtube-fake,Celeb-Youtube-fake:3853,b1d10fae61b6c746e72373285e0e84690b1c41b4893412b6af77bdcc06a75792
/Users/gokulmallabathula/deep-fake/datasets/raw/Celeb-Youtube-fake/3854.mp4,1,,Celeb-Youtube-fake,Celeb-Youtube-fake:3854,b96b78e0681fbc9e770f3945fb1db387a8acdbb7940905d2246280ce669d5299
/Users/gokulmallabathula/deep-fake/datasets/raw/Celeb-Youtube-fake/3855.mp4,1,,Celeb-Youtube-fake,Celeb-Youtube-fake:3855,28527cd75f008400fce8e15e89e48feb78d7ca1a434c7cb1c303e2b400a06da5
/Users/gokulmallabathula/deep-fake/datasets/raw/Celeb-Youtube-fake/3856.mp4,1,,Celeb-Youtube-fake,Celeb-Youtube-fake:3856,278ed1f6efcbd1e4e789c5b389adab4b3ea110130c2d0855190d5f57e140e8a9
/Users/gokulmallabathula/deep-fake/datasets/raw/Celeb-Youtube-fake/3857.mp4,1,,Celeb-Youtube-fake,Celeb-Youtube-fake:3857,d9332d20d0503469483b229efe9b92efa79e68c1282c9a65c65f0a62c352960b
/Users/gokulmallabathula/deep-fake/datasets/raw/Celeb-Youtube-fake/3858.mp4,1,,Celeb-Youtube-fake,Celeb-Youtube-fake:3858,a7065418cf931a7173de1b403e78ad75f21659fb82c85e73558ac7aec064da68
/Users/gokulmallabathula/deep-fake/datasets/raw/Celeb-Youtube-fake/3859.mp4,1,,Celeb-Youtube-fake,Celeb-Youtube-fake:3859,e99bca3f34515ddbdd05830a90c36c94f7f92165aa989ea3862ae48f32c30579
/Users/gokulmallabathula/deep-fake/datasets/raw/Celeb-Youtube-fake/3860.mp4,1,,Celeb-Youtube-fake,Celeb-Youtube-fake:3860,c7565a8a63fc382e822f7333c65f8ae0c8c6fcbeb8458a3cf703aee0d4a6ee06
/Users/gokulmallabathula/deep-fake/datasets/raw/Celeb-Youtube-fake/3862.mp4,1,,Celeb-Youtube-fake,Celeb-Youtube-fake:3862,a9aa65ac0802ffdb308e6f57687643a254e3ccbeb1957bdb19ed386599ddd536
/Users/gokulmallabathula/deep-fake/datasets/raw/Celeb-Youtube-fake/3864.mp4,1,,Celeb-Youtube-fake,Celeb-Youtube-fake:3864,b835f6f59f2df5bca3687e1d26a484124e5b61da444339b1d560f2dad036d4ba
/Users/gokulmallabathula/deep-fake/datasets/raw/Celeb-Youtube-fake/3866.mp4,1,,Celeb-Youtube-fake,Celeb-Youtube-fake:3866,55a048b1f0f202c3019f96e77af688a1e583983b51948ccbedf93720cefad7f9
/Users/gokulmallabathula/deep-fake/datasets/raw/Celeb-Youtube-fake/3867.mp4,1,,Celeb-Youtube-fake,Celeb-Youtube-fake:3867,f45f0d1941506a60a09c8149d8eeba90ddb5834f140f2ce674c7103c833d2012
/Users/gokulmallabathula/deep-fake/datasets/raw/Celeb-Youtube-fake/3868.mp4,1,,Celeb-Youtube-fake,Celeb-Youtube-fake:3868,518a9ee8b4213d50ee18ac903bef2d1a175f6ea10b0a47a859374dfdd9189c67
/Users/gokulmallabathula/deep-fake/datasets/raw/Celeb-Youtube-fake/3869.mp4,1,,Celeb-Youtube-fake,Celeb-Youtube-fake:3869,9863fac84522ce5a71918a29cc4d3c36b2014fa1513cbb96395b5dd332b9627b
/Users/gokulmallabathula/deep-fake/datasets/raw/Celeb-Youtube-fake/3871.mp4,1,,Celeb-Youtube-fake,Celeb-Youtube-fake:3871,f14897149f56052a5058fb3daaa7975278fb485834c0cfd65e24037dc15063aa
/Users/gokulmallabathula/deep-fake/datasets/raw/Celeb-Youtube-fake/3872.mp4,1,,Celeb-Youtube-fake,Celeb-Youtube-fake:3872,6879e52e40aafe099edaeab2595b92cd1f6075dbf8244bd07c87a4df81f3e233
/Users/gokulmallabathula/deep-fake/datasets/raw/Celeb-Youtube-fake/3874.mp4,1,,Celeb-Youtube-fake,Celeb-Youtube-fake:3874,62023216f8a47e36ecf26e048aaf71744ae72aeaf1136e9fa47bda18486f0f87
/Users/gokulmallabathula/deep-fake/datasets/raw/Celeb-Youtube-fake/3875.mp4,1,,Celeb-Youtube-fake,Celeb-Youtube-fake:3875,2077b2d31d2f118944d01851037c30a9e8d74a55c7dd1ba4dc3d4fd399f56a7d
/Users/gokulmallabathula/deep-fake/datasets/raw/Celeb-Youtube-fake/3876.mp4,1,,Celeb-Youtube-fake,Celeb-Youtube-fake:3876,96e2d5b2c7e72a98a084322c23d75f4e1b83803d2065f1ddad8b6074b5d77745
/Users/gokulmallabathula/deep-fake/datasets/raw/Celeb-Youtube-fake/3878.mp4,1,,Celeb-Youtube-fake,Celeb-Youtube-fake:3878,f079a2327c8c726e93a5f4c41459c11e6796b2abde3a5421a321dda77a11e462
/Users/gokulmallabathula/deep-fake/datasets/raw/Celeb-Youtube-fake/3879.mp4,1,,Celeb-Youtube-fake,Celeb-Youtube-fake:3879,044770fe4b043ff504826e0b707ab1ecab02ea83ee195d1df587b81f472f1a26
/Users/gokulmallabathula/deep-fake/datasets/raw/Celeb-Youtube-fake/388.mp4,1,,Celeb-Youtube-fake,Celeb-Youtube-fake:388,613c5fb189a8d0d98be77f427d5d3e0603ad3a7b3d353b5424c14547087694d4
/Users/gokulmallabathula/deep-fake/datasets/raw/Celeb-Youtube-fake/3880.mp4,1,,Celeb-Youtube-fake,Celeb-Youtube-fake:3880,0bc69d184345be6573f2ac98d0b7276e700a96595a2c88a4ce86ab8cf2b71d2a
/Users/gokulmallabathula/deep-fake/datasets/raw/Celeb-Youtube-fake/3881.mp4,1,,Celeb-Youtube-fake,Celeb-Youtube-fake:3881,c4d9c175855079fb5f04a16452e255c88097a3ad442da5f2a965c6c50b2ee78b
/Users/gokulmallabathula/deep-fake/datasets/raw/Celeb-Youtube-fake/3882.mp4,1,,Celeb-Youtube-fake,Celeb-Youtube-fake:3882,f12b306ad2f8812343877e2621dacfc788170325cb2b9e1314a3a7c0a6fabb49
/Users/gokulmallabathula/deep-fake/datasets/raw/Celeb-Youtube-fake/3883.mp4,1,,Celeb-Youtube-fake,Celeb-Youtube-fake:3883,790b10541f526083ce243e16e27079d07de43a2983c5bdf4d2ec3b63cf29c3d6
/Users/gokulmallabathula/deep-fake/datasets/raw/Celeb-Youtube-fake/3884.mp4,1,,Celeb-Youtube-fake,Celeb-Youtube-fake:3884,ba5fa4013ac7142efdc856fd6fb56bc9eb459540d5826545a70a6d3a17b6095d
/Users/gokulmallabathula/deep-fake/datasets/raw/Celeb-Youtube-fake/3885.mp4,1,,Celeb-Youtube-fake,Celeb-Youtube-fake:3885,00120d629637af13ac0dbccda0b07a78f7bfb1e613c6cd228a5c6715da6cc138
/Users/gokulmallabathula/deep-fake/datasets/raw/Celeb-Youtube-fake/3886.mp4,1,,Celeb-Youtube-fake,Celeb-Youtube-fake:3886,32462d7d4c921213af6c00c9d60be301cfd30c57de6c41082ce2f9bbb36560db
/Users/gokulmallabathula/deep-fake/datasets/raw/Celeb-Youtube-fake/3887.mp4,1,,Celeb-Youtube-fake,Celeb-Youtube-fake:3887,1ecf80da218e35ab95f3320b957b7acafe41131e686e60d151ec7fd8031c6a83
/Users/gokulmallabathula/deep-fake/datasets/raw/Celeb-Youtube-fake/3888.mp4,1,,Celeb-Youtube-fake,Celeb-Youtube-fake:3888,4b0218a1d375851ed25a3871f9798c52c3ca793eef39e188b071869c548240f3
/Users/gokulmallabathula/deep-fake/datasets/raw/Celeb-Youtube-fake/3889.mp4,1,,Celeb-Youtube-fake,Celeb-Youtube-fake:3889,9391ff3932c1dee2b6a0376fc578705832fe50d5d42f77ba7d998b46716847db
/Users/gokulmallabathula/deep-fake/datasets/raw/Celeb-Youtube-fake/389.mp4,1,,Celeb-Youtube-fake,Celeb-Youtube-fake:389,aa6c9d84f70b1eadb9d4f2e6a19f896a9c480e14485777415f6a492301cde0dc
/Users/gokulmallabathula/deep-fake/datasets/raw/Celeb-Youtube-fake/3890.mp4,1,,Celeb-Youtube-fake,Celeb-Youtube-fake:3890,f1ec6d0df54f846b3d863977f5f7b4884a19cec7651974c145a5938ab97c6653
/Users/gokulmallabathula/deep-fake/datasets/raw/Celeb-Youtube-fake/3891.mp4,1,,Celeb-Youtube-fake,Celeb-Youtube-fake:3891,35858e8969131c228eb4843bd2c5b7cd16d7c89f3a269f9cf85f21d67068957c
/Users/gokulmallabathula/deep-fake/datasets/raw/Celeb-Youtube-fake/3892.mp4,1,,Celeb-Youtube-fake,Celeb-Youtube-fake:3892,9f8aaf5fc7314c773568b1b6c8c1403974f73b1c2e1a7f09d46a45907566cbbe
/Users/gokulmallabathula/deep-fake/datasets/raw/Celeb-Youtube-fake/3893.mp4,1,,Celeb-Youtube-fake,Celeb-Youtube-fake:3893,2e1cf09ffdd400072cbeb8e3ac8e02166c11ea6b7b35322e60ea7e426b120500
/Users/gokulmallabathula/deep-fake/datasets/raw/Celeb-Youtube-fake/3894.mp4,1,,Celeb-Youtube-fake,Celeb-Youtube-fake:3894,4455967026f7395130b7032b54deb4b82e60b41ddd9f474819da813bae76cb8f
/Users/gokulmallabathula/deep-fake/datasets/raw/Celeb-Youtube-fake/3895.mp4,1,,Celeb-Youtube-fake,Celeb-Youtube-fake:3895,b8b3c91c471e677210ff03cf0de846b81eaf3543dbc4eb7bc26cd1514893c9cd
/Users/gokulmallabathula/deep-fake/datasets/raw/Celeb-Youtube-fake/3896.mp4,1,,Celeb-Youtube-fake,Celeb-Youtube-fake:3896,3909ef8b53e35eb658241eba6fa48cc295aa29e2f15d49325e7f805be08ad5e4
/Users/gokulmallabathula/deep-fake/datasets/raw/Celeb-Youtube-fake/3897.mp4,1,,Celeb-Youtube-fake,Celeb-Youtube-fake:3897,28dd9fccd72b4068cb8ddf17aef64be5eabc2a7103f2e6d5546e21255d779436
/Users/gokulmallabathula/deep-fake/datasets/raw/Celeb-Youtube-fake/3898.mp4,1,,Celeb-Youtube-fake,Celeb-Youtube-fake:3898,a883ae8f24ae61d108f1c5b9c7634eb647701de8fb87d09fad0057d05bd8963d
/Users/gokulmallabathula/deep-fake/datasets/raw/Celeb-Youtube-fake/3899.mp4,1,,Celeb-Youtube-fake,Celeb-Youtube-fake:3899,b6a503a040dffa14017df62097f0316dca4339004cf6f7114821ff5bce69284f
/Users/gokulmallabathula/deep-fake/datasets/raw/Celeb-Youtube-fake/39.mp4,1,,Celeb-Youtube-fake,Celeb-Youtube-fake:39,2725d45d275327e7209c4d636fe1a78e0e06278e4d6c12e954c7d242699eaa17
/Users/gokulmallabathula/deep-fake/datasets/raw/Celeb-Youtube-fake/390.mp4,1,,Celeb-Youtube-fake,Celeb-Youtube-fake:390,5019ff896d083db2439023f0d1b6940aafd0b060511ab168ad99ab70f3aae60c
/Users/gokulmallabathula/deep-fake/datasets/raw/Celeb-Youtube-fake/3900.mp4,1,,Celeb-Youtube-fake,Celeb-Youtube-fake:3900,2ea43ea364ee3984198cce8576767e8aca59e929b1ae67fdab946bedb373c104
/Users/gokulmallabathula/deep-fake/datasets/raw/Celeb-Youtube-fake/3901.mp4,1,,Celeb-Youtube-fake,Celeb-Youtube-fake:3901,dd8dde160451f1ac6bcccbcc091914abc5d7a5312142c83aa5e92257d750604d
/Users/gokulmallabathula/deep-fake/datasets/raw/Celeb-Youtube-fake/3903.mp4,1,,Celeb-Youtube-fake,Celeb-Youtube-fake:3903,8e25abdb757d699609304434b0127519e341e6a2226d56d9ddae5eb174ee560f
/Users/gokulmallabathula/deep-fake/datasets/raw/Celeb-Youtube-fake/3904.mp4,1,,Celeb-Youtube-fake,Celeb-Youtube-fake:3904,57706ef67ad050e76c458bbec350849d3bcbc97106dfdd56d75f3d91952b48ab
/Users/gokulmallabathula/deep-fake/datasets/raw/Celeb-Youtube-fake/3905.mp4,1,,Celeb-Youtube-fake,Celeb-Youtube-fake:3905,65e4ef16d82a897e084bb33d72b6cdee1e7a69bef27a3c9e4e646c34f64a46bf
/Users/gokulmallabathula/deep-fake/datasets/raw/Celeb-Youtube-fake/3906.mp4,1,,Celeb-Youtube-fake,Celeb-Youtube-fake:3906,8724c6e60078b3982d4616d7ebf0589bd24b08e70fbc7fdf947d882f229ba21a
/Users/gokulmallabathula/deep-fake/datasets/raw/Celeb-Youtube-fake/3908.mp4,1,,Celeb-Youtube-fake,Celeb-Youtube-fake:3908,b2abd89f3fa192fd5a1582de911ef20752aee0907ad71daca02aa4856fc7bfc9
/Users/gokulmallabathula/deep-fake/datasets/raw/Celeb-Youtube-fake/3909.mp4,1,,Celeb-Youtube-fake,Celeb-Youtube-fake:3909,04cf18a68df65011c1b8d4cbd2d29114ef05da7a12e701b8858894def798d22a
/Users/gokulmallabathula/deep-fake/datasets/raw/Celeb-Youtube-fake/391.mp4,1,,Celeb-Youtube-fake,Celeb-Youtube-fake:391,5c5ca38776a75705b906e13951371ac17d2b89201deec577977ea84dd68c3e13
/Users/gokulmallabathula/deep-fake/datasets/raw/Celeb-Youtube-fake/3910.mp4,1,,Celeb-Youtube-fake,Celeb-Youtube-fake:3910,c8f0cf273e54d509911b98dcc6734c6228f85fc9c8fc46fd1702efa47bab1b8e
/Users/gokulmallabathula/deep-fake/datasets/raw/Celeb-Youtube-fake/3911.mp4,1,,Celeb-Youtube-fake,Celeb-Youtube-fake:3911,897ead2e67790da66a359ee8cbd97fffc3a6d6aaee51925511016bfcd6d84c7f
/Users/gokulmallabathula/deep-fake/datasets/raw/Celeb-Youtube-fake/3912.mp4,1,,Celeb-Youtube-fake,Celeb-Youtube-fake:3912,dd4392b7f17657a79d3b300fcc39bff4989e3b6b2f3d7a49966ba70ce245980f
/Users/gokulmallabathula/deep-fake/datasets/raw/Celeb-Youtube-fake/3913.mp4,1,,Celeb-Youtube-fake,Celeb-Youtube-fake:3913,cdf5a87be5227e54d2427e9b2fc3f943b4c2b1c377ad09ce6fb74737c37e28b9
/Users/gokulmallabathula/deep-fake/datasets/raw/Celeb-Youtube-fake/3914.mp4,1,,Celeb-Youtube-fake,Celeb-Youtube-fake:3914,429984abf0348629a0b81272567f117a206c94aebe792189341c1efac49aaaba
/Users/gokulmallabathula/deep-fake/datasets/raw/Celeb-Youtube-fake/3918.mp4,1,,Celeb-Youtube-fake,Celeb-Youtube-fake:3918,eac37db0613608196ab0b3d6c24197540bfbaba75f886ffc2e95aa2051eb2ca6
/Users/gokulmallabathula/deep-fake/datasets/raw/Celeb-Youtube-fake/3919.mp4,1,,Celeb-Youtube-fake,Celeb-Youtube-fake:3919,3a587e5bed505d578bc98704096883444f027d45b764431d76dafef04c071bfd
/Users/gokulmallabathula/deep-fake/datasets/raw/Celeb-Youtube-fake/392.mp4,1,,Celeb-Youtube-fake,Celeb-Youtube-fake:392,dd23c4d4f88d4eeeb21ffccb32da737260e45eda77fa23cc08c941c190defd0a
/Users/gokulmallabathula/deep-fake/datasets/raw/Celeb-Youtube-fake/3920.mp4,1,,Celeb-Youtube-fake,Celeb-Youtube-fake:3920,e12c518e77b03df9067eaf261888c21d3dd8861660c7ab0502d0b7d2ce37315e
/Users/gokulmallabathula/deep-fake/datasets/raw/Celeb-Youtube-fake/3923.mp4,1,,Celeb-Youtube-fake,Celeb-Youtube-fake:3923,4057be6a98ff817c2ea684fd89f0998b146fda4807d99bb4c0aba811ccd36ba9
/Users/gokulmallabathula/deep-fake/datasets/raw/Celeb-Youtube-fake/3924.mp4,1,,Celeb-Youtube-fake,Celeb-Youtube-fake:3924,0762b2627699299b13a26c04435c9f26e944780de3655326d57d5a83842bac26
/Users/gokulmallabathula/deep-fake/datasets/raw/Celeb-Youtube-fake/3925.mp4,1,,Celeb-Youtube-fake,Celeb-Youtube-fake:3925,ea257bb145b70c1dbca6c521cca255e98c68e9ac1a456414051f8c3ef8786e54
/Users/gokulmallabathula/deep-fake/datasets/raw/Celeb-Youtube-fake/3926.mp4,1,,Celeb-Youtube-fake,Celeb-Youtube-fake:3926,d654496545e79c03cbcdde1ed01b017b371129cee9779d9ad8e7a67f7f00831c
/Users/gokulmallabathula/deep-fake/datasets/raw/Celeb-Youtube-fake/3927.mp4,1,,Celeb-Youtube-fake,Celeb-Youtube-fake:3927,9e09998774bce5d62a28b5121576bc861cb7b2a8bf5d76012a721632cbee74be
/Users/gokulmallabathula/deep-fake/datasets/raw/Celeb-Youtube-fake/393.mp4,1,,Celeb-Youtube-fake,Celeb-Youtube-fake:393,6b4a433ce837d9cfc4779986ec9455ab6db7205467abb93fdaf636b4733aa9c5
/Users/gokulmallabathula/deep-fake/datasets/raw/Celeb-Youtube-fake/3930.mp4,1,,Celeb-Youtube-fake,Celeb-Youtube-fake:3930,565572a11c90d7f44b68cbd616d64ac0e60195e97a4f01edf7eac884e43f0f50
/Users/gokulmallabathula/deep-fake/datasets/raw/Celeb-Youtube-fake/3931.mp4,1,,Celeb-Youtube-fake,Celeb-Youtube-fake:3931,52d39253fe88e4d003d44a4f4086bd4055410fefd06598640879cc2883156ab9
/Users/gokulmallabathula/deep-fake/datasets/raw/Celeb-Youtube-fake/3932.mp4,1,,Celeb-Youtube-fake,Celeb-Youtube-fake:3932,72c87b09ef915c8e41d26b813275d8fb9851372cae37e3c0d9c64193073aa46b
/Users/gokulmallabathula/deep-fake/datasets/raw/Celeb-Youtube-fake/3934.mp4,1,,Celeb-Youtube-fake,Celeb-Youtube-fake:3934,092e8533f2775761ef93085456f08f961e0d0105d35580daf61e08166e25062c
/Users/gokulmallabathula/deep-fake/datasets/raw/Celeb-Youtube-fake/3935.mp4,1,,Celeb-Youtube-fake,Celeb-Youtube-fake:3935,1389d1f91f2d48e345263d6d12821296f836ea7e2aeb85f5e4e117a5b5a463c2
/Users/gokulmallabathula/deep-fake/datasets/raw/Celeb-Youtube-fake/3937.mp4,1,,Celeb-Youtube-fake,Celeb-Youtube-fake:3937,7858d4d4e55d97dca8f87d8ec9e0d08b0e13fea634b2fffd2b1540432eb119af
/Users/gokulmallabathula/deep-fake/datasets/raw/Celeb-Youtube-fake/3938.mp4,1,,Celeb-Youtube-fake,Celeb-Youtube-fake:3938,f53b03362b2ceb261f154082bac40d85a55c27a9b607e364f5912f461cdb321e
/Users/gokulmallabathula/deep-fake/datasets/raw/Celeb-Youtube-fake/3939.mp4,1,,Celeb-Youtube-fake,Celeb-Youtube-fake:3939,a50af4abbee8180c8c6dfff296812cc1bee1dbe5c2da00730bb5a7f7d3f4decf
/Users/gokulmallabathula/deep-fake/datasets/raw/Celeb-Youtube-fake/3940.mp4,1,,Celeb-Youtube-fake,Celeb-Youtube-fake:3940,9a9554d642e13bad6c5b6b8858566d0217a46eb3061ccf810bdea67d75b5ea77
/Users/gokulmallabathula/deep-fake/datasets/raw/Celeb-Youtube-fake/3941.mp4,1,,Celeb-Youtube-fake,Celeb-Youtube-fake:3941,ed7f5709243e30ca0e220da55c5282ccc54093921bf199c5e8d0404c716bebc1
/Users/gokulmallabathula/deep-fake/datasets/raw/Celeb-Youtube-fake/3943.mp4,1,,Celeb-Youtube-fake,Celeb-Youtube-fake:3943,144d72ec54549879d98e6e630842d9fddba011fc1753ea0d60ffb8fe0cdd2bcb
/Users/gokulmallabathula/deep-fake/datasets/raw/Celeb-Youtube-fake/3946.mp4,1,,Celeb-Youtube-fake,Celeb-Youtube-fake:3946,7c0b44c818ba9bd3eed7df6e316c77ea0b24d652bdc746a8a08a2fc2fc0bdb0c
/Users/gokulmallabathula/deep-fake/datasets/raw/Celeb-Youtube-fake/3947.mp4,1,,Celeb-Youtube-fake,Celeb-Youtube-fake:3947,ae796b0b0300b908de516fe81185519e583026b671f6228e32f2e3be013ae723
/Users/gokulmallabathula/deep-fake/datasets/raw/Celeb-Youtube-fake/3948.mp4,1,,Celeb-Youtube-fake,Celeb-Youtube-fake:3948,4cc0de80a931dcb9ccda66ec0b971cb8ad8a94fc567d1a88c60751cafd612afc
/Users/gokulmallabathula/deep-fake/datasets/raw/Celeb-Youtube-fake/3949.mp4,1,,Celeb-Youtube-fake,Celeb-Youtube-fake:3949,19c70776432fa23de545b4dce81853e3a52a468244cec9cf8fab87c90747b649
/Users/gokulmallabathula/deep-fake/datasets/raw/Celeb-Youtube-fake/395.mp4,1,,Celeb-Youtube-fake,Celeb-Youtube-fake:395,81411183e98f1a1ad227968cb9bf799d8dd7581245e13f7ccd3c3a0cb3af0241
/Users/gokulmallabathula/deep-fake/datasets/raw/Celeb-Youtube-fake/3951.mp4,1,,Celeb-Youtube-fake,Celeb-Youtube-fake:3951,51f35ce88a4a92088652f55da0164ac25e8ff2cffc7ed02e0cfe8ff247d86c13
/Users/gokulmallabathula/deep-fake/datasets/raw/Celeb-Youtube-fake/3953.mp4,1,,Celeb-Youtube-fake,Celeb-Youtube-fake:3953,963188c9de83ea09d9a8af080762e8dd3f3e57f0a08c73fc482f4a06cba37e73
/Users/gokulmallabathula/deep-fake/datasets/raw/Celeb-Youtube-fake/3954.mp4,1,,Celeb-Youtube-fake,Celeb-Youtube-fake:3954,cff0f3a88b31647b8b1935f416ba1892f20c573d3c4a9d0d64e334df8e95388b
/Users/gokulmallabathula/deep-fake/datasets/raw/Celeb-Youtube-fake/3957.mp4,1,,Celeb-Youtube-fake,Celeb-Youtube-fake:3957,68bbaec11129fa10235ea0c746488222d934e18d89aa01a4fca2e678a642a961
/Users/gokulmallabathula/deep-fake/datasets/raw/Celeb-Youtube-fake/3958.mp4,1,,Celeb-Youtube-fake,Celeb-Youtube-fake:3958,afea11f7323bb01ae23b60057066986c2bd609ffd5b0fa279c01f39ca0f88817
/Users/gokulmallabathula/deep-fake/datasets/raw/Celeb-Youtube-fake/3959.mp4,1,,Celeb-Youtube-fake,Celeb-Youtube-fake:3959,8539e559f2f0abb7e89c0665008c3339dee388b21e3f9758f6a4a5286e85a098
/Users/gokulmallabathula/deep-fake/datasets/raw/Celeb-Youtube-fake/3960.mp4,1,,Celeb-Youtube-fake,Celeb-Youtube-fake:3960,960fd260d4296decc9fefa1648072d11b57d07db9429f0b84369a2c0ef975c25
/Users/gokulmallabathula/deep-fake/datasets/raw/Celeb-Youtube-fake/3961.mp4,1,,Celeb-Youtube-fake,Celeb-Youtube-fake:3961,09f441a328ea88d5029ae3dc8feeb7a1e74d6e6b3af332b5ea686e077ea2da91
/Users/gokulmallabathula/deep-fake/datasets/raw/Celeb-Youtube-fake/3962.mp4,1,,Celeb-Youtube-fake,Celeb-Youtube-fake:3962,518ac1031e47c87b7b97b1d7ca4eb1692dea1ed3ab8779251e2f5f665fa2d5d6
/Users/gokulmallabathula/deep-fake/datasets/raw/Celeb-Youtube-fake/3963.mp4,1,,Celeb-Youtube-fake,Celeb-Youtube-fake:3963,5a171fb4b6ef046510cd43a00745c97ff06f8513eb5620dd092db59bbb57a196
/Users/gokulmallabathula/deep-fake/datasets/raw/Celeb-Youtube-fake/3964.mp4,1,,Celeb-Youtube-fake,Celeb-Youtube-fake:3964,b26719a79aebb8df524c0ab03626b1e18e393522c584685c06a67e78431108d8
/Users/gokulmallabathula/deep-fake/datasets/raw/Celeb-Youtube-fake/3968.mp4,1,,Celeb-Youtube-fake,Celeb-Youtube-fake:3968,5f91f76fb01ee967038709ac2a5663cd02abba58b60b66dafb7f7a72ecdb16de
/Users/gokulmallabathula/deep-fake/datasets/raw/Celeb-Youtube-fake/3969.mp4,1,,Celeb-Youtube-fake,Celeb-Youtube-fake:3969,1dfca9fbebe2dd63246c7effdc41bed06bdc10ff20ad7319f2512ea4ffaf0d0b
/Users/gokulmallabathula/deep-fake/datasets/raw/Celeb-Youtube-fake/397.mp4,1,,Celeb-Youtube-fake,Celeb-Youtube-fake:397,0f629ad30d8a0c9d5ea51c9a9c0ad2b532ab93a50f960958f22fe961198ee2ee
/Users/gokulmallabathula/deep-fake/datasets/raw/Celeb-Youtube-fake/3971.mp4,1,,Celeb-Youtube-fake,Celeb-Youtube-fake:3971,ce0c30e9e10e02e6ef3adb1ee3a87d5b30197d0a0e196058b5167de11999d314
/Users/gokulmallabathula/deep-fake/datasets/raw/Celeb-Youtube-fake/3972.mp4,1,,Celeb-Youtube-fake,Celeb-Youtube-fake:3972,79a651e7b6df5573702f4b4795a6738d28003c6066fae25429f82f8b5caa077c
/Users/gokulmallabathula/deep-fake/datasets/raw/Celeb-Youtube-fake/3973.mp4,1,,Celeb-Youtube-fake,Celeb-Youtube-fake:3973,840ece1b6d0f2cc4758826823e5a01268f22baf092055212d79b02274b8692ac
/Users/gokulmallabathula/deep-fake/datasets/raw/Celeb-Youtube-fake/3976.mp4,1,,Celeb-Youtube-fake,Celeb-Youtube-fake:3976,54f39ce097981c3f1e323b76dd062df7aa1533c4fa4037236617e37c659cdac9
/Users/gokulmallabathula/deep-fake/datasets/raw/Celeb-Youtube-fake/3977.mp4,1,,Celeb-Youtube-fake,Celeb-Youtube-fake:3977,999a65ddfc4eea1744e6a5147b7c23ed8901ba87990998e25e957727cd305e97
/Users/gokulmallabathula/deep-fake/datasets/raw/Celeb-Youtube-fake/3978.mp4,1,,Celeb-Youtube-fake,Celeb-Youtube-fake:3978,6d514a59b5dd5dc32e7542308fbb345fb5c922e7f9f80f3386368d786d169c5f
/Users/gokulmallabathula/deep-fake/datasets/raw/Celeb-Youtube-fake/3980.mp4,1,,Celeb-Youtube-fake,Celeb-Youtube-fake:3980,b8ee14c32f9453f954adb0b630fa6288418b1c2a2e500313f40f3b80e3b2e855
/Users/gokulmallabathula/deep-fake/datasets/raw/Celeb-Youtube-fake/3981.mp4,1,,Celeb-Youtube-fake,Celeb-Youtube-fake:3981,6904fbbd9f418af0037dc6f43eadc113c370a6941e94f6a1d033c6b2dc59badb
/Users/gokulmallabathula/deep-fake/datasets/raw/Celeb-Youtube-fake/3982.mp4,1,,Celeb-Youtube-fake,Celeb-Youtube-fake:3982,81c934c07d4bff9473fae48568d713c8daffef12880d8a7dcf90e6503f714659
/Users/gokulmallabathula/deep-fake/datasets/raw/Celeb-Youtube-fake/3983.mp4,1,,Celeb-Youtube-fake,Celeb-Youtube-fake:3983,caee7683e23d898333626dfa7a2da18b78f8470e3dfa92913d8c4b7f28bff794
/Users/gokulmallabathula/deep-fake/datasets/raw/Celeb-Youtube-fake/3985.mp4,1,,Celeb-Youtube-fake,Celeb-Youtube-fake:3985,da218c379e82cdfa3e126f9658952158ba9cc4d5a2bbe2b2ceda3ccacea22a44
/Users/gokulmallabathula/deep-fake/datasets/raw/Celeb-Youtube-fake/3986.mp4,1,,Celeb-Youtube-fake,Celeb-Youtube-fake:3986,8815e7431b163ce39894b885144a56a4c4e4a7fce4d608f3ecc3f0cb6f2589ae
/Users/gokulmallabathula/deep-fake/datasets/raw/Celeb-Youtube-fake/3987.mp4,1,,Celeb-Youtube-fake,Celeb-Youtube-fake:3987,c7cd888e405680ef45c33961f3fffd17641da4d985a25e7258870a78020a8f82
/Users/gokulmallabathula/deep-fake/datasets/raw/Celeb-Youtube-fake/3989.mp4,1,,Celeb-Youtube-fake,Celeb-Youtube-fake:3989,832ea0f1a5a4fbb2bc63aa75652133443cd6220b97098b7289a4de8a5caad3de
/Users/gokulmallabathula/deep-fake/datasets/raw/Celeb-Youtube-fake/399.mp4,1,,Celeb-Youtube-fake,Celeb-Youtube-fake:399,f2f533e73664e770d77757d3d0793c6dcee7e7d740f22cd32d0c219e2f2a4fb9
/Users/gokulmallabathula/deep-fake/datasets/raw/Celeb-Youtube-fake/3990.mp4,1,,Celeb-Youtube-fake,Celeb-Youtube-fake:3990,898502172f3f8e9822d6a81fd1e560fdd8cddf016596330e886926913e1f72a0
/Users/gokulmallabathula/deep-fake/datasets/raw/Celeb-Youtube-fake/3993.mp4,1,,Celeb-Youtube-fake,Celeb-Youtube-fake:3993,bb5c6a455968a5627e67895abf6cfcdfa9ad4f597292547f91611de939697fa8
/Users/gokulmallabathula/deep-fake/datasets/raw/Celeb-Youtube-fake/3994.mp4,1,,Celeb-Youtube-fake,Celeb-Youtube-fake:3994,be950dbbc1befb71b6b963bc7da0c9194debe3ca70dbb10488f2a551581ddae7
/Users/gokulmallabathula/deep-fake/datasets/raw/Celeb-Youtube-fake/3996.mp4,1,,Celeb-Youtube-fake,Celeb-Youtube-fake:3996,5b8fb22520c5d3f51d60a624f06e46cfca823964ea0bf392369308978676f63f
/Users/gokulmallabathula/deep-fake/datasets/raw/Celeb-Youtube-fake/3997.mp4,1,,Celeb-Youtube-fake,Celeb-Youtube-fake:3997,7614032ea1b8a21e94900403cc88dd21b986a6400059f19f69831da60daa8f75
/Users/gokulmallabathula/deep-fake/datasets/raw/Celeb-Youtube-fake/3998.mp4,1,,Celeb-Youtube-fake,Celeb-Youtube-fake:3998,7217a496682a4e40a65ad9e92183b1d2021aac3b92d1f2327af70be67aff0dd8
/Users/gokulmallabathula/deep-fake/datasets/raw/Celeb-Youtube-fake/3999.mp4,1,,Celeb-Youtube-fake,Celeb-Youtube-fake:3999,64be5a2da942cba1f15d6967201a18a1173dcc05f7ad8f1445f8813b9dc41e9d
/Users/gokulmallabathula/deep-fake/datasets/raw/Celeb-Youtube-fake/40.mp4,1,,Celeb-Youtube-fake,Celeb-Youtube-fake:40,0b97bac99bc30d6269ba4bcb54aa7bc72319608eaed9b48e4746947d8b9882a2
/Users/gokulmallabathula/deep-fake/datasets/raw/Celeb-Youtube-fake/400.mp4,1,,Celeb-Youtube-fake,Celeb-Youtube-fake:400,f6a6c42834cfb2774cc0fbe8e1e65e8909128efaad719d04a7ba550a6fc193e0
/Users/gokulmallabathula/deep-fake/datasets/raw/Celeb-Youtube-fake/4000.mp4,1,,Celeb-Youtube-fake,Celeb-Youtube-fake:4000,75bfb44654b930e1be57d58218f74a0d1bd1510f63e02144dab2a5279dad332e
/Users/gokulmallabathula/deep-fake/datasets/raw/Celeb-Youtube-fake/4003.mp4,1,,Celeb-Youtube-fake,Celeb-Youtube-fake:4003,9dcf8a81dc16cd354a5930e29abaecc566f00239de1b699fb433d4ba302c88a9
/Users/gokulmallabathula/deep-fake/datasets/raw/Celeb-Youtube-fake/4004.mp4,1,,Celeb-Youtube-fake,Celeb-Youtube-fake:4004,66a9831878af5eee48bc8911e088ae749910d750421b704ec0ddec77fe0eb8d8
/Users/gokulmallabathula/deep-fake/datasets/raw/Celeb-Youtube-fake/401.mp4,1,,Celeb-Youtube-fake,Celeb-Youtube-fake:401,c3a096f95f5006d0a1954b4f09ab658587d14d2783ea459a7226291b96700b20
/Users/gokulmallabathula/deep-fake/datasets/raw/Celeb-Youtube-fake/4010.mp4,1,,Celeb-Youtube-fake,Celeb-Youtube-fake:4010,6ad9da3cb73beda0d3b6e6a4310e96ff8b9d8e475d5d5441fe9cb04a8d07ada4
/Users/gokulmallabathula/deep-fake/datasets/raw/Celeb-Youtube-fake/4011.mp4,1,,Celeb-Youtube-fake,Celeb-Youtube-fake:4011,bb2a3a9065e10ba9604d86cafa11c0ef80366bf96bc57038d8ce4ac195f1544b
/Users/gokulmallabathula/deep-fake/datasets/raw/Celeb-Youtube-fake/4012.mp4,1,,Celeb-Youtube-fake,Celeb-Youtube-fake:4012,7969fa8d87580f16a103f19c8203082f6954eecef4ab88716a61990691a5c6f7
/Users/gokulmallabathula/deep-fake/datasets/raw/Celeb-Youtube-fake/4013.mp4,1,,Celeb-Youtube-fake,Celeb-Youtube-fake:4013,30f5c958f104f1598ae9deb7370f451427833a69e4991bf336c53e15fa3e43c2
/Users/gokulmallabathula/deep-fake/datasets/raw/Celeb-Youtube-fake/4015.mp4,1,,Celeb-Youtube-fake,Celeb-Youtube-fake:4015,5de547b1851e2844d0313ee11c0307ed7cad0bdc3c7d714da3782b5f80a3104e
/Users/gokulmallabathula/deep-fake/datasets/raw/Celeb-Youtube-fake/4017.mp4,1,,Celeb-Youtube-fake,Celeb-Youtube-fake:4017,a2e9186de72568031fdebef4cee3b3e79ca35d8f355467b1786cd9627695687a
/Users/gokulmallabathula/deep-fake/datasets/raw/Celeb-Youtube-fake/4018.mp4,1,,Celeb-Youtube-fake,Celeb-Youtube-fake:4018,b17eb1b08a3f1aec5921c68eaf59fb52c24b11182a68001313730cb446b3eb6a
/Users/gokulmallabathula/deep-fake/datasets/raw/Celeb-Youtube-fake/4019.mp4,1,,Celeb-Youtube-fake,Celeb-Youtube-fake:4019,3bb0c76549cfc102b5a9362aaefe9bf1769ee02e8475a8e3e5479e6e50b21bf8
/Users/gokulmallabathula/deep-fake/datasets/raw/Celeb-Youtube-fake/4020.mp4,1,,Celeb-Youtube-fake,Celeb-Youtube-fake:4020,938f052806fb1013e49d8ae0e5991e9bc6325a7c9dadde6edd81f18112d9e13d
/Users/gokulmallabathula/deep-fake/datasets/raw/Celeb-Youtube-fake/4021.mp4,1,,Celeb-Youtube-fake,Celeb-Youtube-fake:4021,92827f97751434970188581a49d32f0c7dae6e045443ff929be73a3fa0844349
/Users/gokulmallabathula/deep-fake/datasets/raw/Celeb-Youtube-fake/4022.mp4,1,,Celeb-Youtube-fake,Celeb-Youtube-fake:4022,8ccb4c489e591c78a363eeef0ebf1289b029ea57626149972eef1aa249b14abb
/Users/gokulmallabathula/deep-fake/datasets/raw/Celeb-Youtube-fake/4023.mp4,1,,Celeb-Youtube-fake,Celeb-Youtube-fake:4023,e7bd999aa90615064f4fc6f1087b3230d3b11da32b13f0de1419c598c3f022ca
/Users/gokulmallabathula/deep-fake/datasets/raw/Celeb-Youtube-fake/4024.mp4,1,,Celeb-Youtube-fake,Celeb-Youtube-fake:4024,675623bff2799a9401aeaffe4dd42ead93f45d8c2ef5ef388eeaa728a65d278a
/Users/gokulmallabathula/deep-fake/datasets/raw/Celeb-Youtube-fake/4025.mp4,1,,Celeb-Youtube-fake,Celeb-Youtube-fake:4025,809f53ec1c2dd53c0c6421c6b396a46f72cd6c59c3b0f9f0d74d85911c451e8d
/Users/gokulmallabathula/deep-fake/datasets/raw/Celeb-Youtube-fake/4027.mp4,1,,Celeb-Youtube-fake,Celeb-Youtube-fake:4027,70d854c416b0b3d8062f26f98e7847b5dff8c7aee70bfcf52032daeb2f198f16
/Users/gokulmallabathula/deep-fake/datasets/raw/Celeb-Youtube-fake/4029.mp4,1,,Celeb-Youtube-fake,Celeb-Youtube-fake:4029,295a01d03104f406066dd89cd62f5646272a2e322749031fd5663ae21e38f955
/Users/gokulmallabathula/deep-fake/datasets/raw/Celeb-Youtube-fake/403.mp4,1,,Celeb-Youtube-fake,Celeb-Youtube-fake:403,0eb4ead52107f91f740e1f0c430b92adc0ac0f640c2a5ff67cbf73b19a11bcd0
/Users/gokulmallabathula/deep-fake/datasets/raw/Celeb-Youtube-fake/4030.mp4,1,,Celeb-Youtube-fake,Celeb-Youtube-fake:4030,bfc3ba43e2394644a9b98a81af439df061b673d1abbf08eea442fbf4085bb4da
/Users/gokulmallabathula/deep-fake/datasets/raw/Celeb-Youtube-fake/4031.mp4,1,,Celeb-Youtube-fake,Celeb-Youtube-fake:4031,7cb22670ff9a70e3c5d4aeb92582807e1d5c1913e801e651c4f26b10672840af
/Users/gokulmallabathula/deep-fake/datasets/raw/Celeb-Youtube-fake/4033.mp4,1,,Celeb-Youtube-fake,Celeb-Youtube-fake:4033,3af9e64e5ec18a182a9a3223235f859c8ef42ffc244e776d6844a75cbff64c95
/Users/gokulmallabathula/deep-fake/datasets/raw/Celeb-Youtube-fake/4034.mp4,1,,Celeb-Youtube-fake,Celeb-Youtube-fake:4034,eb8fc690e580173ae0d130d2fa6bf56e545fa5b0c8218e30dc2db609b97d8fd5
/Users/gokulmallabathula/deep-fake/datasets/raw/Celeb-Youtube-fake/4036.mp4,1,,Celeb-Youtube-fake,Celeb-Youtube-fake:4036,3c0582a170979b0eed37bf1fedec65f44b76a3db3f57172e70eae88bb458f963
/Users/gokulmallabathula/deep-fake/datasets/raw/Celeb-Youtube-fake/4038.mp4,1,,Celeb-Youtube-fake,Celeb-Youtube-fake:4038,70369207ae6b44b1c0d70fe2a431c039201ba91b9a3517bcffe63c9d5624e71d
/Users/gokulmallabathula/deep-fake/datasets/raw/Celeb-Youtube-fake/4039.mp4,1,,Celeb-Youtube-fake,Celeb-Youtube-fake:4039,ad31f948b010a48a6f7977519a899fedda6cd0aed4dc0702f97331209bca1cc0
/Users/gokulmallabathula/deep-fake/datasets/raw/Celeb-Youtube-fake/404.mp4,1,,Celeb-Youtube-fake,Celeb-Youtube-fake:404,08b781b562c5e281d30ebf31accbebab7315e6f483ef06a34895ad5ebd3e029b
/Users/gokulmallabathula/deep-fake/datasets/raw/Celeb-Youtube-fake/4040.mp4,1,,Celeb-Youtube-fake,Celeb-Youtube-fake:4040,eed7cce01de80b3ef9a2fd42d5339484dfeef803fe5109e8036d7c0c99790b0d
/Users/gokulmallabathula/deep-fake/datasets/raw/Celeb-Youtube-fake/4041.mp4,1,,Celeb-Youtube-fake,Celeb-Youtube-fake:4041,b9ffbaad78b930494bfa24b856257842c39d8c16b71e5fd98210973b4723fb74
/Users/gokulmallabathula/deep-fake/datasets/raw/Celeb-Youtube-fake/4042.mp4,1,,Celeb-Youtube-fake,Celeb-Youtube-fake:4042,9e971189551b1b422f0679c3b16f04722cacd1cdaf692c8868cb86e3b214dd79
/Users/gokulmallabathula/deep-fake/datasets/raw/Celeb-Youtube-fake/4043.mp4,1,,Celeb-Youtube-fake,Celeb-Youtube-fake:4043,bf2422d8cb6539b6d30398e450c5813f1ce6f26906d57934670a6f717d486f31
/Users/gokulmallabathula/deep-fake/datasets/raw/Celeb-Youtube-fake/4045.mp4,1,,Celeb-Youtube-fake,Celeb-Youtube-fake:4045,3bc41a51031ee00e69a4af3fc956d4f8be227df3c7d57fb9416ff9a52631c324
/Users/gokulmallabathula/deep-fake/datasets/raw/Celeb-Youtube-fake/4046.mp4,1,,Celeb-Youtube-fake,Celeb-Youtube-fake:4046,172b9e518a225cd433c5f644733cf71b794df8f028fe62926a9d6bdeb11c0afc
/Users/gokulmallabathula/deep-fake/datasets/raw/Celeb-Youtube-fake/4047.mp4,1,,Celeb-Youtube-fake,Celeb-Youtube-fake:4047,859eec9963711b08074dbe8465c87d3640bc279c03cdaa8717ad265155b88b9e
/Users/gokulmallabathula/deep-fake/datasets/raw/Celeb-Youtube-fake/4049.mp4,1,,Celeb-Youtube-fake,Celeb-Youtube-fake:4049,9b3691d581f43316238de01263fc4793caa67fefd45869cd8556fd3eaeb423ea
/Users/gokulmallabathula/deep-fake/datasets/raw/Celeb-Youtube-fake/405.mp4,1,,Celeb-Youtube-fake,Celeb-Youtube-fake:405,dc04811185d2831a1b39fa25e1d74a626359a162f4f666e57c4fad370c38550b
/Users/gokulmallabathula/deep-fake/datasets/raw/Celeb-Youtube-fake/4050.mp4,1,,Celeb-Youtube-fake,Celeb-Youtube-fake:4050,61e7d2c17fff916c8dd1545420944ea6db4bc6820449336a58ca73b4869fbefb
/Users/gokulmallabathula/deep-fake/datasets/raw/Celeb-Youtube-fake/4051.mp4,1,,Celeb-Youtube-fake,Celeb-Youtube-fake:4051,f2d0a8f5f7960b49d4780cf49e831ac32b43ecf3e7cdca76d61c36eb10e3536c
/Users/gokulmallabathula/deep-fake/datasets/raw/Celeb-Youtube-fake/4052.mp4,1,,Celeb-Youtube-fake,Celeb-Youtube-fake:4052,f451f89f4a6d87cf66a584f98db4bdb37533d71243e1635e230f189ee8529db9
/Users/gokulmallabathula/deep-fake/datasets/raw/Celeb-Youtube-fake/4054.mp4,1,,Celeb-Youtube-fake,Celeb-Youtube-fake:4054,96de44908001098c538a9319c82c4f789d402af7ce486c2dfd3f3ab5ea1fd1cc
/Users/gokulmallabathula/deep-fake/datasets/raw/Celeb-Youtube-fake/4058.mp4,1,,Celeb-Youtube-fake,Celeb-Youtube-fake:4058,3eb9bd54f6fe1c029fe2f291e6187f82f8282f4ced3773b2adb4d7b9b76f3c8d
/Users/gokulmallabathula/deep-fake/datasets/raw/Celeb-Youtube-fake/4059.mp4,1,,Celeb-Youtube-fake,Celeb-Youtube-fake:4059,3fc46d8ef4d9326c8d2083e912c5a67050e97380c5c5f44fc67e008e0b1e9f3a
/Users/gokulmallabathula/deep-fake/datasets/raw/Celeb-Youtube-fake/406.mp4,1,,Celeb-Youtube-fake,Celeb-Youtube-fake:406,75bf050afd92f65e82b4c7864701ca484fe44e0ef8797a61ed6d5a0fde6e7bda
/Users/gokulmallabathula/deep-fake/datasets/raw/Celeb-Youtube-fake/4061.mp4,1,,Celeb-Youtube-fake,Celeb-Youtube-fake:4061,c3b653f6f94b8cd012a7713bd1e702ed58bd1d1815fece307ee5ab10ddf1d42d
/Users/gokulmallabathula/deep-fake/datasets/raw/Celeb-Youtube-fake/4062.mp4,1,,Celeb-Youtube-fake,Celeb-Youtube-fake:4062,26931dc023d9d1b2885f2ad2595fd3423f1bc11a6336b27124e32d30d25f6848
/Users/gokulmallabathula/deep-fake/datasets/raw/Celeb-Youtube-fake/4065.mp4,1,,Celeb-Youtube-fake,Celeb-Youtube-fake:4065,3d0fc91c8cfa29b76a21695f61a36b84da5f399a3b7fccb68ee0b9d152010c9a
/Users/gokulmallabathula/deep-fake/datasets/raw/Celeb-Youtube-fake/4067.mp4,1,,Celeb-Youtube-fake,Celeb-Youtube-fake:4067,39780110ba6db7e0c352489d3d7a34460199a966efa2fdb117507df2a2225134
/Users/gokulmallabathula/deep-fake/datasets/raw/Celeb-Youtube-fake/4068.mp4,1,,Celeb-Youtube-fake,Celeb-Youtube-fake:4068,fde02476d7a10cfc1ad5e4ffec73a27f3d95ff054d9371dc715c4b20128ae55c
/Users/gokulmallabathula/deep-fake/datasets/raw/Celeb-Youtube-fake/4069.mp4,1,,Celeb-Youtube-fake,Celeb-Youtube-fake:4069,161fd370aa2fa598eab092bcfa7268888593bd0c0b894183d5e7529bdf003cf2
/Users/gokulmallabathula/deep-fake/datasets/raw/Celeb-Youtube-fake/4070.mp4,1,,Celeb-Youtube-fake,Celeb-Youtube-fake:4070,439e76e2c16d2f6a451a0816c4e8309ace317686ce1be45fd4599ffeca5ba3ed
/Users/gokulmallabathula/deep-fake/datasets/raw/Celeb-Youtube-fake/4071.mp4,1,,Celeb-Youtube-fake,Celeb-Youtube-fake:4071,d0ea790f0f5d197879be34596e704e52142a2f22b3e0761dc24d60b8fa7a07dc
/Users/gokulmallabathula/deep-fake/datasets/raw/Celeb-Youtube-fake/4072.mp4,1,,Celeb-Youtube-fake,Celeb-Youtube-fake:4072,abff90d982fb96822332128c2929e4a663754e424961ed5a564cc7413ee58516
/Users/gokulmallabathula/deep-fake/datasets/raw/Celeb-Youtube-fake/4073.mp4,1,,Celeb-Youtube-fake,Celeb-Youtube-fake:4073,e1b408c204defaa695a856c349240219ed4fed36508ce23f494f0844e9564077
/Users/gokulmallabathula/deep-fake/datasets/raw/Celeb-Youtube-fake/4074.mp4,1,,Celeb-Youtube-fake,Celeb-Youtube-fake:4074,71b71dc8264e0aea1418964632bc08b0e55febe6d3aa3dad7bab743b48110ee1
/Users/gokulmallabathula/deep-fake/datasets/raw/Celeb-Youtube-fake/4075.mp4,1,,Celeb-Youtube-fake,Celeb-Youtube-fake:4075,9cf0580158c9319b6de4f1dd63a3c7adcf34183d239c42f28d543ca366a9afda
/Users/gokulmallabathula/deep-fake/datasets/raw/Celeb-Youtube-fake/4076.mp4,1,,Celeb-Youtube-fake,Celeb-Youtube-fake:4076,8af760043e581464607b373f7687c249005459e790214c87d5f3ca2312b5e5a9
/Users/gokulmallabathula/deep-fake/datasets/raw/Celeb-Youtube-fake/4077.mp4,1,,Celeb-Youtube-fake,Celeb-Youtube-fake:4077,2d2c74cefc0838938d96310dcab36fb9cdb6e3457f633140c409fc4c47e4f497
/Users/gokulmallabathula/deep-fake/datasets/raw/Celeb-Youtube-fake/4078.mp4,1,,Celeb-Youtube-fake,Celeb-Youtube-fake:4078,d072bddaf10c214a585db0fdefbf8adab7b7d557e4bc0e5bb0efd751ab205d7c
/Users/gokulmallabathula/deep-fake/datasets/raw/Celeb-Youtube-fake/4079.mp4,1,,Celeb-Youtube-fake,Celeb-Youtube-fake:4079,f4a75f345fa8f2098a2727a95bcbd7f6780d65d15fa361dfc7a95cb936ed56a9
/Users/gokulmallabathula/deep-fake/datasets/raw/Celeb-Youtube-fake/408.mp4,1,,Celeb-Youtube-fake,Celeb-Youtube-fake:408,4fa4d5d621dbd2373b202aea15c6b9802af595a2084966f38938f6ebcbb6e715
/Users/gokulmallabathula/deep-fake/datasets/raw/Celeb-Youtube-fake/4080.mp4,1,,Celeb-Youtube-fake,Celeb-Youtube-fake:4080,dc4226f7d998e80419abb955208997d6ec07c10916476f9a55a68a625d6e932a
/Users/gokulmallabathula/deep-fake/datasets/raw/Celeb-Youtube-fake/4081.mp4,1,,Celeb-Youtube-fake,Celeb-Youtube-fake:4081,3946ed1cf038331847648cd52815f513516360a46750580431e23dd329054f92
/Users/gokulmallabathula/deep-fake/datasets/raw/Celeb-Youtube-fake/4082.mp4,1,,Celeb-Youtube-fake,Celeb-Youtube-fake:4082,11e29b58781514ee659003b12ba20377e8d3ff02e128d9d0acfa21b0c4fc4728
/Users/gokulmallabathula/deep-fake/datasets/raw/Celeb-Youtube-fake/4083.mp4,1,,Celeb-Youtube-fake,Celeb-Youtube-fake:4083,e5cd55e0155e7ac4ede04a91d5befc5480f92ac887ba00fbc892c42b28339b7c
/Users/gokulmallabathula/deep-fake/datasets/raw/Celeb-Youtube-fake/4085.mp4,1,,Celeb-Youtube-fake,Celeb-Youtube-fake:4085,e56571b5c326796caf538eda49accc89dff78868dc3a04bb000ec7158d1c2f3b
/Users/gokulmallabathula/deep-fake/datasets/raw/Celeb-Youtube-fake/4086.mp4,1,,Celeb-Youtube-fake,Celeb-Youtube-fake:4086,8ea71fb9f595f834456e58e09baec2fef053ca4e488ac6e547381b277257743f
/Users/gokulmallabathula/deep-fake/datasets/raw/Celeb-Youtube-fake/409.mp4,1,,Celeb-Youtube-fake,Celeb-Youtube-fake:409,60ea3999bbc2da5139c821f41eb407c860a494055ef48df95cb73c7f764b613b
/Users/gokulmallabathula/deep-fake/datasets/raw/Celeb-Youtube-fake/4091.mp4,1,,Celeb-Youtube-fake,Celeb-Youtube-fake:4091,c68f0cecb54d5458dffcc21e79e61c31e0e5a2ac9d1f1532b95b01ab9c7baab0
/Users/gokulmallabathula/deep-fake/datasets/raw/Celeb-Youtube-fake/4092.mp4,1,,Celeb-Youtube-fake,Celeb-Youtube-fake:4092,796dcebab320ccd5e85aa1774a255cb2c8570e99923fbe548c0c70f35776acf3
/Users/gokulmallabathula/deep-fake/datasets/raw/Celeb-Youtube-fake/4093.mp4,1,,Celeb-Youtube-fake,Celeb-Youtube-fake:4093,758ecfde0e015e17c4001c2373ed8e24a91c377457ad0081d87c5669c18161d2
/Users/gokulmallabathula/deep-fake/datasets/raw/Celeb-Youtube-fake/4094.mp4,1,,Celeb-Youtube-fake,Celeb-Youtube-fake:4094,a8076262ec5b5d119a98065a239f5cdf5bb8c18e0b807dbe3de9072007d49ace
/Users/gokulmallabathula/deep-fake/datasets/raw/Celeb-Youtube-fake/4096.mp4,1,,Celeb-Youtube-fake,Celeb-Youtube-fake:4096,adaa71f53badda15d3256ae9b39168dd9243a3f68f432754960c05e3ffc85c55
/Users/gokulmallabathula/deep-fake/datasets/raw/Celeb-Youtube-fake/4097.mp4,1,,Celeb-Youtube-fake,Celeb-Youtube-fake:4097,ae1eccc0b417a65d926e3e03c520e71e76ba6f9d31f59621c8cc305c2f6fddb8
/Users/gokulmallabathula/deep-fake/datasets/raw/Celeb-Youtube-fake/4099.mp4,1,,Celeb-Youtube-fake,Celeb-Youtube-fake:4099,37187b5f68c2e4dea09790442dfe00c262a07b321788daf77989f8850d3a59ff
/Users/gokulmallabathula/deep-fake/datasets/raw/Celeb-Youtube-fake/41.mp4,1,,Celeb-Youtube-fake,Celeb-Youtube-fake:41,5434595cac9db93ca7c7fa3ebbc1d7aff38be316ab4a9a7b92d99d9a07bf4337
/Users/gokulmallabathula/deep-fake/datasets/raw/Celeb-Youtube-fake/410.mp4,1,,Celeb-Youtube-fake,Celeb-Youtube-fake:410,0059f1fb811bdd4770d30a5e10858bfe638447116c19066bbcd9e9d592e41d85
/Users/gokulmallabathula/deep-fake/datasets/raw/Celeb-Youtube-fake/4101.mp4,1,,Celeb-Youtube-fake,Celeb-Youtube-fake:4101,fe5f17073e0881862008fe202a35d561de65858d4bb81c361a979616f0282cea
/Users/gokulmallabathula/deep-fake/datasets/raw/Celeb-Youtube-fake/4102.mp4,1,,Celeb-Youtube-fake,Celeb-Youtube-fake:4102,83374acef1de4cbd53221c54262d35e2f1ed6174b3a09d3b40a69d03ff42d9e4
/Users/gokulmallabathula/deep-fake/datasets/raw/Celeb-Youtube-fake/4103.mp4,1,,Celeb-Youtube-fake,Celeb-Youtube-fake:4103,c0aa4873ad25b020fc5bdc4870022f262efe583bcc2fd64d77a78e718895280d
/Users/gokulmallabathula/deep-fake/datasets/raw/Celeb-Youtube-fake/4104.mp4,1,,Celeb-Youtube-fake,Celeb-Youtube-fake:4104,39ab35bc00eeaf599aca99a6c980dea90d43f37f3da2ccba4f2dfcdfd284e3b5
/Users/gokulmallabathula/deep-fake/datasets/raw/Celeb-Youtube-fake/4106.mp4,1,,Celeb-Youtube-fake,Celeb-Youtube-fake:4106,79935d36694a210a55eeb3c194b950dbd6992dec0bc481e13422b379b7e1c543
/Users/gokulmallabathula/deep-fake/datasets/raw/Celeb-Youtube-fake/4107.mp4,1,,Celeb-Youtube-fake,Celeb-Youtube-fake:4107,fb62be5c8bd854f9135cd0b595e078495420cf5e7a2d3de4da6de13613382732
/Users/gokulmallabathula/deep-fake/datasets/raw/Celeb-Youtube-fake/4109.mp4,1,,Celeb-Youtube-fake,Celeb-Youtube-fake:4109,a6835599e9161b0f0a93f94ab3323e1207bd7fc0b17b5bd98cfdb25a7f370460
/Users/gokulmallabathula/deep-fake/datasets/raw/Celeb-Youtube-fake/4111.mp4,1,,Celeb-Youtube-fake,Celeb-Youtube-fake:4111,46d84504404908d5f9fd046e4889fa4bf33d5ffe69eb12bdf9384986139c2436
/Users/gokulmallabathula/deep-fake/datasets/raw/Celeb-Youtube-fake/4114.mp4,1,,Celeb-Youtube-fake,Celeb-Youtube-fake:4114,27b843a4bc8e0256a8b081522a3681685bf7561ed6df215124860a62e261a11b
/Users/gokulmallabathula/deep-fake/datasets/raw/Celeb-Youtube-fake/4115.mp4,1,,Celeb-Youtube-fake,Celeb-Youtube-fake:4115,8efbb605f7d19841da352885b9565cdb4b5ee7e9b656fafa96cdce5bd1170175
/Users/gokulmallabathula/deep-fake/datasets/raw/Celeb-Youtube-fake/4118.mp4,1,,Celeb-Youtube-fake,Celeb-Youtube-fake:4118,875d27a6ec4560da86c9db9c5d503c5c0d952a594f696560198864cc992f971d
/Users/gokulmallabathula/deep-fake/datasets/raw/Celeb-Youtube-fake/4119.mp4,1,,Celeb-Youtube-fake,Celeb-Youtube-fake:4119,16ced99d602813b3d7806f239fad0a9e932d0db8e55bb4ff47f12a1cdb6804dc
/Users/gokulmallabathula/deep-fake/datasets/raw/Celeb-Youtube-fake/4121.mp4,1,,Celeb-Youtube-fake,Celeb-Youtube-fake:4121,9b685ac4f13bbfee680a0cd60538b2eb5b62f3ddff9886a48d5868ce753e22ce
/Users/gokulmallabathula/deep-fake/datasets/raw/Celeb-Youtube-fake/4122.mp4,1,,Celeb-Youtube-fake,Celeb-Youtube-fake:4122,51545a0a94734d107b98b3b4475dfac318984415cbb0847f3aee4a63eb04266f
/Users/gokulmallabathula/deep-fake/datasets/raw/Celeb-Youtube-fake/4123.mp4,1,,Celeb-Youtube-fake,Celeb-Youtube-fake:4123,dfc2a1952fb2070ff538bf282634e358b628779bb45013c1591fdebc0e309ee7
/Users/gokulmallabathula/deep-fake/datasets/raw/Celeb-Youtube-fake/4124.mp4,1,,Celeb-Youtube-fake,Celeb-Youtube-fake:4124,84649dca7c6526df4ddbc47a9af07cddc4d69a26c80a979baa143d0161402c9a
/Users/gokulmallabathula/deep-fake/datasets/raw/Celeb-Youtube-fake/4126.mp4,1,,Celeb-Youtube-fake,Celeb-Youtube-fake:4126,ca60b92759095bb29a8cedb81a914447acd9710b6ac0f135a91cb56e8cd61126
/Users/gokulmallabathula/deep-fake/datasets/raw/Celeb-Youtube-fake/4127.mp4,1,,Celeb-Youtube-fake,Celeb-Youtube-fake:4127,8288793ace6e5d6e293dc27f906c9f71959c3a491c8728b7909c732116b41f80
/Users/gokulmallabathula/deep-fake/datasets/raw/Celeb-Youtube-fake/4128.mp4,1,,Celeb-Youtube-fake,Celeb-Youtube-fake:4128,bf75ed86bbaf9a930d2eacabdeef21d41a225f4864ddfd56d3db5dc7a7790692
/Users/gokulmallabathula/deep-fake/datasets/raw/Celeb-Youtube-fake/4129.mp4,1,,Celeb-Youtube-fake,Celeb-Youtube-fake:4129,df7b0d34ac04c0e7c35485f382043f7e804376e5f3f0be3356800a6f4184b667
/Users/gokulmallabathula/deep-fake/datasets/raw/Celeb-Youtube-fake/413.mp4,1,,Celeb-Youtube-fake,Celeb-Youtube-fake:413,d0dc4e37db460eb8905bd3b0a6c979675cfb52002d11a34773257854940bb225
/Users/gokulmallabathula/deep-fake/datasets/raw/Celeb-Youtube-fake/4130.mp4,1,,Celeb-Youtube-fake,Celeb-Youtube-fake:4130,24ad44e147e9f74491fb6ca410e8a9dd60716488a413c54188d9be09a63744b0
/Users/gokulmallabathula/deep-fake/datasets/raw/Celeb-Youtube-fake/4132.mp4,1,,Celeb-Youtube-fake,Celeb-Youtube-fake:4132,7f69faafd0395c0b8ef6599dd7aa2fbd71c34f4a6b5bee1580cae27434ce0219
/Users/gokulmallabathula/deep-fake/datasets/raw/Celeb-Youtube-fake/4133.mp4,1,,Celeb-Youtube-fake,Celeb-Youtube-fake:4133,cd574b2511e3da650285fc0c7596582fa5eaffaa1e816c8e43c59589a004ec9b
/Users/gokulmallabathula/deep-fake/datasets/raw/Celeb-Youtube-fake/4135.mp4,1,,Celeb-Youtube-fake,Celeb-Youtube-fake:4135,7135f05578bb878d1897f569547a2ab9e671358d78737e8b414fdd53be8ed759
/Users/gokulmallabathula/deep-fake/datasets/raw/Celeb-Youtube-fake/4136.mp4,1,,Celeb-Youtube-fake,Celeb-Youtube-fake:4136,88173fc1e43b94fe3588db27e5bfcc9118b88e03a40735fed1e9423f5915cf56
/Users/gokulmallabathula/deep-fake/datasets/raw/Celeb-Youtube-fake/4137.mp4,1,,Celeb-Youtube-fake,Celeb-Youtube-fake:4137,5ac476c31729f61fd06e0cf914ec6432f8aeaa355dea1c74e14a75b0863ac4e7
/Users/gokulmallabathula/deep-fake/datasets/raw/Celeb-Youtube-fake/4138.mp4,1,,Celeb-Youtube-fake,Celeb-Youtube-fake:4138,48e0d9a31cab667056b3a4e0dbb757b47e271700ef9e24d82aa4355eb96078f1
/Users/gokulmallabathula/deep-fake/datasets/raw/Celeb-Youtube-fake/4139.mp4,1,,Celeb-Youtube-fake,Celeb-Youtube-fake:4139,b9459ce5a8bb84d91dcb26dec0dc6b4d236327ed62abc29cb0abc737b09651e2
/Users/gokulmallabathula/deep-fake/datasets/raw/Celeb-Youtube-fake/414.mp4,1,,Celeb-Youtube-fake,Celeb-Youtube-fake:414,64a5fbda09b123b445907ce76cbcf8bb4dcd6e4ecad7d734e5442bd7193462c8
/Users/gokulmallabathula/deep-fake/datasets/raw/Celeb-Youtube-fake/4142.mp4,1,,Celeb-Youtube-fake,Celeb-Youtube-fake:4142,40d428f30edc820c332253e802fa14d56c2156e42eecad25a0bb5aaa6b1fe30f
/Users/gokulmallabathula/deep-fake/datasets/raw/Celeb-Youtube-fake/4144.mp4,1,,Celeb-Youtube-fake,Celeb-Youtube-fake:4144,c7fd163db0b3a961c8e89964d6a75476f3c37813aeceb2de349884c40c714e0d
/Users/gokulmallabathula/deep-fake/datasets/raw/Celeb-Youtube-fake/4145.mp4,1,,Celeb-Youtube-fake,Celeb-Youtube-fake:4145,a3865a0403b429e7ad5a3e0c0cab9985af2b79fb32c78aa1bef3f2f5e2997481
/Users/gokulmallabathula/deep-fake/datasets/raw/Celeb-Youtube-fake/4146.mp4,1,,Celeb-Youtube-fake,Celeb-Youtube-fake:4146,bd818135d0e047a6b1415685ef64a3923cf87b2b2823ae595fc66f8af11f5913
/Users/gokulmallabathula/deep-fake/datasets/raw/Celeb-Youtube-fake/4147.mp4,1,,Celeb-Youtube-fake,Celeb-Youtube-fake:4147,f202c8c3985607b7968093752c67c676faa7c2485d0a89bb1f873259938ab3ab
/Users/gokulmallabathula/deep-fake/datasets/raw/Celeb-Youtube-fake/4148.mp4,1,,Celeb-Youtube-fake,Celeb-Youtube-fake:4148,efab6152f9dc4418b885cd2552d671c30fe6e4a0dd1e16c579a6faae585ccc40
/Users/gokulmallabathula/deep-fake/datasets/raw/Celeb-Youtube-fake/4149.mp4,1,,Celeb-Youtube-fake,Celeb-Youtube-fake:4149,a18f26be83c56699566f50129f0edc0e46874ff4d0b5bcd7cdd15d3ca5bce656
/Users/gokulmallabathula/deep-fake/datasets/raw/Celeb-Youtube-fake/415.mp4,1,,Celeb-Youtube-fake,Celeb-Youtube-fake:415,679148d9163708c8f84978813b5b744bcde697e89c0d9a116e91002913a529ca
/Users/gokulmallabathula/deep-fake/datasets/raw/Celeb-Youtube-fake/4151.mp4,1,,Celeb-Youtube-fake,Celeb-Youtube-fake:4151,2ae24cccb0e052a3bdbbaed3305b7d5fbfa3c777e92edfae7125045e50f4c256
/Users/gokulmallabathula/deep-fake/datasets/raw/Celeb-Youtube-fake/4152.mp4,1,,Celeb-Youtube-fake,Celeb-Youtube-fake:4152,3bc2ae45d6dbe443a6b03757c03167614af3ef609b3fef10c0e1d33c761e9324
/Users/gokulmallabathula/deep-fake/datasets/raw/Celeb-Youtube-fake/4153.mp4,1,,Celeb-Youtube-fake,Celeb-Youtube-fake:4153,650eacc7cd47c8e22ebf96eeed91c40d1c435f5dea4c70595288150163200e12
/Users/gokulmallabathula/deep-fake/datasets/raw/Celeb-Youtube-fake/4154.mp4,1,,Celeb-Youtube-fake,Celeb-Youtube-fake:4154,2f28c3a573fb35602ab7efa23fd2374893ed32d6ca2c011236f3ba80c7fba488
/Users/gokulmallabathula/deep-fake/datasets/raw/Celeb-Youtube-fake/4155.mp4,1,,Celeb-Youtube-fake,Celeb-Youtube-fake:4155,dbc477073ffb3d0071aded2778665437c779fcf3c09190d81dd64078a863710d
/Users/gokulmallabathula/deep-fake/datasets/raw/Celeb-Youtube-fake/4157.mp4,1,,Celeb-Youtube-fake,Celeb-Youtube-fake:4157,bf80ac3518a03ee37ad5c104602b491ab0fed2c0ae965f33e2fd5f9ff035899e
/Users/gokulmallabathula/deep-fake/datasets/raw/Celeb-Youtube-fake/416.mp4,1,,Celeb-Youtube-fake,Celeb-Youtube-fake:416,c108ab9078c2660bf52fc6ad90b5f53f98fa5fdaf70765a91be7f25b0d00dda4
/Users/gokulmallabathula/deep-fake/datasets/raw/Celeb-Youtube-fake/4160.mp4,1,,Celeb-Youtube-fake,Celeb-Youtube-fake:4160,93414656959201838238d4b53b08145c45d8a716fec2b334d13c2da1ad6f4cf0
/Users/gokulmallabathula/deep-fake/datasets/raw/Celeb-Youtube-fake/4161.mp4,1,,Celeb-Youtube-fake,Celeb-Youtube-fake:4161,59f63c8b52d05f0272fc49b3a63f6c44ebeb258621c5db345e4f865da1c11a9f
/Users/gokulmallabathula/deep-fake/datasets/raw/Celeb-Youtube-fake/4162.mp4,1,,Celeb-Youtube-fake,Celeb-Youtube-fake:4162,bc653401b075348794b72e5d22f048a9423f7fa1a22c17b1417f7c35d446e9c3
/Users/gokulmallabathula/deep-fake/datasets/raw/Celeb-Youtube-fake/4163.mp4,1,,Celeb-Youtube-fake,Celeb-Youtube-fake:4163,77dab0dc68ed31db078b1e0761e2b8968793a8f192ff9294c1cc07cf5988bda7
/Users/gokulmallabathula/deep-fake/datasets/raw/Celeb-Youtube-fake/4164.mp4,1,,Celeb-Youtube-fake,Celeb-Youtube-fake:4164,eb948e4816bdbcf9ab02fdd62a150d75ada50609bc63834931c1a14b7bee5ecd
/Users/gokulmallabathula/deep-fake/datasets/raw/Celeb-Youtube-fake/4165.mp4,1,,Celeb-Youtube-fake,Celeb-Youtube-fake:4165,91d437e4ad601a700c68935ac168d890ac16ec28c79d15230c9e5463c0b4b980
/Users/gokulmallabathula/deep-fake/datasets/raw/Celeb-Youtube-fake/4168.mp4,1,,Celeb-Youtube-fake,Celeb-Youtube-fake:4168,71ba659438ab031dce7cd632a5381426ca9ceb4d0403d1cefd6cecc6d5728a71
/Users/gokulmallabathula/deep-fake/datasets/raw/Celeb-Youtube-fake/4169.mp4,1,,Celeb-Youtube-fake,Celeb-Youtube-fake:4169,9f84c2d623f99dfc48c67e609240b68297ff2d548cdb362cfbb6de746623f7f5
/Users/gokulmallabathula/deep-fake/datasets/raw/Celeb-Youtube-fake/417.mp4,1,,Celeb-Youtube-fake,Celeb-Youtube-fake:417,cbf9d08ab76b7af5275e5fa8a947759a295f8a30fdd15c45ed9c087775077bb8
/Users/gokulmallabathula/deep-fake/datasets/raw/Celeb-Youtube-fake/4170.mp4,1,,Celeb-Youtube-fake,Celeb-Youtube-fake:4170,6916a19349bf5dc4cc10700ffd7fe6a2172ffd75897935a1361d33b5dc14f535
/Users/gokulmallabathula/deep-fake/datasets/raw/Celeb-Youtube-fake/4171.mp4,1,,Celeb-Youtube-fake,Celeb-Youtube-fake:4171,c5de92a1a5624d21bac6950f07f579861e36b296dd5f596986827157b37d9f9c
/Users/gokulmallabathula/deep-fake/datasets/raw/Celeb-Youtube-fake/4172.mp4,1,,Celeb-Youtube-fake,Celeb-Youtube-fake:4172,3a9ee3aead630810e00935f824a34c633d49b9c4613d75af6ce8c1e434c3f095
/Users/gokulmallabathula/deep-fake/datasets/raw/Celeb-Youtube-fake/4175.mp4,1,,Celeb-Youtube-fake,Celeb-Youtube-fake:4175,168ad73521a5c3794b0a6081e88f35f59ffda45d9fee5ea927d3cdebb1450163
/Users/gokulmallabathula/deep-fake/datasets/raw/Celeb-Youtube-fake/4177.mp4,1,,Celeb-Youtube-fake,Celeb-Youtube-fake:4177,29f38d1db73a19e2daa2387547bec828a9ad6d76cabd89943b9da0fb546a2635
/Users/gokulmallabathula/deep-fake/datasets/raw/Celeb-Youtube-fake/4179.mp4,1,,Celeb-Youtube-fake,Celeb-Youtube-fake:4179,f74d1f111aafef01399f1514c7d8c2e41dee42a844136384e83bbc5982adae6a
/Users/gokulmallabathula/deep-fake/datasets/raw/Celeb-Youtube-fake/418.mp4,1,,Celeb-Youtube-fake,Celeb-Youtube-fake:418,9318944424411e0c8f9f068701497782ad6d1324afc4d019d03459873314a9e0
/Users/gokulmallabathula/deep-fake/datasets/raw/Celeb-Youtube-fake/4180.mp4,1,,Celeb-Youtube-fake,Celeb-Youtube-fake:4180,f348da2fb930d9e0d09910dfc35d2e16c0478ccc644fc5fb92ecb3e05957ba20
/Users/gokulmallabathula/deep-fake/datasets/raw/Celeb-Youtube-fake/4181.mp4,1,,Celeb-Youtube-fake,Celeb-Youtube-fake:4181,24b0dd6e0474bf5bd956fb6a177702dfd4183607a20e0b4cf8f35efb97fa2786
/Users/gokulmallabathula/deep-fake/datasets/raw/Celeb-Youtube-fake/4182.mp4,1,,Celeb-Youtube-fake,Celeb-Youtube-fake:4182,d6963145df9cfad6eb0083933deb753cece1d3dd28fb3187b6ef773a0d43881d
/Users/gokulmallabathula/deep-fake/datasets/raw/Celeb-Youtube-fake/4184.mp4,1,,Celeb-Youtube-fake,Celeb-Youtube-fake:4184,953e7cd7c36bb813cde6a73650c75f173958832566b9e914f3e34325c3d8b1b5
/Users/gokulmallabathula/deep-fake/datasets/raw/Celeb-Youtube-fake/4185.mp4,1,,Celeb-Youtube-fake,Celeb-Youtube-fake:4185,06c91f4837a4bb2a66e5b39fff3215cf55a476b5718b1f11f8989d6185f9da92
/Users/gokulmallabathula/deep-fake/datasets/raw/Celeb-Youtube-fake/4186.mp4,1,,Celeb-Youtube-fake,Celeb-Youtube-fake:4186,f3032eb1d3168196cd524c34b684dc68c9854678fe166587245762a72d41ddf8
/Users/gokulmallabathula/deep-fake/datasets/raw/Celeb-Youtube-fake/4187.mp4,1,,Celeb-Youtube-fake,Celeb-Youtube-fake:4187,33d80b990198f00de4727716b300f416949c7dcf3a33f0537478e95c08b32eaa
/Users/gokulmallabathula/deep-fake/datasets/raw/Celeb-Youtube-fake/4188.mp4,1,,Celeb-Youtube-fake,Celeb-Youtube-fake:4188,37c95594f46d82d425285acb9c03ba1259239f2274fd488581af6701eb0c39c1
/Users/gokulmallabathula/deep-fake/datasets/raw/Celeb-Youtube-fake/419.mp4,1,,Celeb-Youtube-fake,Celeb-Youtube-fake:419,f372b43897608a5e274cae2e7afc34eb6f7a68435fd42999abc212921bc95148
/Users/gokulmallabathula/deep-fake/datasets/raw/Celeb-Youtube-fake/4190.mp4,1,,Celeb-Youtube-fake,Celeb-Youtube-fake:4190,9d400d1f7f8873b6ac76c175a2078f66fd4443453ebeb107e081a08af84e41ec
/Users/gokulmallabathula/deep-fake/datasets/raw/Celeb-Youtube-fake/4191.mp4,1,,Celeb-Youtube-fake,Celeb-Youtube-fake:4191,151cb645353c16ea98e4a447c631a06c36a0197654c0d8abebe058bfc88e0602
/Users/gokulmallabathula/deep-fake/datasets/raw/Celeb-Youtube-fake/4192.mp4,1,,Celeb-Youtube-fake,Celeb-Youtube-fake:4192,c428d9b070afbe024a3c2f445770406969e065fc7153e23517055e477d15fa30
/Users/gokulmallabathula/deep-fake/datasets/raw/Celeb-Youtube-fake/4193.mp4,1,,Celeb-Youtube-fake,Celeb-Youtube-fake:4193,17daf8af03873d1d376f35a232573e57ccc15b4d26b7274a36fc7619145f0294
/Users/gokulmallabathula/deep-fake/datasets/raw/Celeb-Youtube-fake/4195.mp4,1,,Celeb-Youtube-fake,Celeb-Youtube-fake:4195,94348c9a41fc0f00e899c4b7f6aae99760a927b2bcd503824984ca1d30d5fd16
/Users/gokulmallabathula/deep-fake/datasets/raw/Celeb-Youtube-fake/4196.mp4,1,,Celeb-Youtube-fake,Celeb-Youtube-fake:4196,8a1fe02dcf9e4e79baf72e1f62e523cac5c922226c1b28ab4a15c4ef68be4657
/Users/gokulmallabathula/deep-fake/datasets/raw/Celeb-Youtube-fake/4197.mp4,1,,Celeb-Youtube-fake,Celeb-Youtube-fake:4197,95c7b1a25baf77588875b0aa9b1a0316050846cb71e9546e6338e8dbb757c6fb
/Users/gokulmallabathula/deep-fake/datasets/raw/Celeb-Youtube-fake/4199.mp4,1,,Celeb-Youtube-fake,Celeb-Youtube-fake:4199,524280d795585354d78da99df6b3badac5e810f40dc8d21804ea3642d97ed70a
/Users/gokulmallabathula/deep-fake/datasets/raw/Celeb-Youtube-fake/42.mp4,1,,Celeb-Youtube-fake,Celeb-Youtube-fake:42,8e44a8f3f501cc20004243398767144cf40088d67819948d33117819b78ba3b5
/Users/gokulmallabathula/deep-fake/datasets/raw/Celeb-Youtube-fake/420.mp4,1,,Celeb-Youtube-fake,Celeb-Youtube-fake:420,fc5eb09da86be28593cdfd3e385bec60643aa4f4dcdc759af6e0239ef935d53c
/Users/gokulmallabathula/deep-fake/datasets/raw/Celeb-Youtube-fake/4201.mp4,1,,Celeb-Youtube-fake,Celeb-Youtube-fake:4201,037c46892614cde2411a5007d5eacab63cb49434597857526631c9adb3877efd
/Users/gokulmallabathula/deep-fake/datasets/raw/Celeb-Youtube-fake/4204.mp4,1,,Celeb-Youtube-fake,Celeb-Youtube-fake:4204,b487dbf429bf7e923b9b0f50462b62479e035b2bd49ae4f68380f6a31a469b51
/Users/gokulmallabathula/deep-fake/datasets/raw/Celeb-Youtube-fake/4205.mp4,1,,Celeb-Youtube-fake,Celeb-Youtube-fake:4205,551d7e114949b5761907961e08b9ef7416524393e1ab23ccae8da8aef969b344
/Users/gokulmallabathula/deep-fake/datasets/raw/Celeb-Youtube-fake/4207.mp4,1,,Celeb-Youtube-fake,Celeb-Youtube-fake:4207,0cc90b17d4c6f84710a6d6a548c027e47afe5321e16f09a3a561b51170f7cbf5
/Users/gokulmallabathula/deep-fake/datasets/raw/Celeb-Youtube-fake/421.mp4,1,,Celeb-Youtube-fake,Celeb-Youtube-fake:421,69fd6e315ce45a467cd6291914a57b4da40746943c87929be9d0d55c50c65a50
/Users/gokulmallabathula/deep-fake/datasets/raw/Celeb-Youtube-fake/4211.mp4,1,,Celeb-Youtube-fake,Celeb-Youtube-fake:4211,c500d2285fd9aa19b7219f6e58459c75db7a14bdb9cddba8e506ff7a052bbee1
/Users/gokulmallabathula/deep-fake/datasets/raw/Celeb-Youtube-fake/4213.mp4,1,,Celeb-Youtube-fake,Celeb-Youtube-fake:4213,18a4c0613cefc2de6c309c7b9c7c6c9c5c101ef89e74a1663067d56a1099676f
/Users/gokulmallabathula/deep-fake/datasets/raw/Celeb-Youtube-fake/4215.mp4,1,,Celeb-Youtube-fake,Celeb-Youtube-fake:4215,1e8680ada7281a436105e72de87c44ebe00a2953b84f7efe5dd42afd16215da3
/Users/gokulmallabathula/deep-fake/datasets/raw/Celeb-Youtube-fake/4216.mp4,1,,Celeb-Youtube-fake,Celeb-Youtube-fake:4216,9b90569ec75ed315a505e9b1d984c3220c2d090fe000e5aa4fe791da5b9da6a1
/Users/gokulmallabathula/deep-fake/datasets/raw/Celeb-Youtube-fake/4217.mp4,1,,Celeb-Youtube-fake,Celeb-Youtube-fake:4217,882e8815f12c26784fb77d76263f9900faf8c49802bbce1fa715ecf4c659c493
/Users/gokulmallabathula/deep-fake/datasets/raw/Celeb-Youtube-fake/4219.mp4,1,,Celeb-Youtube-fake,Celeb-Youtube-fake:4219,99794e647da819f0968a0b68cbbe484243d8625c8cef5840e5be295af8c25daf
/Users/gokulmallabathula/deep-fake/datasets/raw/Celeb-Youtube-fake/422.mp4,1,,Celeb-Youtube-fake,Celeb-Youtube-fake:422,98f98d4c927aef3a897023f8965277d6b0467200f8c271b1b853d74a31b808f9
/Users/gokulmallabathula/deep-fake/datasets/raw/Celeb-Youtube-fake/4220.mp4,1,,Celeb-Youtube-fake,Celeb-Youtube-fake:4220,5a89b2607503d95271c42eceaa0b3c847e3863ac73ea3b8bb03672e32d35d186
/Users/gokulmallabathula/deep-fake/datasets/raw/Celeb-Youtube-fake/4221.mp4,1,,Celeb-Youtube-fake,Celeb-Youtube-fake:4221,8f7ada18b4fd51608184625771aed9a08e329f81acf4dc5e2162995ddfd5dc07
/Users/gokulmallabathula/deep-fake/datasets/raw/Celeb-Youtube-fake/4222.mp4,1,,Celeb-Youtube-fake,Celeb-Youtube-fake:4222,cbc670148dd105a37083089e3a74c882e95a099df1a40e48329029a414ed822f
/Users/gokulmallabathula/deep-fake/datasets/raw/Celeb-Youtube-fake/4223.mp4,1,,Celeb-Youtube-fake,Celeb-Youtube-fake:4223,fefa6d8e7e0ef765a0de9ed18abda3087c5ca09467f246ae7dcf23520cfd477b
/Users/gokulmallabathula/deep-fake/datasets/raw/Celeb-Youtube-fake/4224.mp4,1,,Celeb-Youtube-fake,Celeb-Youtube-fake:4224,168e433f1b177567c79db54174fccf75c6dc5cf6550589464f7907bc082965ed
/Users/gokulmallabathula/deep-fake/datasets/raw/Celeb-Youtube-fake/4226.mp4,1,,Celeb-Youtube-fake,Celeb-Youtube-fake:4226,805f0b1963b90b101a9f8a70acae58be1ae55400c000777b5d976a5c2c35e451
/Users/gokulmallabathula/deep-fake/datasets/raw/Celeb-Youtube-fake/4229.mp4,1,,Celeb-Youtube-fake,Celeb-Youtube-fake:4229,1e9cc2a87bb04518888e3fa747cc9e4c6cc01085f7fbb7c080dd16fb990d1ab7
/Users/gokulmallabathula/deep-fake/datasets/raw/Celeb-Youtube-fake/423.mp4,1,,Celeb-Youtube-fake,Celeb-Youtube-fake:423,cd99891ee018021df89d91499611207d42fc99efda3808c40b845733444c0807
/Users/gokulmallabathula/deep-fake/datasets/raw/Celeb-Youtube-fake/4230.mp4,1,,Celeb-Youtube-fake,Celeb-Youtube-fake:4230,35121023e9436b55499d6088ab953d8d5508d99aaab90c905d0d043bd685ba9b
/Users/gokulmallabathula/deep-fake/datasets/raw/Celeb-Youtube-fake/4231.mp4,1,,Celeb-Youtube-fake,Celeb-Youtube-fake:4231,5627ede9d5aa0a28f2096b91889d2536c5b986536243278d53189aa614c58894
/Users/gokulmallabathula/deep-fake/datasets/raw/Celeb-Youtube-fake/4232.mp4,1,,Celeb-Youtube-fake,Celeb-Youtube-fake:4232,caf70a133e1d27240bd49b26e3542a45ea915b0e1d7cef44525405f0032b30a9
/Users/gokulmallabathula/deep-fake/datasets/raw/Celeb-Youtube-fake/4234.mp4,1,,Celeb-Youtube-fake,Celeb-Youtube-fake:4234,6ec75b0486f9e6df3c99e4bd6933a74b627fb87d16e8a902e47562bb9b3b6304
/Users/gokulmallabathula/deep-fake/datasets/raw/Celeb-Youtube-fake/4236.mp4,1,,Celeb-Youtube-fake,Celeb-Youtube-fake:4236,6feab031075204c7d35c5eda19980af338b42333f7cd3ce363b7195f5906c932
/Users/gokulmallabathula/deep-fake/datasets/raw/Celeb-Youtube-fake/4237.mp4,1,,Celeb-Youtube-fake,Celeb-Youtube-fake:4237,b0bef9958494915fb144d2e56b0df52efdc57d57b37621923198145dea2872da
/Users/gokulmallabathula/deep-fake/datasets/raw/Celeb-Youtube-fake/4238.mp4,1,,Celeb-Youtube-fake,Celeb-Youtube-fake:4238,bbea7fe2c64a88d9fc3c0ce9b8249e47e5d6ef4fe5bf7b91c533e6af02941b07
/Users/gokulmallabathula/deep-fake/datasets/raw/Celeb-Youtube-fake/4239.mp4,1,,Celeb-Youtube-fake,Celeb-Youtube-fake:4239,f723bcb80b6213ba9779e4fe2aed2b02ca2d4f3188f1c4b686cd2f8119d0db64
/Users/gokulmallabathula/deep-fake/datasets/raw/Celeb-Youtube-fake/424.mp4,1,,Celeb-Youtube-fake,Celeb-Youtube-fake:424,38ce66b6a150d6c2271f8a8b9002ff19110ddc8e4bcdee2b11b746df5c636d7f
/Users/gokulmallabathula/deep-fake/datasets/raw/Celeb-Youtube-fake/4241.mp4,1,,Celeb-Youtube-fake,Celeb-Youtube-fake:4241,8eb92e7292fb4cdc7673726ae45ac4e3038ffc97fde40d546747ab305405cd11
/Users/gokulmallabathula/deep-fake/datasets/raw/Celeb-Youtube-fake/4242.mp4,1,,Celeb-Youtube-fake,Celeb-Youtube-fake:4242,60f860aac2a4e5c2ae1bd23f4d3d981641d8b3b8dade61f09cdf793b806600fe
/Users/gokulmallabathula/deep-fake/datasets/raw/Celeb-Youtube-fake/4244.mp4,1,,Celeb-Youtube-fake,Celeb-Youtube-fake:4244,ce80fa33bf9e1a97dd9856dafd9e5f16894264225160bccebf3aea290186da97
/Users/gokulmallabathula/deep-fake/datasets/raw/Celeb-Youtube-fake/4246.mp4,1,,Celeb-Youtube-fake,Celeb-Youtube-fake:4246,18469d343bbfe6a564841a7b73ef3afcd478d5779adb2b87aa7259735657bdef
/Users/gokulmallabathula/deep-fake/datasets/raw/Celeb-Youtube-fake/4247.mp4,1,,Celeb-Youtube-fake,Celeb-Youtube-fake:4247,5a762ee703bbd364785d1e1c266809949b28cac7a99bc956a2578e0f4d2f0e83
/Users/gokulmallabathula/deep-fake/datasets/raw/Celeb-Youtube-fake/425.mp4,1,,Celeb-Youtube-fake,Celeb-Youtube-fake:425,f3e7de13c425de5c2382e5fe5254712f3545835d66d75d92c79424e130079521
/Users/gokulmallabathula/deep-fake/datasets/raw/Celeb-Youtube-fake/4250.mp4,1,,Celeb-Youtube-fake,Celeb-Youtube-fake:4250,987953630be92ca0509920892ce245eb15038eef48fa2e060bc12c711bd11ad8
/Users/gokulmallabathula/deep-fake/datasets/raw/Celeb-Youtube-fake/4251.mp4,1,,Celeb-Youtube-fake,Celeb-Youtube-fake:4251,1c49fd55d349f750aff6fb8f97d3b54a023180c3298f0b07e2bc620738262bad
/Users/gokulmallabathula/deep-fake/datasets/raw/Celeb-Youtube-fake/4252.mp4,1,,Celeb-Youtube-fake,Celeb-Youtube-fake:4252,612ee33d9a1babca24cf629b9affb7fcfa79e1c92b1733204122d59656c094d7
/Users/gokulmallabathula/deep-fake/datasets/raw/Celeb-Youtube-fake/4253.mp4,1,,Celeb-Youtube-fake,Celeb-Youtube-fake:4253,d17923f5fd55534fcfb5d4bd603c3e950e31d9f15d1b5e3fbe1f20640e76ad03
/Users/gokulmallabathula/deep-fake/datasets/raw/Celeb-Youtube-fake/4256.mp4,1,,Celeb-Youtube-fake,Celeb-Youtube-fake:4256,e712f50dab7a2814dddc1bd6480d463d42cdab95714c621da6a6706ee1ca8fc6
/Users/gokulmallabathula/deep-fake/datasets/raw/Celeb-Youtube-fake/4259.mp4,1,,Celeb-Youtube-fake,Celeb-Youtube-fake:4259,453905a36ab55f510048f196cb12a64af38f27868e403529448af672223caf48
/Users/gokulmallabathula/deep-fake/datasets/raw/Celeb-Youtube-fake/426.mp4,1,,Celeb-Youtube-fake,Celeb-Youtube-fake:426,2e17a5f2e2cc304061dd5074d50dab4637bc3ecb413deb593e7df49ddbcfa629
/Users/gokulmallabathula/deep-fake/datasets/raw/Celeb-Youtube-fake/4262.mp4,1,,Celeb-Youtube-fake,Celeb-Youtube-fake:4262,03e04cd17ba137957461fd842d537dbc24a03b742a7ec12fa4e202cf8d8b029c
/Users/gokulmallabathula/deep-fake/datasets/raw/Celeb-Youtube-fake/4263.mp4,1,,Celeb-Youtube-fake,Celeb-Youtube-fake:4263,1070cb9fc39c7094a520e876000b4a2d20236b7ceafde5f839abd39ff0652195
/Users/gokulmallabathula/deep-fake/datasets/raw/Celeb-Youtube-fake/4264.mp4,1,,Celeb-Youtube-fake,Celeb-Youtube-fake:4264,c661e60b6459c42d0b84f4d0bf812e0c6f08ba5c89038b5f22f55ed3c37ce661
/Users/gokulmallabathula/deep-fake/datasets/raw/Celeb-Youtube-fake/4266.mp4,1,,Celeb-Youtube-fake,Celeb-Youtube-fake:4266,a9b727cbd20a965d21ffba5306273993c05e6421a122226e7918346b49b9ef17
/Users/gokulmallabathula/deep-fake/datasets/raw/Celeb-Youtube-fake/427.mp4,1,,Celeb-Youtube-fake,Celeb-Youtube-fake:427,20514b0274b3572b67254fce021693c0d4a38bcd14c4d4cbb053573eb4f862b7
/Users/gokulmallabathula/deep-fake/datasets/raw/Celeb-Youtube-fake/4270.mp4,1,,Celeb-Youtube-fake,Celeb-Youtube-fake:4270,739e94a85145bbfbf58051740deb2ad6f810fdfddc95532dcce3b204d1f15fe7
/Users/gokulmallabathula/deep-fake/datasets/raw/Celeb-Youtube-fake/4272.mp4,1,,Celeb-Youtube-fake,Celeb-Youtube-fake:4272,c6649733e87d10636ad37b6e3ea5558b1a7b3e4ff5fddbc8b21b7f57ed4ae1a8
/Users/gokulmallabathula/deep-fake/datasets/raw/Celeb-Youtube-fake/4273.mp4,1,,Celeb-Youtube-fake,Celeb-Youtube-fake:4273,9dae3ab811a063261bcdad0d20e56eea4b6a2dc9f13b3de43a46d5dfa9ae826c
/Users/gokulmallabathula/deep-fake/datasets/raw/Celeb-Youtube-fake/4274.mp4,1,,Celeb-Youtube-fake,Celeb-Youtube-fake:4274,650588a47ef9eec5322e49bf630bb8199a9410a00c36373e5f8d5061e3724298
/Users/gokulmallabathula/deep-fake/datasets/raw/Celeb-Youtube-fake/4275.mp4,1,,Celeb-Youtube-fake,Celeb-Youtube-fake:4275,faec135e97e33768a9934f728b13967ce872aa65028574223ecb2e2334fbc55c
/Users/gokulmallabathula/deep-fake/datasets/raw/Celeb-Youtube-fake/4277.mp4,1,,Celeb-Youtube-fake,Celeb-Youtube-fake:4277,3cda44376a03cc870667e12caa4512919b586c7ead8236f1ff71661633aaae47
/Users/gokulmallabathula/deep-fake/datasets/raw/Celeb-Youtube-fake/4278.mp4,1,,Celeb-Youtube-fake,Celeb-Youtube-fake:4278,87558e2b067782716ec13cb20b1ba923973ae943408eabe84b877040d72d82b0
/Users/gokulmallabathula/deep-fake/datasets/raw/Celeb-Youtube-fake/4279.mp4,1,,Celeb-Youtube-fake,Celeb-Youtube-fake:4279,7fa4defb2aa63740caa6f2d456308ba906a6c21d30ab58558aabb1170ef93c7f
/Users/gokulmallabathula/deep-fake/datasets/raw/Celeb-Youtube-fake/428.mp4,1,,Celeb-Youtube-fake,Celeb-Youtube-fake:428,0a9ce72c57a71595087e7de81e9f604ba11184801161f69b1f5742b4efd74de0
/Users/gokulmallabathula/deep-fake/datasets/raw/Celeb-Youtube-fake/4280.mp4,1,,Celeb-Youtube-fake,Celeb-Youtube-fake:4280,45c402655f3fc2bfbbfce11f2b293d3be393da4bac996438eda1e5db6d36b99c
/Users/gokulmallabathula/deep-fake/datasets/raw/Celeb-Youtube-fake/4281.mp4,1,,Celeb-Youtube-fake,Celeb-Youtube-fake:4281,5ee6dcde31607043e3efe0ba8e28bdfa5398616add770d8a86554dbb9b687a1b
/Users/gokulmallabathula/deep-fake/datasets/raw/Celeb-Youtube-fake/4282.mp4,1,,Celeb-Youtube-fake,Celeb-Youtube-fake:4282,146a3ada14b1f39c831010e3f1ed709469ae4a7bbcd7d7cac717abfd61ace6e7
/Users/gokulmallabathula/deep-fake/datasets/raw/Celeb-Youtube-fake/4283.mp4,1,,Celeb-Youtube-fake,Celeb-Youtube-fake:4283,b948ca0c6eb54b4eeb39f5d5aea25a0f4c1170d8de4caf7dfeab100abd47097a
/Users/gokulmallabathula/deep-fake/datasets/raw/Celeb-Youtube-fake/4284.mp4,1,,Celeb-Youtube-fake,Celeb-Youtube-fake:4284,571f9749cdd4980fcd2f14276e58dd0588c7c9cb163a7ae121a815ce88223dd8
/Users/gokulmallabathula/deep-fake/datasets/raw/Celeb-Youtube-fake/4286.mp4,1,,Celeb-Youtube-fake,Celeb-Youtube-fake:4286,a1bf25f8118d65ee8681eff5de506efdb9d82f8bce13d5437db5398414b649dd
/Users/gokulmallabathula/deep-fake/datasets/raw/Celeb-Youtube-fake/4287.mp4,1,,Celeb-Youtube-fake,Celeb-Youtube-fake:4287,069da77539bd20d85889848698abc2712bb057b3535b864408ffdbede5ad29a0
/Users/gokulmallabathula/deep-fake/datasets/raw/Celeb-Youtube-fake/4288.mp4,1,,Celeb-Youtube-fake,Celeb-Youtube-fake:4288,90fd0adcec5e60ceb498bc6679b13d515d447fee389e8fd818c0c1a2b5a188c0
/Users/gokulmallabathula/deep-fake/datasets/raw/Celeb-Youtube-fake/4289.mp4,1,,Celeb-Youtube-fake,Celeb-Youtube-fake:4289,c38a16091811f3aa987936bb1bd415f8095ce7c2079c0cd89660a36227186d6f
/Users/gokulmallabathula/deep-fake/datasets/raw/Celeb-Youtube-fake/429.mp4,1,,Celeb-Youtube-fake,Celeb-Youtube-fake:429,ee7bf0ad3aff970cfe92f2c0824ee85683024e788a6f0467dd5a86c1028afca9
/Users/gokulmallabathula/deep-fake/datasets/raw/Celeb-Youtube-fake/4291.mp4,1,,Celeb-Youtube-fake,Celeb-Youtube-fake:4291,0a87d8e924d7e870e327c1081cf0cfdd49721abadd74c196bff1a5e0c3d7023b
/Users/gokulmallabathula/deep-fake/datasets/raw/Celeb-Youtube-fake/4292.mp4,1,,Celeb-Youtube-fake,Celeb-Youtube-fake:4292,8c9b471f006d7567329330652a7901f9fbb1c24f3d3974d8a6a5734210a45e6f
/Users/gokulmallabathula/deep-fake/datasets/raw/Celeb-Youtube-fake/4293.mp4,1,,Celeb-Youtube-fake,Celeb-Youtube-fake:4293,6640fd18b09f4e3ec68cfffa7f13e9f9b319a902f563c58c0b028d8bea10c7bb
/Users/gokulmallabathula/deep-fake/datasets/raw/Celeb-Youtube-fake/4294.mp4,1,,Celeb-Youtube-fake,Celeb-Youtube-fake:4294,5acd304f50b96ec5af602336489cf2e2a10b8dc6bd43fdbf82f5f957cb6aa7be
/Users/gokulmallabathula/deep-fake/datasets/raw/Celeb-Youtube-fake/4295.mp4,1,,Celeb-Youtube-fake,Celeb-Youtube-fake:4295,2314fc14c64c5d298b7fce4d95509f79d9e09d437295f46a545704bb3c311037
/Users/gokulmallabathula/deep-fake/datasets/raw/Celeb-Youtube-fake/4296.mp4,1,,Celeb-Youtube-fake,Celeb-Youtube-fake:4296,3e6c0b02d903184d3e409335e3f1356fdef4e3a1d35ac458b46b356b48aada54
/Users/gokulmallabathula/deep-fake/datasets/raw/Celeb-Youtube-fake/4297.mp4,1,,Celeb-Youtube-fake,Celeb-Youtube-fake:4297,663fe83a52fb49cf58e82906453f8f296fe970679cdacac9fc237cd4abbcebb8
/Users/gokulmallabathula/deep-fake/datasets/raw/Celeb-Youtube-fake/4298.mp4,1,,Celeb-Youtube-fake,Celeb-Youtube-fake:4298,fb4542547504f05246d434e5a7c9b3427d5464495d5640ab02018a60ee5067c8
/Users/gokulmallabathula/deep-fake/datasets/raw/Celeb-Youtube-fake/4299.mp4,1,,Celeb-Youtube-fake,Celeb-Youtube-fake:4299,b8b7e6180c4adc48f0490486fbe7de8e0a332a73771f1c0f94565e0e4f51e5bd
/Users/gokulmallabathula/deep-fake/datasets/raw/Celeb-Youtube-fake/43.mp4,1,,Celeb-Youtube-fake,Celeb-Youtube-fake:43,d116c065f223e3e9839922c37c2a62a8dfeedad474bf82d935d82161574f40e0
/Users/gokulmallabathula/deep-fake/datasets/raw/Celeb-Youtube-fake/4300.mp4,1,,Celeb-Youtube-fake,Celeb-Youtube-fake:4300,0dbbf3a500425a3f25040e8199dfa4621d492b34e772df4f0744fd3524c41952
/Users/gokulmallabathula/deep-fake/datasets/raw/Celeb-Youtube-fake/4303.mp4,1,,Celeb-Youtube-fake,Celeb-Youtube-fake:4303,78baf459fc16aa1d1157f4a23f9f2210a146dce3e51b087017b243b15cb7bc49
/Users/gokulmallabathula/deep-fake/datasets/raw/Celeb-Youtube-fake/4304.mp4,1,,Celeb-Youtube-fake,Celeb-Youtube-fake:4304,d8ac92a9044bf7223b80a1d8a7e730d2e667ec6fbecd8337b44e32d5fc402358
/Users/gokulmallabathula/deep-fake/datasets/raw/Celeb-Youtube-fake/4306.mp4,1,,Celeb-Youtube-fake,Celeb-Youtube-fake:4306,8cbf0bf813d7fa28605951b6179306a1d0ca9d6c6575dae4a1b2a27a32f5771b
/Users/gokulmallabathula/deep-fake/datasets/raw/Celeb-Youtube-fake/4307.mp4,1,,Celeb-Youtube-fake,Celeb-Youtube-fake:4307,5b8b13b9af54ae78447d88152429e6233a9a91cf0341a445a0a2be5e70056b55
/Users/gokulmallabathula/deep-fake/datasets/raw/Celeb-Youtube-fake/4308.mp4,1,,Celeb-Youtube-fake,Celeb-Youtube-fake:4308,8e16b1754ec824aebcec8b8037abece402410a1d8e1cb2aa2563cf94fc8bde33
/Users/gokulmallabathula/deep-fake/datasets/raw/Celeb-Youtube-fake/431.mp4,1,,Celeb-Youtube-fake,Celeb-Youtube-fake:431,4cbf8eea770352696d4d4d78cd48c51294963f8815d64c45ba0543848b7dade3
/Users/gokulmallabathula/deep-fake/datasets/raw/Celeb-Youtube-fake/4310.mp4,1,,Celeb-Youtube-fake,Celeb-Youtube-fake:4310,20b55ae941f0431369861bfdf590693307236edca512ade3d4d5bac8e3a98389
/Users/gokulmallabathula/deep-fake/datasets/raw/Celeb-Youtube-fake/4312.mp4,1,,Celeb-Youtube-fake,Celeb-Youtube-fake:4312,719de2da8e683f13f0f3f05b2ee41feb4bf8a01d5eb617d7a93ef462475b260f
/Users/gokulmallabathula/deep-fake/datasets/raw/Celeb-Youtube-fake/4313.mp4,1,,Celeb-Youtube-fake,Celeb-Youtube-fake:4313,686479a6728caece44b2975c35d1bce2627399867af0a4f97668e491c490baeb
/Users/gokulmallabathula/deep-fake/datasets/raw/Celeb-Youtube-fake/4314.mp4,1,,Celeb-Youtube-fake,Celeb-Youtube-fake:4314,f714b28fdf8b76166c613a45614f9f6ac93d9030724311988c97f191372009e4
/Users/gokulmallabathula/deep-fake/datasets/raw/Celeb-Youtube-fake/4316.mp4,1,,Celeb-Youtube-fake,Celeb-Youtube-fake:4316,2189dc0a1a3d16a93de89c26e3cdfcd72cd8c3ced70a24ceb49b69af225d0eb2
/Users/gokulmallabathula/deep-fake/datasets/raw/Celeb-Youtube-fake/4317.mp4,1,,Celeb-Youtube-fake,Celeb-Youtube-fake:4317,c65227ba25a2b03dc422b33c6ed56887a48378c2c5b2c473060585bb2adfae58
/Users/gokulmallabathula/deep-fake/datasets/raw/Celeb-Youtube-fake/4318.mp4,1,,Celeb-Youtube-fake,Celeb-Youtube-fake:4318,f41de32ce0ec42555913dc17136ea0d111a739157c9628621636ee2e6f6e3001
/Users/gokulmallabathula/deep-fake/datasets/raw/Celeb-Youtube-fake/432.mp4,1,,Celeb-Youtube-fake,Celeb-Youtube-fake:432,199cfe9371e955318a51f91d6474fb9691ccf4b3a3b62ba9d88bd813faa69a4e
/Users/gokulmallabathula/deep-fake/datasets/raw/Celeb-Youtube-fake/4321.mp4,1,,Celeb-Youtube-fake,Celeb-Youtube-fake:4321,b553013386a7671005dd373ac47f2857aecfe18f9b8a3e0f8f6d143181cae390
/Users/gokulmallabathula/deep-fake/datasets/raw/Celeb-Youtube-fake/4322.mp4,1,,Celeb-Youtube-fake,Celeb-Youtube-fake:4322,afd377e5de9868882ae15eeb8c6a4c27f1b4d0c4d9709415048af8a723f0a18b
/Users/gokulmallabathula/deep-fake/datasets/raw/Celeb-Youtube-fake/4323.mp4,1,,Celeb-Youtube-fake,Celeb-Youtube-fake:4323,d3aaca3aa85f3be96cfc267a2763b46a3d7541a63f544d217e14331034667061
/Users/gokulmallabathula/deep-fake/datasets/raw/Celeb-Youtube-fake/4324.mp4,1,,Celeb-Youtube-fake,Celeb-Youtube-fake:4324,648d282de4a6d03a97d76d6d19f8e821d0341db32fad7b0d729afc7568ca900e
/Users/gokulmallabathula/deep-fake/datasets/raw/Celeb-Youtube-fake/4325.mp4,1,,Celeb-Youtube-fake,Celeb-Youtube-fake:4325,d941aba765521026ab9b62a58221d063993e82f1b1724ce987396d8e3cb8345f
/Users/gokulmallabathula/deep-fake/datasets/raw/Celeb-Youtube-fake/4327.mp4,1,,Celeb-Youtube-fake,Celeb-Youtube-fake:4327,557045111078b9d8bb70a405c0a6d8de2d587b41f638a1927eacae16e81eb815
/Users/gokulmallabathula/deep-fake/datasets/raw/Celeb-Youtube-fake/4328.mp4,1,,Celeb-Youtube-fake,Celeb-Youtube-fake:4328,e9bb1fa7d071487e7550c67e83f042cc00af444162fce3ec072361ae53826c6c
/Users/gokulmallabathula/deep-fake/datasets/raw/Celeb-Youtube-fake/4329.mp4,1,,Celeb-Youtube-fake,Celeb-Youtube-fake:4329,404a1d574690b075cb2677a05ad72c03520cbb9e7bd2d38e8f741a003af46847
/Users/gokulmallabathula/deep-fake/datasets/raw/Celeb-Youtube-fake/4330.mp4,1,,Celeb-Youtube-fake,Celeb-Youtube-fake:4330,7d46e7e88ecaf286fed8279ceb78edeaca9243c93738201cf57c1a44036c4857
/Users/gokulmallabathula/deep-fake/datasets/raw/Celeb-Youtube-fake/4331.mp4,1,,Celeb-Youtube-fake,Celeb-Youtube-fake:4331,0ec866c5dbc130608e74f0f8b41dc565b28fad57c8e78fa980b7a6a259d3bc3c
/Users/gokulmallabathula/deep-fake/datasets/raw/Celeb-Youtube-fake/4332.mp4,1,,Celeb-Youtube-fake,Celeb-Youtube-fake:4332,2d43662a737a495c24fbaac96ffde09828d338d1d0f6c75b7716111418d396dd
/Users/gokulmallabathula/deep-fake/datasets/raw/Celeb-Youtube-fake/4333.mp4,1,,Celeb-Youtube-fake,Celeb-Youtube-fake:4333,aaec1cf94a5390107d653461847ab7007095805366ae70529cf06932bbe7e4f6
/Users/gokulmallabathula/deep-fake/datasets/raw/Celeb-Youtube-fake/4334.mp4,1,,Celeb-Youtube-fake,Celeb-Youtube-fake:4334,9d9442908d39b4ee3edf6c1ef6979d0debe9cb684341f090a0be74e6f6132baf
/Users/gokulmallabathula/deep-fake/datasets/raw/Celeb-Youtube-fake/4335.mp4,1,,Celeb-Youtube-fake,Celeb-Youtube-fake:4335,77ed33fdcd4ab23df4db698e74f66761da6ef734e68cb379801785e884875a07
/Users/gokulmallabathula/deep-fake/datasets/raw/Celeb-Youtube-fake/4336.mp4,1,,Celeb-Youtube-fake,Celeb-Youtube-fake:4336,7c06332140e98ff318c24ab70e0f2979df32f985b6b59eeeb16bd63be99e5da2
/Users/gokulmallabathula/deep-fake/datasets/raw/Celeb-Youtube-fake/4338.mp4,1,,Celeb-Youtube-fake,Celeb-Youtube-fake:4338,bde9e9fe1f3b18558a9ef88bed1f23e4fdb6028acd1f1f1f074bf2262ca0c35f
/Users/gokulmallabathula/deep-fake/datasets/raw/Celeb-Youtube-fake/4339.mp4,1,,Celeb-Youtube-fake,Celeb-Youtube-fake:4339,3f3dd414d769c130511aef9fb126fc12799a6a784d433095884517b54845d314
/Users/gokulmallabathula/deep-fake/datasets/raw/Celeb-Youtube-fake/434.mp4,1,,Celeb-Youtube-fake,Celeb-Youtube-fake:434,5996e821be0723ec9cbe69f53943f52631583689afda1d2e27344ec409f3735e
/Users/gokulmallabathula/deep-fake/datasets/raw/Celeb-Youtube-fake/4341.mp4,1,,Celeb-Youtube-fake,Celeb-Youtube-fake:4341,effb6e0a154d963d79e55f6e3e401d6d18425b29ffde7bdbd740a84e03e78cb6
/Users/gokulmallabathula/deep-fake/datasets/raw/Celeb-Youtube-fake/4344.mp4,1,,Celeb-Youtube-fake,Celeb-Youtube-fake:4344,42e8e2aec4c1aafb26a42249d74e5331dc1924e5c9c98d70e9730ad508cffa48
/Users/gokulmallabathula/deep-fake/datasets/raw/Celeb-Youtube-fake/4346.mp4,1,,Celeb-Youtube-fake,Celeb-Youtube-fake:4346,4ca2bdd12ab6511204519c4716f03db0e65daf55125e200705c9f72352955356
/Users/gokulmallabathula/deep-fake/datasets/raw/Celeb-Youtube-fake/4347.mp4,1,,Celeb-Youtube-fake,Celeb-Youtube-fake:4347,9a82f05e81c4b23cc2c3370287fcdb0573d0d17e42bfbd3fc5ad2c410687785d
/Users/gokulmallabathula/deep-fake/datasets/raw/Celeb-Youtube-fake/4348.mp4,1,,Celeb-Youtube-fake,Celeb-Youtube-fake:4348,465c67d4d18515687c91186262671a37fb1e43b28b041a085ec118fecb10f3ce
/Users/gokulmallabathula/deep-fake/datasets/raw/Celeb-Youtube-fake/4351.mp4,1,,Celeb-Youtube-fake,Celeb-Youtube-fake:4351,ac775bb3f1cf2016c47d62f68a57dddb57ed5db2f24b93448e513cef32456352
/Users/gokulmallabathula/deep-fake/datasets/raw/Celeb-Youtube-fake/4353.mp4,1,,Celeb-Youtube-fake,Celeb-Youtube-fake:4353,20f912f30512424eaf1b697420d2d7b03c5562ccc1f6dc71949833f94b99b460
/Users/gokulmallabathula/deep-fake/datasets/raw/Celeb-Youtube-fake/4354.mp4,1,,Celeb-Youtube-fake,Celeb-Youtube-fake:4354,833c1ade2c4168c418028706ddcad58baf6185ca5072eb6efb436e434735dd3b
/Users/gokulmallabathula/deep-fake/datasets/raw/Celeb-Youtube-fake/4356.mp4,1,,Celeb-Youtube-fake,Celeb-Youtube-fake:4356,f54dca2a9cf5037e542fde0e4f8382edd2ed3bd3cafb2ed304c9e4c0c74fc4ad
/Users/gokulmallabathula/deep-fake/datasets/raw/Celeb-Youtube-fake/4357.mp4,1,,Celeb-Youtube-fake,Celeb-Youtube-fake:4357,a6a1ff467f2689e3a70d30435bdd5ce195727c16f4fc4b2a7421c00ce8a2fa31
/Users/gokulmallabathula/deep-fake/datasets/raw/Celeb-Youtube-fake/4358.mp4,1,,Celeb-Youtube-fake,Celeb-Youtube-fake:4358,817b15f6f69d4d7e310f882ed4b6da78adfec8d4cfc4ae240a0073533adc8d05
/Users/gokulmallabathula/deep-fake/datasets/raw/Celeb-Youtube-fake/4359.mp4,1,,Celeb-Youtube-fake,Celeb-Youtube-fake:4359,260118bf17bc40620d1e847300883036325e8119be6e03b517d257a47abdb963
/Users/gokulmallabathula/deep-fake/datasets/raw/Celeb-Youtube-fake/436.mp4,1,,Celeb-Youtube-fake,Celeb-Youtube-fake:436,115acd73f7f82ba7488322ca9926f07c85ed835dd0fe2ad7b48d1694c8e55e5d
/Users/gokulmallabathula/deep-fake/datasets/raw/Celeb-Youtube-fake/4360.mp4,1,,Celeb-Youtube-fake,Celeb-Youtube-fake:4360,def57cb75649cb99ddabd17686c38a17dab129acd5ef0b74eaeffa318663360e
/Users/gokulmallabathula/deep-fake/datasets/raw/Celeb-Youtube-fake/4361.mp4,1,,Celeb-Youtube-fake,Celeb-Youtube-fake:4361,fb20b5845bf4059bdce0045cee0873f58b8819abe836dc3fb1ff7e63b99b5de2
/Users/gokulmallabathula/deep-fake/datasets/raw/Celeb-Youtube-fake/4362.mp4,1,,Celeb-Youtube-fake,Celeb-Youtube-fake:4362,8502dbabaf7cb873e23e3afc48dc6a86d5e13ae6a5f867e78d18f8ca3dfe8c47
/Users/gokulmallabathula/deep-fake/datasets/raw/Celeb-Youtube-fake/4364.mp4,1,,Celeb-Youtube-fake,Celeb-Youtube-fake:4364,db0c273f5e34cba15c3025d829a469451298667fdfa43453d478aef08da0afe5
/Users/gokulmallabathula/deep-fake/datasets/raw/Celeb-Youtube-fake/4368.mp4,1,,Celeb-Youtube-fake,Celeb-Youtube-fake:4368,13d13af7f6cee7f18b61097406fce958a904c27f9fbc5307e535300a74d45fc4
/Users/gokulmallabathula/deep-fake/datasets/raw/Celeb-Youtube-fake/437.mp4,1,,Celeb-Youtube-fake,Celeb-Youtube-fake:437,5a98a3924a20d577d87f3d2e16d087d616daf984bf73a52c537d620010e94682
/Users/gokulmallabathula/deep-fake/datasets/raw/Celeb-Youtube-fake/4370.mp4,1,,Celeb-Youtube-fake,Celeb-Youtube-fake:4370,94f059acb4d661a41038ef91a162f187d483bff5dd124295c255b674861f9af0
/Users/gokulmallabathula/deep-fake/datasets/raw/Celeb-Youtube-fake/4371.mp4,1,,Celeb-Youtube-fake,Celeb-Youtube-fake:4371,37b0ba49381440f55c3336b8999d7abd67d4cab325aeacac2f9ba35b111765f2
/Users/gokulmallabathula/deep-fake/datasets/raw/Celeb-Youtube-fake/4372.mp4,1,,Celeb-Youtube-fake,Celeb-Youtube-fake:4372,1f5451645534788adaf7537af9d8909e8fe60c9d3681f0161373151e27489092
/Users/gokulmallabathula/deep-fake/datasets/raw/Celeb-Youtube-fake/4373.mp4,1,,Celeb-Youtube-fake,Celeb-Youtube-fake:4373,f0c088fbde6b100cbce45fc8b08b8bdf36c930f8f46c1eb2c9c37939a46afc0d
/Users/gokulmallabathula/deep-fake/datasets/raw/Celeb-Youtube-fake/4376.mp4,1,,Celeb-Youtube-fake,Celeb-Youtube-fake:4376,5c3098500252e96b2e50ec76897689ff6037588bc5fea2dcda35064d027ff8fe
/Users/gokulmallabathula/deep-fake/datasets/raw/Celeb-Youtube-fake/4378.mp4,1,,Celeb-Youtube-fake,Celeb-Youtube-fake:4378,5d94c7be7f3ace98505f333bbc2c6427e2fb8123846d2b30d47198b456838d4a
/Users/gokulmallabathula/deep-fake/datasets/raw/Celeb-Youtube-fake/4379.mp4,1,,Celeb-Youtube-fake,Celeb-Youtube-fake:4379,84c491e2fc7267caed7fcd86afe9da5c93c44996732ab5f45d7258fe04c0dcc6
/Users/gokulmallabathula/deep-fake/datasets/raw/Celeb-Youtube-fake/438.mp4,1,,Celeb-Youtube-fake,Celeb-Youtube-fake:438,1d4224d60dea8fa909faf51b9de0f13cc1a491caea786d17561e2204f4a38c72
/Users/gokulmallabathula/deep-fake/datasets/raw/Celeb-Youtube-fake/4381.mp4,1,,Celeb-Youtube-fake,Celeb-Youtube-fake:4381,eec79f181a8535f5aee34a276efd5802b6c114c5238f784b00a682550b5b28ce
/Users/gokulmallabathula/deep-fake/datasets/raw/Celeb-Youtube-fake/4382.mp4,1,,Celeb-Youtube-fake,Celeb-Youtube-fake:4382,24b28494893bf8cad139b9e6a9c13cca9f558414a94347443662620d090e2905
/Users/gokulmallabathula/deep-fake/datasets/raw/Celeb-Youtube-fake/4383.mp4,1,,Celeb-Youtube-fake,Celeb-Youtube-fake:4383,557809e77c1212b48099ffaf7109a77d9b0b51f200a9958d77032947f2179f9c
/Users/gokulmallabathula/deep-fake/datasets/raw/Celeb-Youtube-fake/4384.mp4,1,,Celeb-Youtube-fake,Celeb-Youtube-fake:4384,529c04fe7866fecef40615b31ee8f916ba66201328f932283f0a7544fbd4151f
/Users/gokulmallabathula/deep-fake/datasets/raw/Celeb-Youtube-fake/4387.mp4,1,,Celeb-Youtube-fake,Celeb-Youtube-fake:4387,9c1848ceef5cdb3219b00381df4d25803443fa7fe17ae30af48bcd2df1bab2b2
/Users/gokulmallabathula/deep-fake/datasets/raw/Celeb-Youtube-fake/439.mp4,1,,Celeb-Youtube-fake,Celeb-Youtube-fake:439,c9a5add695fa4260d81257aec60a02a5572b856148745f0fad3141c7c2b917c9
/Users/gokulmallabathula/deep-fake/datasets/raw/Celeb-Youtube-fake/4390.mp4,1,,Celeb-Youtube-fake,Celeb-Youtube-fake:4390,7d6b275a7bf51c4d3ecd2a97b6fe43669d4a23eba05347fa69970bbc3a0c6f87
/Users/gokulmallabathula/deep-fake/datasets/raw/Celeb-Youtube-fake/4392.mp4,1,,Celeb-Youtube-fake,Celeb-Youtube-fake:4392,6e9c4aa9431578d2d6ef5d9e6ce3f428d4ef7f64cbe73060170017190f937ee3
/Users/gokulmallabathula/deep-fake/datasets/raw/Celeb-Youtube-fake/4393.mp4,1,,Celeb-Youtube-fake,Celeb-Youtube-fake:4393,0623ea229043e100467a77666da73f3cecd368c7f59d7ce07344c3e77826202f
/Users/gokulmallabathula/deep-fake/datasets/raw/Celeb-Youtube-fake/4396.mp4,1,,Celeb-Youtube-fake,Celeb-Youtube-fake:4396,a00a89e503d9422d5ef8f73fb453374f061045019ddaa002d2d6854eee1ce0b9
/Users/gokulmallabathula/deep-fake/datasets/raw/Celeb-Youtube-fake/4397.mp4,1,,Celeb-Youtube-fake,Celeb-Youtube-fake:4397,e26f142b9651c6f9494d397958e4acd15feb260c01278a59cf9ab823176fdbed
/Users/gokulmallabathula/deep-fake/datasets/raw/Celeb-Youtube-fake/44.mp4,1,,Celeb-Youtube-fake,Celeb-Youtube-fake:44,b52bac0ecae03a8cfc7df00bd85ca31a18c299d7b7fe3dfc047bcebce00694c3
/Users/gokulmallabathula/deep-fake/datasets/raw/Celeb-Youtube-fake/4400.mp4,1,,Celeb-Youtube-fake,Celeb-Youtube-fake:4400,d43b0c2acb16f47bb76f72b8591881134f8873bf0d20a403175bf1741df2f2e6
/Users/gokulmallabathula/deep-fake/datasets/raw/Celeb-Youtube-fake/4402.mp4,1,,Celeb-Youtube-fake,Celeb-Youtube-fake:4402,aada94f0193cc3fdfc22e16f7caf7802921439fb92c59911e50ffe6bac65e22c
/Users/gokulmallabathula/deep-fake/datasets/raw/Celeb-Youtube-fake/4406.mp4,1,,Celeb-Youtube-fake,Celeb-Youtube-fake:4406,0b46a9e730e4fcd3ccb7120093ea573548055c7bab912c07278d40cb8b06d710
/Users/gokulmallabathula/deep-fake/datasets/raw/Celeb-Youtube-fake/4407.mp4,1,,Celeb-Youtube-fake,Celeb-Youtube-fake:4407,2b11c18ee1217deb31928af575dc7706191c9bbb806b6a9648d41f1deb7bd7e2
/Users/gokulmallabathula/deep-fake/datasets/raw/Celeb-Youtube-fake/4409.mp4,1,,Celeb-Youtube-fake,Celeb-Youtube-fake:4409,c7740fea75ab6ba38c40000a83aafe1f627739d496e0229448ed6ea8efeabe38
/Users/gokulmallabathula/deep-fake/datasets/raw/Celeb-Youtube-fake/441.mp4,1,,Celeb-Youtube-fake,Celeb-Youtube-fake:441,8e4187d009e15a8ed83f1a6d7339c95ed2bc29743685c482769dfa20c0c7c920
/Users/gokulmallabathula/deep-fake/datasets/raw/Celeb-Youtube-fake/4410.mp4,1,,Celeb-Youtube-fake,Celeb-Youtube-fake:4410,6ff040712e7c05afd5b34027171f8f9e4d9f6065631420712b06638a6e32a47b
/Users/gokulmallabathula/deep-fake/datasets/raw/Celeb-Youtube-fake/4411.mp4,1,,Celeb-Youtube-fake,Celeb-Youtube-fake:4411,411f77a56d102f2eea5411bba744e2c6578e116da750bbc868c85aff7a0cbc24
/Users/gokulmallabathula/deep-fake/datasets/raw/Celeb-Youtube-fake/4412.mp4,1,,Celeb-Youtube-fake,Celeb-Youtube-fake:4412,f8035d880f2db64c6d1ea014724bd954a859ea7814c563f536080e212f4c7776
/Users/gokulmallabathula/deep-fake/datasets/raw/Celeb-Youtube-fake/4413.mp4,1,,Celeb-Youtube-fake,Celeb-Youtube-fake:4413,599020f17c0fb5671297524a5696e3ab26171cd3a23aad5b11202990a22ac41a
/Users/gokulmallabathula/deep-fake/datasets/raw/Celeb-Youtube-fake/4414.mp4,1,,Celeb-Youtube-fake,Celeb-Youtube-fake:4414,1f9728cdc0eda89a4cfbbdfd9d6d3977093433e8698428178bbcaa9092b9c4a0
/Users/gokulmallabathula/deep-fake/datasets/raw/Celeb-Youtube-fake/4415.mp4,1,,Celeb-Youtube-fake,Celeb-Youtube-fake:4415,3a9512319d88c39354a9735616fa5d7d69efb136db3ac87f3307a81ea48c5c71
/Users/gokulmallabathula/deep-fake/datasets/raw/Celeb-Youtube-fake/4416.mp4,1,,Celeb-Youtube-fake,Celeb-Youtube-fake:4416,03090a0197255a345a13f19a5ae78a0eb23110bc9d3b0390ea451ac3426c4594
/Users/gokulmallabathula/deep-fake/datasets/raw/Celeb-Youtube-fake/4417.mp4,1,,Celeb-Youtube-fake,Celeb-Youtube-fake:4417,1536e68f4acc787a177511414d2e37f4928b448701d5321f15b84abb0fa19167
/Users/gokulmallabathula/deep-fake/datasets/raw/Celeb-Youtube-fake/4418.mp4,1,,Celeb-Youtube-fake,Celeb-Youtube-fake:4418,57b462460da329f36d9ee208eae8334a822126ef245ad5e4f36ea43020087297
/Users/gokulmallabathula/deep-fake/datasets/raw/Celeb-Youtube-fake/4419.mp4,1,,Celeb-Youtube-fake,Celeb-Youtube-fake:4419,0384aca6f65362e79be302708ff836cdd555f9d513305292a3ff1b963ee04a34
/Users/gokulmallabathula/deep-fake/datasets/raw/Celeb-Youtube-fake/442.mp4,1,,Celeb-Youtube-fake,Celeb-Youtube-fake:442,2107c224d2fc9bd25a1a1cefdb0f5edefd10ddd4c0c6494c38fe8024ebf9e3b1
/Users/gokulmallabathula/deep-fake/datasets/raw/Celeb-Youtube-fake/4421.mp4,1,,Celeb-Youtube-fake,Celeb-Youtube-fake:4421,1b515483f0b997be531ea4c07477c74cdb2cf6d9db51c6afd1521ebb7a013974
/Users/gokulmallabathula/deep-fake/datasets/raw/Celeb-Youtube-fake/4424.mp4,1,,Celeb-Youtube-fake,Celeb-Youtube-fake:4424,5133893bebb8f7bc600d356fb5fe80fabd6f3d8203029e40ee6e27429f1a16df
/Users/gokulmallabathula/deep-fake/datasets/raw/Celeb-Youtube-fake/4427.mp4,1,,Celeb-Youtube-fake,Celeb-Youtube-fake:4427,511a45df5b839061cb94b98fb9c5e456432980d99d5f4a55badb135f4fc3f960
/Users/gokulmallabathula/deep-fake/datasets/raw/Celeb-Youtube-fake/4429.mp4,1,,Celeb-Youtube-fake,Celeb-Youtube-fake:4429,d40cf6d6d71fb1a3360b7674d8a485eb14e271b104b5464f4fa6ec60f0f5810a
/Users/gokulmallabathula/deep-fake/datasets/raw/Celeb-Youtube-fake/443.mp4,1,,Celeb-Youtube-fake,Celeb-Youtube-fake:443,c195464f850ea22d848387240195bc45efb1a99b88f229ee18064ca57abecdb3
/Users/gokulmallabathula/deep-fake/datasets/raw/Celeb-Youtube-fake/4430.mp4,1,,Celeb-Youtube-fake,Celeb-Youtube-fake:4430,610f93f1e7e7479cd933e13adc5f0975cd645fbce1b327d2b8f11d43cf838baa
/Users/gokulmallabathula/deep-fake/datasets/raw/Celeb-Youtube-fake/4431.mp4,1,,Celeb-Youtube-fake,Celeb-Youtube-fake:4431,ca7645dd191aca0da370129f06afad7d85bd216307c552d2af25bf3e517616de
/Users/gokulmallabathula/deep-fake/datasets/raw/Celeb-Youtube-fake/4433.mp4,1,,Celeb-Youtube-fake,Celeb-Youtube-fake:4433,72c5838a90e3a85f15da147c821f62c0aa6dcecfdbbeb83e908e5e6204fcc651
/Users/gokulmallabathula/deep-fake/datasets/raw/Celeb-Youtube-fake/4434.mp4,1,,Celeb-Youtube-fake,Celeb-Youtube-fake:4434,af154a2705eaf68ac2b55add8dd13940f3da6dbff409185aa909ca7005ca4e03
/Users/gokulmallabathula/deep-fake/datasets/raw/Celeb-Youtube-fake/4435.mp4,1,,Celeb-Youtube-fake,Celeb-Youtube-fake:4435,8e2bb17e94da88592c929ad3e048a162a922aa71a3be97cd807566862e8715a5
/Users/gokulmallabathula/deep-fake/datasets/raw/Celeb-Youtube-fake/4436.mp4,1,,Celeb-Youtube-fake,Celeb-Youtube-fake:4436,61c54fe60a832785a171a124db0937c1e5c6df2383c48e5939b256727505d88f
/Users/gokulmallabathula/deep-fake/datasets/raw/Celeb-Youtube-fake/4437.mp4,1,,Celeb-Youtube-fake,Celeb-Youtube-fake:4437,04352cde78a81e5d887997aa5d7d2943d143f5dbd6d21ba9e5c9900ef514d89a
/Users/gokulmallabathula/deep-fake/datasets/raw/Celeb-Youtube-fake/4438.mp4,1,,Celeb-Youtube-fake,Celeb-Youtube-fake:4438,66df3b3092ace37c4a5e87cd51d88238a8f989f9d4f2d4c5d3c693a36d781d4d
/Users/gokulmallabathula/deep-fake/datasets/raw/Celeb-Youtube-fake/4439.mp4,1,,Celeb-Youtube-fake,Celeb-Youtube-fake:4439,bff794e5aa8b0de55ca2ad9a65df1ccf5cb9e3e57ebb07312b93495157f79510
/Users/gokulmallabathula/deep-fake/datasets/raw/Celeb-Youtube-fake/444.mp4,1,,Celeb-Youtube-fake,Celeb-Youtube-fake:444,78b4024a217168e83922a703cbd1fd0c3e8f34fad62987824c56f0dad16ff034
/Users/gokulmallabathula/deep-fake/datasets/raw/Celeb-Youtube-fake/4441.mp4,1,,Celeb-Youtube-fake,Celeb-Youtube-fake:4441,6fa79b239c726c18fceb4957a1cf748ab6d209db84d5deb2481ff29f0c0af44f
/Users/gokulmallabathula/deep-fake/datasets/raw/Celeb-Youtube-fake/4442.mp4,1,,Celeb-Youtube-fake,Celeb-Youtube-fake:4442,16f24d49faf8fd8b5ee8d141c8aeeb06711a9207b8dc5194234e3702fc9c2a40
/Users/gokulmallabathula/deep-fake/datasets/raw/Celeb-Youtube-fake/4444.mp4,1,,Celeb-Youtube-fake,Celeb-Youtube-fake:4444,9a6e7a5bd0fee97f69507bf38121c0ca4ef703b8e14a7da99529b4a697103fc8
/Users/gokulmallabathula/deep-fake/datasets/raw/Celeb-Youtube-fake/4445.mp4,1,,Celeb-Youtube-fake,Celeb-Youtube-fake:4445,549e07e289e600af64b957678e9c037e3ae3bf7c689c7b30a32cc5372b04b893
/Users/gokulmallabathula/deep-fake/datasets/raw/Celeb-Youtube-fake/4446.mp4,1,,Celeb-Youtube-fake,Celeb-Youtube-fake:4446,bfadf8016430ee9d2158f7017f0951df551b35f87975e0d80bf7398953ceead8
/Users/gokulmallabathula/deep-fake/datasets/raw/Celeb-Youtube-fake/4447.mp4,1,,Celeb-Youtube-fake,Celeb-Youtube-fake:4447,0bc83184d98af6bcb5d6a8d08f619013f6ffb474a600b0397e12bb831983eced
/Users/gokulmallabathula/deep-fake/datasets/raw/Celeb-Youtube-fake/4448.mp4,1,,Celeb-Youtube-fake,Celeb-Youtube-fake:4448,9f29a76efd8fc7651f7b6fe2563d8675dd64cc7e999524b7211e008c3d7db353
/Users/gokulmallabathula/deep-fake/datasets/raw/Celeb-Youtube-fake/445.mp4,1,,Celeb-Youtube-fake,Celeb-Youtube-fake:445,758f061c485210ae31ab6897e35c2509319e5bbb30c77d8086d9973d969bbf88
/Users/gokulmallabathula/deep-fake/datasets/raw/Celeb-Youtube-fake/4451.mp4,1,,Celeb-Youtube-fake,Celeb-Youtube-fake:4451,e670c145bc2397ecd8d7d5d331fb20d6ed2c1e297d6f7f9d96b771bda1a156b0
/Users/gokulmallabathula/deep-fake/datasets/raw/Celeb-Youtube-fake/4452.mp4,1,,Celeb-Youtube-fake,Celeb-Youtube-fake:4452,89439d7d2396a5a964b4bd66681133556e0af31040062ad59ba79de04ccb3ad7
/Users/gokulmallabathula/deep-fake/datasets/raw/Celeb-Youtube-fake/4454.mp4,1,,Celeb-Youtube-fake,Celeb-Youtube-fake:4454,3a4ec646b4c1d6f8e40bfe30d95f0e15a2cfd1e33ed39886282d4e88ca3b6b95
/Users/gokulmallabathula/deep-fake/datasets/raw/Celeb-Youtube-fake/4455.mp4,1,,Celeb-Youtube-fake,Celeb-Youtube-fake:4455,79fbfc515dc1dc6444ba3c5ce6161fbcd9c0b44db70e80341f775b194aac0ad6
/Users/gokulmallabathula/deep-fake/datasets/raw/Celeb-Youtube-fake/4456.mp4,1,,Celeb-Youtube-fake,Celeb-Youtube-fake:4456,75dfc00f580df381262a98e26780cf992ee7dae3f62c54b32a0c7303e563b145
/Users/gokulmallabathula/deep-fake/datasets/raw/Celeb-Youtube-fake/4457.mp4,1,,Celeb-Youtube-fake,Celeb-Youtube-fake:4457,0012ade26e83a388fe66ad7442e4d5e3bda47bc3bdb6fc4cf88cb552084ead1f
/Users/gokulmallabathula/deep-fake/datasets/raw/Celeb-Youtube-fake/4458.mp4,1,,Celeb-Youtube-fake,Celeb-Youtube-fake:4458,fa80a377ce7b7df1ccd66cd6b7f6c448b1fce3cb81111491751691498149116c
/Users/gokulmallabathula/deep-fake/datasets/raw/Celeb-Youtube-fake/4460.mp4,1,,Celeb-Youtube-fake,Celeb-Youtube-fake:4460,5e12304c7bd2d4818c0f2d93b0065e95cac4b1f336b6916d9c2a430b97fd078d
/Users/gokulmallabathula/deep-fake/datasets/raw/Celeb-Youtube-fake/4461.mp4,1,,Celeb-Youtube-fake,Celeb-Youtube-fake:4461,3172b1db3f122a8fa650012374684b69ad031f5090dc1c399d04fe72d3e5ff6a
/Users/gokulmallabathula/deep-fake/datasets/raw/Celeb-Youtube-fake/4464.mp4,1,,Celeb-Youtube-fake,Celeb-Youtube-fake:4464,2735f39a76879acb3a28e8c6be2a555c75cc4fa9075df7993feb21ce25689002
/Users/gokulmallabathula/deep-fake/datasets/raw/Celeb-Youtube-fake/4466.mp4,1,,Celeb-Youtube-fake,Celeb-Youtube-fake:4466,5de2fa13689ad61bf53686debd64778bfae0161dd763bc96e31a4e03fe5958f6
/Users/gokulmallabathula/deep-fake/datasets/raw/Celeb-Youtube-fake/447.mp4,1,,Celeb-Youtube-fake,Celeb-Youtube-fake:447,1ba12a0589bb7c9ae94ef9b56c7f6eba32038e606c7bc34892159f6e90ae833c
/Users/gokulmallabathula/deep-fake/datasets/raw/Celeb-Youtube-fake/4470.mp4,1,,Celeb-Youtube-fake,Celeb-Youtube-fake:4470,6e8ea6050854ea8f7d732ee3733ca124878bc43d6a9b6fdd8b9adac2579d8144
/Users/gokulmallabathula/deep-fake/datasets/raw/Celeb-Youtube-fake/4471.mp4,1,,Celeb-Youtube-fake,Celeb-Youtube-fake:4471,0d83fd3da89cfedc845329287725b8078f68988324ba1bd29098fc8497d0a496
/Users/gokulmallabathula/deep-fake/datasets/raw/Celeb-Youtube-fake/4472.mp4,1,,Celeb-Youtube-fake,Celeb-Youtube-fake:4472,757f1af41c6faddf057189f65a6b042e65bfc3aa5ede164f7f077945f244d9e8
/Users/gokulmallabathula/deep-fake/datasets/raw/Celeb-Youtube-fake/4473.mp4,1,,Celeb-Youtube-fake,Celeb-Youtube-fake:4473,b4a7240f8be649a861614debba769ac83ff6b3ab438b280969ef68d4d401cb82
/Users/gokulmallabathula/deep-fake/datasets/raw/Celeb-Youtube-fake/4475.mp4,1,,Celeb-Youtube-fake,Celeb-Youtube-fake:4475,beace3f9fd72c1dd1f80f6e731dfaa777c217638cdad2d5c642a6149f9f9ad6b
/Users/gokulmallabathula/deep-fake/datasets/raw/Celeb-Youtube-fake/4476.mp4,1,,Celeb-Youtube-fake,Celeb-Youtube-fake:4476,74e7e3dc68d42b840e335455d37dd345322e1eb6ea797001fe74bc6d4d431e69
/Users/gokulmallabathula/deep-fake/datasets/raw/Celeb-Youtube-fake/4477.mp4,1,,Celeb-Youtube-fake,Celeb-Youtube-fake:4477,aef6d8e30d5e196094fdd0fa152ffeddc7f7f33b7002a1dfcfafaa13c3496a73
/Users/gokulmallabathula/deep-fake/datasets/raw/Celeb-Youtube-fake/4478.mp4,1,,Celeb-Youtube-fake,Celeb-Youtube-fake:4478,e53ad817a6ef5bd404b66331e849a5ae62ae2ae7bc23d745c1f9f034365cd5d6
/Users/gokulmallabathula/deep-fake/datasets/raw/Celeb-Youtube-fake/4479.mp4,1,,Celeb-Youtube-fake,Celeb-Youtube-fake:4479,f8858045551e35ad0add056deef210f9ad5b4a393379d91bdba51c645f963aed
/Users/gokulmallabathula/deep-fake/datasets/raw/Celeb-Youtube-fake/4480.mp4,1,,Celeb-Youtube-fake,Celeb-Youtube-fake:4480,f4bf320a7a252330b691233d67406f77262bec1a4e51910d50d25304c30f258e
/Users/gokulmallabathula/deep-fake/datasets/raw/Celeb-Youtube-fake/4481.mp4,1,,Celeb-Youtube-fake,Celeb-Youtube-fake:4481,0771f7a5d3df55bb68bb1bc1ca950f6440c745fcdfe19f2185e9106f4bd848c7
/Users/gokulmallabathula/deep-fake/datasets/raw/Celeb-Youtube-fake/4482.mp4,1,,Celeb-Youtube-fake,Celeb-Youtube-fake:4482,615ae9c41908bcfd383f74f7f4f48a36f84de6c422c0f71b65d1043732af1935
/Users/gokulmallabathula/deep-fake/datasets/raw/Celeb-Youtube-fake/4484.mp4,1,,Celeb-Youtube-fake,Celeb-Youtube-fake:4484,8e5a67366b31f51d0a1396743227e29abbee2d4ef1ecd8ab26a84046a888236f
/Users/gokulmallabathula/deep-fake/datasets/raw/Celeb-Youtube-fake/4486.mp4,1,,Celeb-Youtube-fake,Celeb-Youtube-fake:4486,ab44be1a097dbf22abf1a71ca001e40c986c2ae1f45e2986e3d02b8129618998
/Users/gokulmallabathula/deep-fake/datasets/raw/Celeb-Youtube-fake/4488.mp4,1,,Celeb-Youtube-fake,Celeb-Youtube-fake:4488,ddc2177cc65bbe52eb6d0958f0551d925696a78efaa62ed9cd7b9c7fbf1a9b7c
/Users/gokulmallabathula/deep-fake/datasets/raw/Celeb-Youtube-fake/4489.mp4,1,,Celeb-Youtube-fake,Celeb-Youtube-fake:4489,ac28eff6263e3805eaf422276d4534223a997389912fc0e4a71af07d04f9877e
/Users/gokulmallabathula/deep-fake/datasets/raw/Celeb-Youtube-fake/4490.mp4,1,,Celeb-Youtube-fake,Celeb-Youtube-fake:4490,237bcedbb619f14193cbde099659824a109a98020cceb1e9f561a6d3321a4967
/Users/gokulmallabathula/deep-fake/datasets/raw/Celeb-Youtube-fake/4491.mp4,1,,Celeb-Youtube-fake,Celeb-Youtube-fake:4491,8453316a719192acb0a22e37989a490c3156ed7b5374b53d33893ac3c82dd633
/Users/gokulmallabathula/deep-fake/datasets/raw/Celeb-Youtube-fake/4492.mp4,1,,Celeb-Youtube-fake,Celeb-Youtube-fake:4492,5953f475dff4738cf9d61227c1ec0099a5483f37dbcfcb12e8ed3427bfd1f075
/Users/gokulmallabathula/deep-fake/datasets/raw/Celeb-Youtube-fake/4493.mp4,1,,Celeb-Youtube-fake,Celeb-Youtube-fake:4493,b0af8bcceab0bf2a088e59806cd46098de27a9ab1a77c60a93da7f4318d7c670
/Users/gokulmallabathula/deep-fake/datasets/raw/Celeb-Youtube-fake/4494.mp4,1,,Celeb-Youtube-fake,Celeb-Youtube-fake:4494,cf3baef0285a17154ca0bd1f78efa6488672f703c43c383468f776654f9d0dc4
/Users/gokulmallabathula/deep-fake/datasets/raw/Celeb-Youtube-fake/4495.mp4,1,,Celeb-Youtube-fake,Celeb-Youtube-fake:4495,b37f66fd45f36cdc39688c4a13db68e186645ec6c6924de4c77fb3cbcbce9254
/Users/gokulmallabathula/deep-fake/datasets/raw/Celeb-Youtube-fake/4496.mp4,1,,Celeb-Youtube-fake,Celeb-Youtube-fake:4496,f706288ca7fb82b1d338f56896a5eab20d7ea6510419729b47e8bdcf93ceeda4
/Users/gokulmallabathula/deep-fake/datasets/raw/Celeb-Youtube-fake/4497.mp4,1,,Celeb-Youtube-fake,Celeb-Youtube-fake:4497,7222493c6a099f3de6dd8f00a2199a8639b1dcef6c10692feaf6834686a0ad2c
/Users/gokulmallabathula/deep-fake/datasets/raw/Celeb-Youtube-fake/4499.mp4,1,,Celeb-Youtube-fake,Celeb-Youtube-fake:4499,b0ca3554d05a296c92576d77607dbff4eb61c488f8ce1a057282694473c5b204
/Users/gokulmallabathula/deep-fake/datasets/raw/Celeb-Youtube-fake/45.mp4,1,,Celeb-Youtube-fake,Celeb-Youtube-fake:45,60a957bd73e54d7fff748ae95a6d8eef060253c9318f507a26865035dada40b9
/Users/gokulmallabathula/deep-fake/datasets/raw/Celeb-Youtube-fake/450.mp4,1,,Celeb-Youtube-fake,Celeb-Youtube-fake:450,8012123c32942da8ca3c42ece09853439d0696226b4ad88347ecb297fa8cc424
/Users/gokulmallabathula/deep-fake/datasets/raw/Celeb-Youtube-fake/4503.mp4,1,,Celeb-Youtube-fake,Celeb-Youtube-fake:4503,d7a8d750e2124f02465c7fb670354d97455a495536a119b3e712f84cd4b37a6f
/Users/gokulmallabathula/deep-fake/datasets/raw/Celeb-Youtube-fake/4504.mp4,1,,Celeb-Youtube-fake,Celeb-Youtube-fake:4504,9c3abdc43472c128034830cb26d5dab8112f3c8c8bdca88e9494da660bbedea5
/Users/gokulmallabathula/deep-fake/datasets/raw/Celeb-Youtube-fake/4505.mp4,1,,Celeb-Youtube-fake,Celeb-Youtube-fake:4505,c49a75c88316165b72e1f1a9c614994bfd51560873025d33bc4b98f3889ee97c
/Users/gokulmallabathula/deep-fake/datasets/raw/Celeb-Youtube-fake/4506.mp4,1,,Celeb-Youtube-fake,Celeb-Youtube-fake:4506,745655a492ee577ac40bba176b294a8fe8c43b2d420dad6296a9653fcb5705c2
/Users/gokulmallabathula/deep-fake/datasets/raw/Celeb-Youtube-fake/4507.mp4,1,,Celeb-Youtube-fake,Celeb-Youtube-fake:4507,bbabfcc34d139b8dfaff46d73b84f5d78943de7a9948f4d5dca9173af0efbadb
/Users/gokulmallabathula/deep-fake/datasets/raw/Celeb-Youtube-fake/451.mp4,1,,Celeb-Youtube-fake,Celeb-Youtube-fake:451,b93cc4c121ea6a531db9b2b12b9eb69da8847c52f76fe448a33794f987235007
/Users/gokulmallabathula/deep-fake/datasets/raw/Celeb-Youtube-fake/4511.mp4,1,,Celeb-Youtube-fake,Celeb-Youtube-fake:4511,fe918f43fa5e636fd804cdeaba17e5f50e4d61e37fc12e33289987829db49f9b
/Users/gokulmallabathula/deep-fake/datasets/raw/Celeb-Youtube-fake/4513.mp4,1,,Celeb-Youtube-fake,Celeb-Youtube-fake:4513,e8c8927da79abf2f8fdc851f78417a4b7b1fd8b8a21a66f213f3efb37e678ed0
/Users/gokulmallabathula/deep-fake/datasets/raw/Celeb-Youtube-fake/4515.mp4,1,,Celeb-Youtube-fake,Celeb-Youtube-fake:4515,9e80ee482cb7ed45c92dd7cb023f3e9273d9933d2e289f608ee3c46c86b58cbf
/Users/gokulmallabathula/deep-fake/datasets/raw/Celeb-Youtube-fake/4516.mp4,1,,Celeb-Youtube-fake,Celeb-Youtube-fake:4516,87ffaa3d2c55c95e12d538d4b58bb557f361cd03473dac134b2dd0d0bc062e46
/Users/gokulmallabathula/deep-fake/datasets/raw/Celeb-Youtube-fake/4517.mp4,1,,Celeb-Youtube-fake,Celeb-Youtube-fake:4517,5d3b9dddd1df3e93ea2d426a175f9b568eeb638e9510a1ec26c030368027e641
/Users/gokulmallabathula/deep-fake/datasets/raw/Celeb-Youtube-fake/4518.mp4,1,,Celeb-Youtube-fake,Celeb-Youtube-fake:4518,ea834c00c60fdce62e791b654bd5cab867fded37897f8546527cd82ee2a121c7
/Users/gokulmallabathula/deep-fake/datasets/raw/Celeb-Youtube-fake/4519.mp4,1,,Celeb-Youtube-fake,Celeb-Youtube-fake:4519,f936757beddbcabca38e43b6627c1d1b3863acaef4e80eb7734e5e67261225a4
/Users/gokulmallabathula/deep-fake/datasets/raw/Celeb-Youtube-fake/4520.mp4,1,,Celeb-Youtube-fake,Celeb-Youtube-fake:4520,9063e53575d3ea7cf1d47bcbb7f5192461b4c14c864adf0221653caa37203b16
/Users/gokulmallabathula/deep-fake/datasets/raw/Celeb-Youtube-fake/4521.mp4,1,,Celeb-Youtube-fake,Celeb-Youtube-fake:4521,6abe55c4916d584166ce7d88f9d248211bf18f5b9fb469d7f7bf2952330b9856
/Users/gokulmallabathula/deep-fake/datasets/raw/Celeb-Youtube-fake/4522.mp4,1,,Celeb-Youtube-fake,Celeb-Youtube-fake:4522,23256ead4ef48ac2aabb7b7d9b3216ced66ac93d357f0762a3b90d18723371ce
/Users/gokulmallabathula/deep-fake/datasets/raw/Celeb-Youtube-fake/4523.mp4,1,,Celeb-Youtube-fake,Celeb-Youtube-fake:4523,57b4f9c81579aa087439eb19dcf06f6628e683a070e5f86ffd9a8b3acf799c3e
/Users/gokulmallabathula/deep-fake/datasets/raw/Celeb-Youtube-fake/4525.mp4,1,,Celeb-Youtube-fake,Celeb-Youtube-fake:4525,08bf826e875220f17955416caed52f0ddf821470eec166c806a05a29f81706be
/Users/gokulmallabathula/deep-fake/datasets/raw/Celeb-Youtube-fake/4526.mp4,1,,Celeb-Youtube-fake,Celeb-Youtube-fake:4526,fe79075186cc006befeb167044544e9f5fdab983bb18526b62ec2cd9621ff0fb
/Users/gokulmallabathula/deep-fake/datasets/raw/Celeb-Youtube-fake/4528.mp4,1,,Celeb-Youtube-fake,Celeb-Youtube-fake:4528,d17903ef315a879bc581ced612fd770abb8e1077d72ce3e2c456ec5d32187b7a
/Users/gokulmallabathula/deep-fake/datasets/raw/Celeb-Youtube-fake/453.mp4,1,,Celeb-Youtube-fake,Celeb-Youtube-fake:453,24ba0eb4f0fcb419c7477cac6b3109ad848fccb14b50264b790ebc4e697cf44f
/Users/gokulmallabathula/deep-fake/datasets/raw/Celeb-Youtube-fake/4530.mp4,1,,Celeb-Youtube-fake,Celeb-Youtube-fake:4530,37533005272c189267c656a730d882c5e3db4458e44b7d7b3612b394b456fe9e
/Users/gokulmallabathula/deep-fake/datasets/raw/Celeb-Youtube-fake/4531.mp4,1,,Celeb-Youtube-fake,Celeb-Youtube-fake:4531,0e372e82dd83f7f96fb185811bb74f43bf9831fb258821ff7f50da5ccf9cd925
/Users/gokulmallabathula/deep-fake/datasets/raw/Celeb-Youtube-fake/4532.mp4,1,,Celeb-Youtube-fake,Celeb-Youtube-fake:4532,c14c99757d7f50f32fb13e5341a4abb0f2fdc64b9ce334c8ed67512fcd873cf8
/Users/gokulmallabathula/deep-fake/datasets/raw/Celeb-Youtube-fake/4533.mp4,1,,Celeb-Youtube-fake,Celeb-Youtube-fake:4533,0a762607547342f03b64c20b1780b5c5eda4dccc61265ef754795655cd9a60de
/Users/gokulmallabathula/deep-fake/datasets/raw/Celeb-Youtube-fake/4534.mp4,1,,Celeb-Youtube-fake,Celeb-Youtube-fake:4534,11f671d518519eff28b8cdbcc06858ef43105dc6434078889f1ce5415767e224
/Users/gokulmallabathula/deep-fake/datasets/raw/Celeb-Youtube-fake/4535.mp4,1,,Celeb-Youtube-fake,Celeb-Youtube-fake:4535,c95436c3398a6da69707e84b3502f45f2d928f7e77ffecf16cfe4421883eab1b
/Users/gokulmallabathula/deep-fake/datasets/raw/Celeb-Youtube-fake/4536.mp4,1,,Celeb-Youtube-fake,Celeb-Youtube-fake:4536,525da45f3bb70f9a6e14a8b5bece057cff3e2475f57fa83405cf51e75a6a0fcd
/Users/gokulmallabathula/deep-fake/datasets/raw/Celeb-Youtube-fake/4537.mp4,1,,Celeb-Youtube-fake,Celeb-Youtube-fake:4537,0797046872833fac8ecb8159a0652d8d6b24cad932d9c1d1ee703a9d942a2a9c
/Users/gokulmallabathula/deep-fake/datasets/raw/Celeb-Youtube-fake/4538.mp4,1,,Celeb-Youtube-fake,Celeb-Youtube-fake:4538,39fb70f7568b0fe9816e957210a3b993807b24b2fc61f3a81aa71f37e35394f7
/Users/gokulmallabathula/deep-fake/datasets/raw/Celeb-Youtube-fake/4539.mp4,1,,Celeb-Youtube-fake,Celeb-Youtube-fake:4539,7aebbf94c3b94f0bd96ee38529b8dca71e19a1e0f0d5f04128f4e77a2ab828b0
/Users/gokulmallabathula/deep-fake/datasets/raw/Celeb-Youtube-fake/454.mp4,1,,Celeb-Youtube-fake,Celeb-Youtube-fake:454,741d39184321a98b7566a8f2cf20414ac71bd8bfe69e7981bc48b80015e37e86
/Users/gokulmallabathula/deep-fake/datasets/raw/Celeb-Youtube-fake/4540.mp4,1,,Celeb-Youtube-fake,Celeb-Youtube-fake:4540,30526846c1bd5f8d39712bb9d8a2ef06125cc9fe5b665e3325b7d78b2a231866
/Users/gokulmallabathula/deep-fake/datasets/raw/Celeb-Youtube-fake/4542.mp4,1,,Celeb-Youtube-fake,Celeb-Youtube-fake:4542,6eadf51d76ec308df9bdaa1216f2568e8148ead24bdbb399bbd323353050007a
/Users/gokulmallabathula/deep-fake/datasets/raw/Celeb-Youtube-fake/4543.mp4,1,,Celeb-Youtube-fake,Celeb-Youtube-fake:4543,8228b14a2646cdad696319365ef5bcc3f3be5e2488d65012ad25442676c1bf59
/Users/gokulmallabathula/deep-fake/datasets/raw/Celeb-Youtube-fake/4544.mp4,1,,Celeb-Youtube-fake,Celeb-Youtube-fake:4544,e3ce2cea65583d541c7f9c2e53f8cd0c72a98e122e97422b64b67db8282d13fe
/Users/gokulmallabathula/deep-fake/datasets/raw/Celeb-Youtube-fake/4545.mp4,1,,Celeb-Youtube-fake,Celeb-Youtube-fake:4545,83ee3837ed67024687b62d936a5eba3278e8aed2495c953c4e441a8b25e1cc57
/Users/gokulmallabathula/deep-fake/datasets/raw/Celeb-Youtube-fake/4546.mp4,1,,Celeb-Youtube-fake,Celeb-Youtube-fake:4546,f116973fc8e226289885ece605890bfcf5975bece40a675dae3f9872563a8759
/Users/gokulmallabathula/deep-fake/datasets/raw/Celeb-Youtube-fake/4548.mp4,1,,Celeb-Youtube-fake,Celeb-Youtube-fake:4548,911982beaced6d43d23897bd597d787f25e2263af9ccdcd868bf295cddeb19a5
/Users/gokulmallabathula/deep-fake/datasets/raw/Celeb-Youtube-fake/4549.mp4,1,,Celeb-Youtube-fake,Celeb-Youtube-fake:4549,f7cf6517b6a4807dbdf49cd3ada7586143223b97830157aff0b3f6e01fcf2f62
/Users/gokulmallabathula/deep-fake/datasets/raw/Celeb-Youtube-fake/455.mp4,1,,Celeb-Youtube-fake,Celeb-Youtube-fake:455,0c3011212d2d7eb4a3f6b2df21f31f4d52bcf1ab91ec8233341d0763ceec2ad5
/Users/gokulmallabathula/deep-fake/datasets/raw/Celeb-Youtube-fake/4551.mp4,1,,Celeb-Youtube-fake,Celeb-Youtube-fake:4551,de3a2ac92d17f2036b141db10fc2938389c972d13010af2567e149558f7b4131
/Users/gokulmallabathula/deep-fake/datasets/raw/Celeb-Youtube-fake/4552.mp4,1,,Celeb-Youtube-fake,Celeb-Youtube-fake:4552,362e1b6351964dd0294fd6f7aa2dd2bc265d88b9fb10d5e2465424e3458f4402
/Users/gokulmallabathula/deep-fake/datasets/raw/Celeb-Youtube-fake/4553.mp4,1,,Celeb-Youtube-fake,Celeb-Youtube-fake:4553,f58d977e284c0567116c65972e57d950d23b87d7d9f209a8e8845f0911d46988
/Users/gokulmallabathula/deep-fake/datasets/raw/Celeb-Youtube-fake/4556.mp4,1,,Celeb-Youtube-fake,Celeb-Youtube-fake:4556,547592f606f6ea6bed4fbd1b33e5ca61215e2fe441cefff8f0fe0137526ae765
/Users/gokulmallabathula/deep-fake/datasets/raw/Celeb-Youtube-fake/4557.mp4,1,,Celeb-Youtube-fake,Celeb-Youtube-fake:4557,45d37fdef64f60f2f6969b896965aa9dade3c638986b95573b86f54218aee0ee
/Users/gokulmallabathula/deep-fake/datasets/raw/Celeb-Youtube-fake/4558.mp4,1,,Celeb-Youtube-fake,Celeb-Youtube-fake:4558,c76fb6b5d3db4a9ca2c9eccc6c0df409f352400d842c0b4009c0fd9d24b26249
/Users/gokulmallabathula/deep-fake/datasets/raw/Celeb-Youtube-fake/4559.mp4,1,,Celeb-Youtube-fake,Celeb-Youtube-fake:4559,75967c46b46601be7ea7187ca73402823d8411e2317b20ff9f20c197b937309a
/Users/gokulmallabathula/deep-fake/datasets/raw/Celeb-Youtube-fake/456.mp4,1,,Celeb-Youtube-fake,Celeb-Youtube-fake:456,e1eab1410756fe4b6037a29d4d6aa07f6fbfbfe8b0ce13f7f792a3daee7c0e19
/Users/gokulmallabathula/deep-fake/datasets/raw/Celeb-Youtube-fake/4561.mp4,1,,Celeb-Youtube-fake,Celeb-Youtube-fake:4561,1129f01af5140114354924b31ecd9e7e39d0a3f43390dfc346329d570ce0db83
/Users/gokulmallabathula/deep-fake/datasets/raw/Celeb-Youtube-fake/4564.mp4,1,,Celeb-Youtube-fake,Celeb-Youtube-fake:4564,19686a7a1fc58f5d8891fd300b2d20e62ded5bcbe425cc7130ccdd00c0facfb1
/Users/gokulmallabathula/deep-fake/datasets/raw/Celeb-Youtube-fake/4565.mp4,1,,Celeb-Youtube-fake,Celeb-Youtube-fake:4565,ab1bb4bc09e996930046bad35297c502ede2edb7e0fef9c9e1aaa74c33c94cec
/Users/gokulmallabathula/deep-fake/datasets/raw/Celeb-Youtube-fake/4566.mp4,1,,Celeb-Youtube-fake,Celeb-Youtube-fake:4566,224159bfd498490a28c69579bfead4a303ee84a20c627288c66f0bd734e0fcd0
/Users/gokulmallabathula/deep-fake/datasets/raw/Celeb-Youtube-fake/4567.mp4,1,,Celeb-Youtube-fake,Celeb-Youtube-fake:4567,8caea5a017c39d1eed1a9ba88a53f176abfa4f7f36bc0bffe1cf6fc87d30cffe
/Users/gokulmallabathula/deep-fake/datasets/raw/Celeb-Youtube-fake/457.mp4,1,,Celeb-Youtube-fake,Celeb-Youtube-fake:457,c8eb646fcaf06c176d9aa57f1766129357d67061c1cb4dd2fea5971f4f999a21
/Users/gokulmallabathula/deep-fake/datasets/raw/Celeb-Youtube-fake/4572.mp4,1,,Celeb-Youtube-fake,Celeb-Youtube-fake:4572,2d6097e401422dadd787769ed0b9232512664633fa1150ff5d6294432086382e
/Users/gokulmallabathula/deep-fake/datasets/raw/Celeb-Youtube-fake/4573.mp4,1,,Celeb-Youtube-fake,Celeb-Youtube-fake:4573,bd6fcbb52cd160c40b7269120751e3db68eb138ad3e38e0ac5752fa61cac7c99
/Users/gokulmallabathula/deep-fake/datasets/raw/Celeb-Youtube-fake/4574.mp4,1,,Celeb-Youtube-fake,Celeb-Youtube-fake:4574,e270aa479f26d98a6eac5ff5704172e3d445ddd53fc62150c7e644310964d840
/Users/gokulmallabathula/deep-fake/datasets/raw/Celeb-Youtube-fake/4575.mp4,1,,Celeb-Youtube-fake,Celeb-Youtube-fake:4575,49d1de1903ac7daf62ea8fb8c5b4c4faf8f7bef7fe895a580911d08b78861bd8
/Users/gokulmallabathula/deep-fake/datasets/raw/Celeb-Youtube-fake/4576.mp4,1,,Celeb-Youtube-fake,Celeb-Youtube-fake:4576,3e3d6aab1f3c009cd1a7eb1f1a9c72e88f670d057687a54f00f0d91b0edce7fb
/Users/gokulmallabathula/deep-fake/datasets/raw/Celeb-Youtube-fake/4578.mp4,1,,Celeb-Youtube-fake,Celeb-Youtube-fake:4578,b8ba692d3c215eb208949dd1bc1a664dfa6f8df6ad5944b50eecf17bd019c54d
/Users/gokulmallabathula/deep-fake/datasets/raw/Celeb-Youtube-fake/458.mp4,1,,Celeb-Youtube-fake,Celeb-Youtube-fake:458,8f7059e1322b21e93f02cdc22fc62f792649b588b8bed6ef2e7163aea368acfd
/Users/gokulmallabathula/deep-fake/datasets/raw/Celeb-Youtube-fake/4580.mp4,1,,Celeb-Youtube-fake,Celeb-Youtube-fake:4580,a5fd3225eee562dfb2decfa74834ae0b6eb6d1c32ca852285bb3a50c659d6dd0
/Users/gokulmallabathula/deep-fake/datasets/raw/Celeb-Youtube-fake/4582.mp4,1,,Celeb-Youtube-fake,Celeb-Youtube-fake:4582,98e5654d00aa5b1b5958cf66cd367265ca0fc38aacc30cd2f5b421215f1b099e
/Users/gokulmallabathula/deep-fake/datasets/raw/Celeb-Youtube-fake/4583.mp4,1,,Celeb-Youtube-fake,Celeb-Youtube-fake:4583,634738a684a9a53513cb70ea867783eb609e09cb92150a87987d73e4bcce99ac
/Users/gokulmallabathula/deep-fake/datasets/raw/Celeb-Youtube-fake/4584.mp4,1,,Celeb-Youtube-fake,Celeb-Youtube-fake:4584,e1f4627f86e5b78a0c6cdb9e5bd2648f6e2b97e4614e64fee23f44f65494fdc3
/Users/gokulmallabathula/deep-fake/datasets/raw/Celeb-Youtube-fake/4585.mp4,1,,Celeb-Youtube-fake,Celeb-Youtube-fake:4585,1fa453efcb9e9416af64aa28d109ba38d084752ef6a8777b9e40c5523525dfde
/Users/gokulmallabathula/deep-fake/datasets/raw/Celeb-Youtube-fake/4587.mp4,1,,Celeb-Youtube-fake,Celeb-Youtube-fake:4587,e568128d2960e902cf145862d656c050e38403088409f4e0cf80c8da7661284e
/Users/gokulmallabathula/deep-fake/datasets/raw/Celeb-Youtube-fake/4588.mp4,1,,Celeb-Youtube-fake,Celeb-Youtube-fake:4588,a29eef1106d3d51c2de3f200b8a4604ce6ffac5d4143d2d3e1d9949810455c89
/Users/gokulmallabathula/deep-fake/datasets/raw/Celeb-Youtube-fake/4589.mp4,1,,Celeb-Youtube-fake,Celeb-Youtube-fake:4589,38190216d3b1b92f374a583270df252aa33e0388b5ae8722f3a8ad70ffb54b61
/Users/gokulmallabathula/deep-fake/datasets/raw/Celeb-Youtube-fake/459.mp4,1,,Celeb-Youtube-fake,Celeb-Youtube-fake:459,93b4c5f54b82e3213ec8368b0287471606fd0f1a650d8a922134e7397dcfd5b6
/Users/gokulmallabathula/deep-fake/datasets/raw/Celeb-Youtube-fake/4591.mp4,1,,Celeb-Youtube-fake,Celeb-Youtube-fake:4591,d6410cb0146113ff90eaacfae408b43ed10b283e1e675a7c647f255e1f16dd6b
/Users/gokulmallabathula/deep-fake/datasets/raw/Celeb-Youtube-fake/4592.mp4,1,,Celeb-Youtube-fake,Celeb-Youtube-fake:4592,463bf270032678b468325058595be3e355166c0df776856228a1c7165adc3185
/Users/gokulmallabathula/deep-fake/datasets/raw/Celeb-Youtube-fake/4594.mp4,1,,Celeb-Youtube-fake,Celeb-Youtube-fake:4594,591392c6523c4a3546e5557f54909e11767a21cd28d29dcb05ebb804bdee3e99
/Users/gokulmallabathula/deep-fake/datasets/raw/Celeb-Youtube-fake/4595.mp4,1,,Celeb-Youtube-fake,Celeb-Youtube-fake:4595,25b4492136664f6a7b8ed848295fd4530d4451d1819e443daed227e6b3a7760b
/Users/gokulmallabathula/deep-fake/datasets/raw/Celeb-Youtube-fake/4597.mp4,1,,Celeb-Youtube-fake,Celeb-Youtube-fake:4597,5ea8c81abf727b21723487ec6a4d49c4158390702a785abbfe8ac23c4e8d360a
/Users/gokulmallabathula/deep-fake/datasets/raw/Celeb-Youtube-fake/4599.mp4,1,,Celeb-Youtube-fake,Celeb-Youtube-fake:4599,5fa1d077c743b1d9d2bcfb3fe7470d4eafbd6d6a2e3114fbbb2f64c74560e6d3
/Users/gokulmallabathula/deep-fake/datasets/raw/Celeb-Youtube-fake/46.mp4,1,,Celeb-Youtube-fake,Celeb-Youtube-fake:46,47ac4b30a4e10997a5fb23c42c9df9caf4bc49304e6357ade276d04261f217ab
/Users/gokulmallabathula/deep-fake/datasets/raw/Celeb-Youtube-fake/4600.mp4,1,,Celeb-Youtube-fake,Celeb-Youtube-fake:4600,802401dc6093526024fe30b79defa3beea6e3ea337b3c5f6672048e0a9e9f9b0
/Users/gokulmallabathula/deep-fake/datasets/raw/Celeb-Youtube-fake/4601.mp4,1,,Celeb-Youtube-fake,Celeb-Youtube-fake:4601,aa45f4f16820d4f8603bd59d1f58b396506a61d7ffb6af1d0a09eea848c212fb
/Users/gokulmallabathula/deep-fake/datasets/raw/Celeb-Youtube-fake/4602.mp4,1,,Celeb-Youtube-fake,Celeb-Youtube-fake:4602,613387d8d5979d0813205ec71fdf2f996b25b46f63603245e563567c3dc54e0f
/Users/gokulmallabathula/deep-fake/datasets/raw/Celeb-Youtube-fake/4603.mp4,1,,Celeb-Youtube-fake,Celeb-Youtube-fake:4603,da6fa4a96085f8bc34c1fa5c84ffb0be0aa6da478eda99e2bbbf8a17edf6fbd3
/Users/gokulmallabathula/deep-fake/datasets/raw/Celeb-Youtube-fake/4604.mp4,1,,Celeb-Youtube-fake,Celeb-Youtube-fake:4604,8316fd7b6b327342a9ecebdc44454a186bd049c72547bbdc6a9758ba610cefc2
/Users/gokulmallabathula/deep-fake/datasets/raw/Celeb-Youtube-fake/4606.mp4,1,,Celeb-Youtube-fake,Celeb-Youtube-fake:4606,96fe297a960e8cfcc893807cef79b0152f1a5e19163d2f85aae2a53bae4e2962
/Users/gokulmallabathula/deep-fake/datasets/raw/Celeb-Youtube-fake/4607.mp4,1,,Celeb-Youtube-fake,Celeb-Youtube-fake:4607,b9d7e9317131b372492f0fba136772833bdfb7eff44069a6d334c2a0d8d41835
/Users/gokulmallabathula/deep-fake/datasets/raw/Celeb-Youtube-fake/4609.mp4,1,,Celeb-Youtube-fake,Celeb-Youtube-fake:4609,e860bd681abf4169078aac207bb66d6ffc5d89af07c7fbde8f867eaa41e32a28
/Users/gokulmallabathula/deep-fake/datasets/raw/Celeb-Youtube-fake/461.mp4,1,,Celeb-Youtube-fake,Celeb-Youtube-fake:461,e404cdf2a8a466b8700489624e05f812adb541c7545ef9cf89f52f675cf79ff4
/Users/gokulmallabathula/deep-fake/datasets/raw/Celeb-Youtube-fake/4610.mp4,1,,Celeb-Youtube-fake,Celeb-Youtube-fake:4610,8d58e70a01c12e565b1e855bffc136f0242d40bef4eb625ac3cdfaef93fa4117
/Users/gokulmallabathula/deep-fake/datasets/raw/Celeb-Youtube-fake/4613.mp4,1,,Celeb-Youtube-fake,Celeb-Youtube-fake:4613,c6745eaeb45d17fabc51f196d4748b48695c2bf3282da115b5876ee91847e443
/Users/gokulmallabathula/deep-fake/datasets/raw/Celeb-Youtube-fake/4614.mp4,1,,Celeb-Youtube-fake,Celeb-Youtube-fake:4614,cf21ea85028ab08c0ad5353584f5bf61a5e0922a04266084ac4021ba52cfe40a
/Users/gokulmallabathula/deep-fake/datasets/raw/Celeb-Youtube-fake/4615.mp4,1,,Celeb-Youtube-fake,Celeb-Youtube-fake:4615,bcc2a1eb175951a80df45da8156d271cba9a10a6c42a19087ef84564a2f881dd
/Users/gokulmallabathula/deep-fake/datasets/raw/Celeb-Youtube-fake/4618.mp4,1,,Celeb-Youtube-fake,Celeb-Youtube-fake:4618,b3bd74fca60d174859fdd4e4a3ef7763f39089a91a0db713b581d04205a6ea52
/Users/gokulmallabathula/deep-fake/datasets/raw/Celeb-Youtube-fake/4619.mp4,1,,Celeb-Youtube-fake,Celeb-Youtube-fake:4619,b0a004f6c4e51812d7cc24a5be281d53006e01d9fd17fa3e4076ba10db1f2f5e
/Users/gokulmallabathula/deep-fake/datasets/raw/Celeb-Youtube-fake/462.mp4,1,,Celeb-Youtube-fake,Celeb-Youtube-fake:462,1b9d355f3b9fdfb45938ffff2dfc4be00f06856e202b9b49498bf0ecce0c70e1
/Users/gokulmallabathula/deep-fake/datasets/raw/Celeb-Youtube-fake/4620.mp4,1,,Celeb-Youtube-fake,Celeb-Youtube-fake:4620,bea85ab7bbd0fe4e99bf7589fa44fe51c75d21bebfcac4e8984984b79940c612
/Users/gokulmallabathula/deep-fake/datasets/raw/Celeb-Youtube-fake/4621.mp4,1,,Celeb-Youtube-fake,Celeb-Youtube-fake:4621,373a4ab6e22bebac107a6f0fb4fe03218180ab9f108087e4a6fd20a8587510f5
/Users/gokulmallabathula/deep-fake/datasets/raw/Celeb-Youtube-fake/4622.mp4,1,,Celeb-Youtube-fake,Celeb-Youtube-fake:4622,b34fb099aad5efdd3da387c887fe448c7ef1de82812f268ab14c90ca12f1288f
/Users/gokulmallabathula/deep-fake/datasets/raw/Celeb-Youtube-fake/4624.mp4,1,,Celeb-Youtube-fake,Celeb-Youtube-fake:4624,05119734b07125db2532987f859f1335b8ec67d215212280287612a2fed66586
/Users/gokulmallabathula/deep-fake/datasets/raw/Celeb-Youtube-fake/4625.mp4,1,,Celeb-Youtube-fake,Celeb-Youtube-fake:4625,241572d650d67c26c5a68979ee9f51ab681f38256376ee7cbdffee5b8999cfc7
/Users/gokulmallabathula/deep-fake/datasets/raw/Celeb-Youtube-fake/4626.mp4,1,,Celeb-Youtube-fake,Celeb-Youtube-fake:4626,693c0e2c8dc650cb250413e8bdb77f45ea3141e42fd2dc6cd582998ef61284bb
/Users/gokulmallabathula/deep-fake/datasets/raw/Celeb-Youtube-fake/4627.mp4,1,,Celeb-Youtube-fake,Celeb-Youtube-fake:4627,14f5c15ef71f0dd2a7d5945a409a54a8bcd615131f88f08bcc029dcbb0051f38
/Users/gokulmallabathula/deep-fake/datasets/raw/Celeb-Youtube-fake/4628.mp4,1,,Celeb-Youtube-fake,Celeb-Youtube-fake:4628,f8dad618b30fcd83570ae023a4fb2c25ffb331d8ccdc9eb9fb7e59c8b015f00a
/Users/gokulmallabathula/deep-fake/datasets/raw/Celeb-Youtube-fake/4629.mp4,1,,Celeb-Youtube-fake,Celeb-Youtube-fake:4629,ba9fc87595bf8335e785569825eac8c6bd293b0fc926766cf749a31a3407e0f2
/Users/gokulmallabathula/deep-fake/datasets/raw/Celeb-Youtube-fake/4630.mp4,1,,Celeb-Youtube-fake,Celeb-Youtube-fake:4630,a7aabebc22873b253ac2881022054df6192aafa7051bcdaab13e86ff41b8172c
/Users/gokulmallabathula/deep-fake/datasets/raw/Celeb-Youtube-fake/4631.mp4,1,,Celeb-Youtube-fake,Celeb-Youtube-fake:4631,6af12de7dc6b9df7f14c97e75edaa4d30080b5884920d5c49a9720db70557f1c
/Users/gokulmallabathula/deep-fake/datasets/raw/Celeb-Youtube-fake/4632.mp4,1,,Celeb-Youtube-fake,Celeb-Youtube-fake:4632,d4720d8c5d0a853f3f371b5e710bf80ff6ae63c945412641175131ea7b843a95
/Users/gokulmallabathula/deep-fake/datasets/raw/Celeb-Youtube-fake/4634.mp4,1,,Celeb-Youtube-fake,Celeb-Youtube-fake:4634,d064e500d4df5015a5e85e7a8e6fe06be235b1cf26aa4b74cbfadaf13650e0eb
/Users/gokulmallabathula/deep-fake/datasets/raw/Celeb-Youtube-fake/4635.mp4,1,,Celeb-Youtube-fake,Celeb-Youtube-fake:4635,61cbefcad1e2cede0fe85e07b8af143aba815ad9438e613c0c7980ef6c3dee2d
/Users/gokulmallabathula/deep-fake/datasets/raw/Celeb-Youtube-fake/4638.mp4,1,,Celeb-Youtube-fake,Celeb-Youtube-fake:4638,f41b6887b13f71322d4a0b7e33097776c3231d9b579c60d3b4c6a4740fd4a78f
/Users/gokulmallabathula/deep-fake/datasets/raw/Celeb-Youtube-fake/464.mp4,1,,Celeb-Youtube-fake,Celeb-Youtube-fake:464,e5d51b8178f8913626251bd5b7a95924977e0387fe2b87e910371db5677a94a7
/Users/gokulmallabathula/deep-fake/datasets/raw/Celeb-Youtube-fake/4641.mp4,1,,Celeb-Youtube-fake,Celeb-Youtube-fake:4641,1cffff948568183ae30828c504af07d8d1c703feb082781dd09fada64b246374
/Users/gokulmallabathula/deep-fake/datasets/raw/Celeb-Youtube-fake/4643.mp4,1,,Celeb-Youtube-fake,Celeb-Youtube-fake:4643,b99c90e6a6ac6e85a98bf898d7312d0dcbed1afbaffa0ce54687928787065a9d
/Users/gokulmallabathula/deep-fake/datasets/raw/Celeb-Youtube-fake/4644.mp4,1,,Celeb-Youtube-fake,Celeb-Youtube-fake:4644,e881e77bff596d2e7316e8624a2a17952c2bf9a675d74a237bb251a0d5efdb7c
/Users/gokulmallabathula/deep-fake/datasets/raw/Celeb-Youtube-fake/4645.mp4,1,,Celeb-Youtube-fake,Celeb-Youtube-fake:4645,fc8d352a6afad24a66e1c62348e7253dd113400276f66f15150c9f45e8fb4d79
/Users/gokulmallabathula/deep-fake/datasets/raw/Celeb-Youtube-fake/4647.mp4,1,,Celeb-Youtube-fake,Celeb-Youtube-fake:4647,3615d67cefe9101563f4382eb2e74d71c3f9c1708f62cd2803ef91a5e5a231b1
/Users/gokulmallabathula/deep-fake/datasets/raw/Celeb-Youtube-fake/4648.mp4,1,,Celeb-Youtube-fake,Celeb-Youtube-fake:4648,a344cb6ebc792da562173a86341d80101058ab7be8a98487121e1444f5faecdf
/Users/gokulmallabathula/deep-fake/datasets/raw/Celeb-Youtube-fake/4649.mp4,1,,Celeb-Youtube-fake,Celeb-Youtube-fake:4649,7212b53a6d152d1f72e763ae396fd934b5162e0d924460efeaa0d3894163f643
/Users/gokulmallabathula/deep-fake/datasets/raw/Celeb-Youtube-fake/4651.mp4,1,,Celeb-Youtube-fake,Celeb-Youtube-fake:4651,c1473dc95b889816912c1d8144e7eeda6862a538caca45fd9f965a20e3321a39
/Users/gokulmallabathula/deep-fake/datasets/raw/Celeb-Youtube-fake/4652.mp4,1,,Celeb-Youtube-fake,Celeb-Youtube-fake:4652,a4bd4469db69b4b8b2f899f16132c197173deaec966581ece9a3ff911d81869e
/Users/gokulmallabathula/deep-fake/datasets/raw/Celeb-Youtube-fake/4653.mp4,1,,Celeb-Youtube-fake,Celeb-Youtube-fake:4653,50c6a7c38a004ea4af56e8d962fb764c69ff144af9291a088f2fb18142a7503f
/Users/gokulmallabathula/deep-fake/datasets/raw/Celeb-Youtube-fake/4654.mp4,1,,Celeb-Youtube-fake,Celeb-Youtube-fake:4654,fc6ad8d2c442287297f02b70c0b3b8067dae9a4fb0650ac7ae17bc80525a8c4e
/Users/gokulmallabathula/deep-fake/datasets/raw/Celeb-Youtube-fake/4655.mp4,1,,Celeb-Youtube-fake,Celeb-Youtube-fake:4655,d6ef35afc88f974e54577e36c293c199d417e91f1af0c096080e7fe6461e15b4
/Users/gokulmallabathula/deep-fake/datasets/raw/Celeb-Youtube-fake/4656.mp4,1,,Celeb-Youtube-fake,Celeb-Youtube-fake:4656,b0ce985b3aa332931061286c61d9280fe84ee665f5298076367e6aaf7bf117dd
/Users/gokulmallabathula/deep-fake/datasets/raw/Celeb-Youtube-fake/4657.mp4,1,,Celeb-Youtube-fake,Celeb-Youtube-fake:4657,d7ec831fa60b1a1c8c35a51d1ffd6638e9cf8694ca6a05fc745887ec95638f82
/Users/gokulmallabathula/deep-fake/datasets/raw/Celeb-Youtube-fake/4659.mp4,1,,Celeb-Youtube-fake,Celeb-Youtube-fake:4659,b6f8b441f26740cca05bcc6719a7a2079004130f299b74fc421641f2274d75c1
/Users/gokulmallabathula/deep-fake/datasets/raw/Celeb-Youtube-fake/466.mp4,1,,Celeb-Youtube-fake,Celeb-Youtube-fake:466,bee1713986bb39ecb1b7b7c1a5131e3dd3339590780abe145f786a648dcb07b8
/Users/gokulmallabathula/deep-fake/datasets/raw/Celeb-Youtube-fake/4661.mp4,1,,Celeb-Youtube-fake,Celeb-Youtube-fake:4661,0f404d96d49992689d9910cef47fc3ccb202e1839cbcfd84d14081678f96c504
/Users/gokulmallabathula/deep-fake/datasets/raw/Celeb-Youtube-fake/4662.mp4,1,,Celeb-Youtube-fake,Celeb-Youtube-fake:4662,f4c5c7bd1d217690fa75b5219cfa0b09212039dcb3fea3cf1b392105deb1755f
/Users/gokulmallabathula/deep-fake/datasets/raw/Celeb-Youtube-fake/4663.mp4,1,,Celeb-Youtube-fake,Celeb-Youtube-fake:4663,1735b6b72efb47fc2d532dab9b4a3167f0693c5fcdfac27d85ca50c3cb5f3f5b
/Users/gokulmallabathula/deep-fake/datasets/raw/Celeb-Youtube-fake/4664.mp4,1,,Celeb-Youtube-fake,Celeb-Youtube-fake:4664,c18e8bd60ae97712251fa71a65321dab373b740c0b3bab51d3a8891cdbb220e1
/Users/gokulmallabathula/deep-fake/datasets/raw/Celeb-Youtube-fake/4665.mp4,1,,Celeb-Youtube-fake,Celeb-Youtube-fake:4665,655bc63076ffd98d768c9a0bda4636a45a9054c16e90e898abf35284eb3b1226
/Users/gokulmallabathula/deep-fake/datasets/raw/Celeb-Youtube-fake/4666.mp4,1,,Celeb-Youtube-fake,Celeb-Youtube-fake:4666,79a693165810096b68d0184940e97f23c9c6bf9265fb97a16beee3dd23007448
/Users/gokulmallabathula/deep-fake/datasets/raw/Celeb-Youtube-fake/4668.mp4,1,,Celeb-Youtube-fake,Celeb-Youtube-fake:4668,696d3b17d8bd991cbee46ce3d73797a3d82979059d2cbe2aa96517de521ea7cb
/Users/gokulmallabathula/deep-fake/datasets/raw/Celeb-Youtube-fake/4669.mp4,1,,Celeb-Youtube-fake,Celeb-Youtube-fake:4669,f018799a19a3881950267f95d91f42294b38c9e4c0fc7298dd0bc797ed8cc861
/Users/gokulmallabathula/deep-fake/datasets/raw/Celeb-Youtube-fake/467.mp4,1,,Celeb-Youtube-fake,Celeb-Youtube-fake:467,9755049c22864c4921095c92939894bddc698f75c65b20c741d85e3003bdf619
/Users/gokulmallabathula/deep-fake/datasets/raw/Celeb-Youtube-fake/4670.mp4,1,,Celeb-Youtube-fake,Celeb-Youtube-fake:4670,d5259089f666ea1ba8b11b6502bd34a3782d366eed8cdddc181427c884ef73e4
/Users/gokulmallabathula/deep-fake/datasets/raw/Celeb-Youtube-fake/4671.mp4,1,,Celeb-Youtube-fake,Celeb-Youtube-fake:4671,05093c091a329e785031366297dd3fd36b13bd01a04b7cfb936c954256fabb30
/Users/gokulmallabathula/deep-fake/datasets/raw/Celeb-Youtube-fake/4674.mp4,1,,Celeb-Youtube-fake,Celeb-Youtube-fake:4674,34a8560e8739763e819998e7b80f7cc8876455ec05337216e65a3711f78cd288
/Users/gokulmallabathula/deep-fake/datasets/raw/Celeb-Youtube-fake/4675.mp4,1,,Celeb-Youtube-fake,Celeb-Youtube-fake:4675,219b45c42bc5300b6803bd7aa93bef0c7563437401542a5dde86a1311d68c78f
/Users/gokulmallabathula/deep-fake/datasets/raw/Celeb-Youtube-fake/4676.mp4,1,,Celeb-Youtube-fake,Celeb-Youtube-fake:4676,e0d543654be62f8a9170364e69bceb0700fe6e5ab3ccb17af1bdeea23d2578d7
/Users/gokulmallabathula/deep-fake/datasets/raw/Celeb-Youtube-fake/4677.mp4,1,,Celeb-Youtube-fake,Celeb-Youtube-fake:4677,a9e28851ea76d9c7d64e1986aafce5575a8440c40d59ba973058f199081566e6
/Users/gokulmallabathula/deep-fake/datasets/raw/Celeb-Youtube-fake/4678.mp4,1,,Celeb-Youtube-fake,Celeb-Youtube-fake:4678,2110ff46420227baef55dc7b673415aa285dd62d027b35e5ea366bc7b1e6416c
/Users/gokulmallabathula/deep-fake/datasets/raw/Celeb-Youtube-fake/468.mp4,1,,Celeb-Youtube-fake,Celeb-Youtube-fake:468,f427735896f7949a9c4b73514d387234ab8bd5b58b279a5646a21097c1644c45
/Users/gokulmallabathula/deep-fake/datasets/raw/Celeb-Youtube-fake/4680.mp4,1,,Celeb-Youtube-fake,Celeb-Youtube-fake:4680,14fca53bd97ee221c103bf44a2908382eb202d417557e7afc1fd5251dce4b07a
/Users/gokulmallabathula/deep-fake/datasets/raw/Celeb-Youtube-fake/4681.mp4,1,,Celeb-Youtube-fake,Celeb-Youtube-fake:4681,a317e7ec7945d7fba7c5ff8aa6d2616d2d8242e398c3a948b49b43c9d95cbaac
/Users/gokulmallabathula/deep-fake/datasets/raw/Celeb-Youtube-fake/4682.mp4,1,,Celeb-Youtube-fake,Celeb-Youtube-fake:4682,dd9a6a82dfefbddf1f9581b8c6b6458df202483a92e1139893246aebd65eeef5
/Users/gokulmallabathula/deep-fake/datasets/raw/Celeb-Youtube-fake/4683.mp4,1,,Celeb-Youtube-fake,Celeb-Youtube-fake:4683,353ba6a83c991dcb298d6655f87281ec68856bdefe174a649135a2454109f01a
/Users/gokulmallabathula/deep-fake/datasets/raw/Celeb-Youtube-fake/4684.mp4,1,,Celeb-Youtube-fake,Celeb-Youtube-fake:4684,64d71be703ef31b707ba0639b40e43449d6a79791a1bcf667b2113b54d45a61a
/Users/gokulmallabathula/deep-fake/datasets/raw/Celeb-Youtube-fake/4685.mp4,1,,Celeb-Youtube-fake,Celeb-Youtube-fake:4685,df2fd6826d82be32e5e7f03ec4a9b4893c47257397ecf77afb20d2e6f65b37cf
/Users/gokulmallabathula/deep-fake/datasets/raw/Celeb-Youtube-fake/4686.mp4,1,,Celeb-Youtube-fake,Celeb-Youtube-fake:4686,05f0536c17614b047d96ef97078588f6e5f3d77158c3497e229e74f9f4cb3e09
/Users/gokulmallabathula/deep-fake/datasets/raw/Celeb-Youtube-fake/4687.mp4,1,,Celeb-Youtube-fake,Celeb-Youtube-fake:4687,2d08867c2ed0f539d5ec22ce9a4e42a8d0e1f8216c2c7191f38be9fb00f9a188
/Users/gokulmallabathula/deep-fake/datasets/raw/Celeb-Youtube-fake/469.mp4,1,,Celeb-Youtube-fake,Celeb-Youtube-fake:469,1e55c629d2352183d998461a939211145ad3a4cec18ff75b0d90ac5bcac9a73e
/Users/gokulmallabathula/deep-fake/datasets/raw/Celeb-Youtube-fake/4690.mp4,1,,Celeb-Youtube-fake,Celeb-Youtube-fake:4690,57e5cc6ea7b6bad7788e8058c6711e2374e54c24c0ee28c42b5d8631d1a22aca
/Users/gokulmallabathula/deep-fake/datasets/raw/Celeb-Youtube-fake/4691.mp4,1,,Celeb-Youtube-fake,Celeb-Youtube-fake:4691,7d81be9ce1dbe14b2a1fc438be9316d113a48b058bda4dda62effd480eb17337
/Users/gokulmallabathula/deep-fake/datasets/raw/Celeb-Youtube-fake/4692.mp4,1,,Celeb-Youtube-fake,Celeb-Youtube-fake:4692,d97836ea1197f907cb4952f3d15ac9189e0b9932759e9c5341e43f03da2f3d48
/Users/gokulmallabathula/deep-fake/datasets/raw/Celeb-Youtube-fake/4693.mp4,1,,Celeb-Youtube-fake,Celeb-Youtube-fake:4693,755fe652defc5f27884d2d32cda74be07694e43ae2d04fafd9436022c818cfdc
/Users/gokulmallabathula/deep-fake/datasets/raw/Celeb-Youtube-fake/4694.mp4,1,,Celeb-Youtube-fake,Celeb-Youtube-fake:4694,1dc8aaa002d49eb41d6558907b20f23a6bffb72831e8246c93566406ef66aeba
/Users/gokulmallabathula/deep-fake/datasets/raw/Celeb-Youtube-fake/4696.mp4,1,,Celeb-Youtube-fake,Celeb-Youtube-fake:4696,a090bbde2be7df41108f4a151df1a7c9e58bef1faf7e16a36e9349468450c290
/Users/gokulmallabathula/deep-fake/datasets/raw/Celeb-Youtube-fake/4697.mp4,1,,Celeb-Youtube-fake,Celeb-Youtube-fake:4697,ea17a8a520834000142d730e05bf6291bcec76832fef42ad3606fcc773d1f9f6
/Users/gokulmallabathula/deep-fake/datasets/raw/Celeb-Youtube-fake/4699.mp4,1,,Celeb-Youtube-fake,Celeb-Youtube-fake:4699,d1020afbf2080334b8fb7daca6036fe5640c434b79cc9ae2aee96ace45b63a62
/Users/gokulmallabathula/deep-fake/datasets/raw/Celeb-Youtube-fake/47.mp4,1,,Celeb-Youtube-fake,Celeb-Youtube-fake:47,2a758924690de29179733a49542fbd5ed62667e469c6f46ad7a864456d4ba00c
/Users/gokulmallabathula/deep-fake/datasets/raw/Celeb-Youtube-fake/470.mp4,1,,Celeb-Youtube-fake,Celeb-Youtube-fake:470,b854e1a84a942e77dc6f8e772ebf729cdfe06778f5f8b356f972ac31571b5a7f
/Users/gokulmallabathula/deep-fake/datasets/raw/Celeb-Youtube-fake/4701.mp4,1,,Celeb-Youtube-fake,Celeb-Youtube-fake:4701,1e478099b118cb7ef5c8053b36b0809097ffcd7f537833daceb3f3514f0cca58
/Users/gokulmallabathula/deep-fake/datasets/raw/Celeb-Youtube-fake/4702.mp4,1,,Celeb-Youtube-fake,Celeb-Youtube-fake:4702,c8b741a086b58c6783cd0bbcd9d18fb99120f5158a591f709ca812b13ee7a623
/Users/gokulmallabathula/deep-fake/datasets/raw/Celeb-Youtube-fake/4704.mp4,1,,Celeb-Youtube-fake,Celeb-Youtube-fake:4704,8405870642bccfec8bb1b02321d63a58b7dc69091aac634213e983830b6af249
/Users/gokulmallabathula/deep-fake/datasets/raw/Celeb-Youtube-fake/4706.mp4,1,,Celeb-Youtube-fake,Celeb-Youtube-fake:4706,ef15467fa362d680173da08513470700c762ca9f2736bac2f1c06fc6824a3b94
/Users/gokulmallabathula/deep-fake/datasets/raw/Celeb-Youtube-fake/4707.mp4,1,,Celeb-Youtube-fake,Celeb-Youtube-fake:4707,025591be56db88719f6e4bfeabdecd3473edde96cbc42c1d980be149258fbe23
/Users/gokulmallabathula/deep-fake/datasets/raw/Celeb-Youtube-fake/4708.mp4,1,,Celeb-Youtube-fake,Celeb-Youtube-fake:4708,abb2f8e9040872075dbbafd728a1442fcef021546e948e868d4801d4162cbf1c
/Users/gokulmallabathula/deep-fake/datasets/raw/Celeb-Youtube-fake/4709.mp4,1,,Celeb-Youtube-fake,Celeb-Youtube-fake:4709,60a83ee468853a57832983959e144ff9013e7ca845f379e6c23be5f6aa04170f
/Users/gokulmallabathula/deep-fake/datasets/raw/Celeb-Youtube-fake/471.mp4,1,,Celeb-Youtube-fake,Celeb-Youtube-fake:471,17a6b50efbbb809ee301a15c3186bf6eb366903b2af3ba740a8567558896df9e
/Users/gokulmallabathula/deep-fake/datasets/raw/Celeb-Youtube-fake/4710.mp4,1,,Celeb-Youtube-fake,Celeb-Youtube-fake:4710,652facecf7c384433802f05b0775ed7b9dbe760e9f2e30458b0041903f89ba2c
/Users/gokulmallabathula/deep-fake/datasets/raw/Celeb-Youtube-fake/4711.mp4,1,,Celeb-Youtube-fake,Celeb-Youtube-fake:4711,36bad83a8a37f89192f65ba800e9d04f857b26073a31ab98edfe4f868ae998de
/Users/gokulmallabathula/deep-fake/datasets/raw/Celeb-Youtube-fake/4712.mp4,1,,Celeb-Youtube-fake,Celeb-Youtube-fake:4712,2fecb2fcbfd0cbd8d22adecff7538cc19744054af2fa937394f758872fe29aa6
/Users/gokulmallabathula/deep-fake/datasets/raw/Celeb-Youtube-fake/4714.mp4,1,,Celeb-Youtube-fake,Celeb-Youtube-fake:4714,0572182f363962b6d078d826ac4a36affa200fafd8e48970385e25b1c4af495a
/Users/gokulmallabathula/deep-fake/datasets/raw/Celeb-Youtube-fake/4715.mp4,1,,Celeb-Youtube-fake,Celeb-Youtube-fake:4715,e6932438f45e9a89a3968ff4866249bb9a7f9198ce4f5ec83cd24c2d1712eb9a
/Users/gokulmallabathula/deep-fake/datasets/raw/Celeb-Youtube-fake/4716.mp4,1,,Celeb-Youtube-fake,Celeb-Youtube-fake:4716,957a19adb30e59b112288cb2005bca8aa13105e71e066a3c84c6f1aabaacbe09
/Users/gokulmallabathula/deep-fake/datasets/raw/Celeb-Youtube-fake/4717.mp4,1,,Celeb-Youtube-fake,Celeb-Youtube-fake:4717,25e85d1c6cb59689cc2632683cf807d3ce218a1d1d100bd8f9f289ee8bdc2b85
/Users/gokulmallabathula/deep-fake/datasets/raw/Celeb-Youtube-fake/4718.mp4,1,,Celeb-Youtube-fake,Celeb-Youtube-fake:4718,f2889baf767435ecaa0f8db1b7f5ebe3d5441f0cb361fe94e5c74a20c874898b
/Users/gokulmallabathula/deep-fake/datasets/raw/Celeb-Youtube-fake/4719.mp4,1,,Celeb-Youtube-fake,Celeb-Youtube-fake:4719,7eb8ab75efc78b9dd27f59487a5e7c33da1dc116e7cd97c2aa739b22d1abf100
/Users/gokulmallabathula/deep-fake/datasets/raw/Celeb-Youtube-fake/4720.mp4,1,,Celeb-Youtube-fake,Celeb-Youtube-fake:4720,9b7cca93ca16d5385a315544725ed1f10c50851395b1eb4a8b8bc36e6dd90440
/Users/gokulmallabathula/deep-fake/datasets/raw/Celeb-Youtube-fake/4721.mp4,1,,Celeb-Youtube-fake,Celeb-Youtube-fake:4721,8c653a91200b454be1dbe69cba621e55610e874b0925e50b7da84689c2eeeef0
/Users/gokulmallabathula/deep-fake/datasets/raw/Celeb-Youtube-fake/4722.mp4,1,,Celeb-Youtube-fake,Celeb-Youtube-fake:4722,e2a7d280656fe5bacbad1a7708ab1db542c52bb93059520289a33050d885da15
/Users/gokulmallabathula/deep-fake/datasets/raw/Celeb-Youtube-fake/4726.mp4,1,,Celeb-Youtube-fake,Celeb-Youtube-fake:4726,c876d825751a93407d6f408af3e6b7f2f17e96159c58d7659ecd2e0b5331fa14
/Users/gokulmallabathula/deep-fake/datasets/raw/Celeb-Youtube-fake/4727.mp4,1,,Celeb-Youtube-fake,Celeb-Youtube-fake:4727,5dabb5668f06e82cfb8759cb0acf8e5d4f688241b26b3c97ffdc823d759d23f6
/Users/gokulmallabathula/deep-fake/datasets/raw/Celeb-Youtube-fake/4729.mp4,1,,Celeb-Youtube-fake,Celeb-Youtube-fake:4729,7196adc914f616aa70f2ba05e6096c809fbdab8470006e72cfda2647358fa01c
/Users/gokulmallabathula/deep-fake/datasets/raw/Celeb-Youtube-fake/473.mp4,1,,Celeb-Youtube-fake,Celeb-Youtube-fake:473,fddbad22a878b83f8b8ccf0a492b20a9010db2d7f4434ee26aabb4e991449428
/Users/gokulmallabathula/deep-fake/datasets/raw/Celeb-Youtube-fake/4730.mp4,1,,Celeb-Youtube-fake,Celeb-Youtube-fake:4730,5d986701d89bebee569bcc571af741d1726e3dea194ee184f892003b7c54d66e
/Users/gokulmallabathula/deep-fake/datasets/raw/Celeb-Youtube-fake/4731.mp4,1,,Celeb-Youtube-fake,Celeb-Youtube-fake:4731,71ef6032a18a484abad0237d654c7cdbcdc5326ec4501e6873f7928e09d74430
/Users/gokulmallabathula/deep-fake/datasets/raw/Celeb-Youtube-fake/4733.mp4,1,,Celeb-Youtube-fake,Celeb-Youtube-fake:4733,29967c8abdf5faf20b24747c8f762e786044b452837a8da624abcb6529d89e72
/Users/gokulmallabathula/deep-fake/datasets/raw/Celeb-Youtube-fake/4734.mp4,1,,Celeb-Youtube-fake,Celeb-Youtube-fake:4734,afa0fb61cd19658ed969a8110b8c1c54dbd50bd4c498f58720783febfd225098
/Users/gokulmallabathula/deep-fake/datasets/raw/Celeb-Youtube-fake/4735.mp4,1,,Celeb-Youtube-fake,Celeb-Youtube-fake:4735,a1ded28c71d68f5c49dee029a34cbe348ec8385ffcbb128fe65fa8e27df7ee27
/Users/gokulmallabathula/deep-fake/datasets/raw/Celeb-Youtube-fake/4738.mp4,1,,Celeb-Youtube-fake,Celeb-Youtube-fake:4738,a267c99f8fd5bff89225c96fec87e97cfbb7025cf27af712fe93167b2af95a75
/Users/gokulmallabathula/deep-fake/datasets/raw/Celeb-Youtube-fake/4739.mp4,1,,Celeb-Youtube-fake,Celeb-Youtube-fake:4739,9b8b6a2fa510ddeb040aec7a6d6469c3ec0facc9417836622325b8838ea4e278
/Users/gokulmallabathula/deep-fake/datasets/raw/Celeb-Youtube-fake/474.mp4,1,,Celeb-Youtube-fake,Celeb-Youtube-fake:474,04105a47a0252a484106feb2a0fdf09c5894f0570e030fb1e3782f0d5ccc56ec
/Users/gokulmallabathula/deep-fake/datasets/raw/Celeb-Youtube-fake/4743.mp4,1,,Celeb-Youtube-fake,Celeb-Youtube-fake:4743,bf6c6c09c4a904425bec14770991494a40772a8afe59f4e33a66dede88876382
/Users/gokulmallabathula/deep-fake/datasets/raw/Celeb-Youtube-fake/4746.mp4,1,,Celeb-Youtube-fake,Celeb-Youtube-fake:4746,7cc0ec2b89ee9e47bcedc61a945e00b3688ab1aeb30670575d81a6e6aef063be
/Users/gokulmallabathula/deep-fake/datasets/raw/Celeb-Youtube-fake/4747.mp4,1,,Celeb-Youtube-fake,Celeb-Youtube-fake:4747,75c6555ad3450ad9a5e471dee436b565234949bfe76c3e6f150d5408b4071f3c
/Users/gokulmallabathula/deep-fake/datasets/raw/Celeb-Youtube-fake/4748.mp4,1,,Celeb-Youtube-fake,Celeb-Youtube-fake:4748,ca0706138df44af1fbef1b8502d8e7403dac00fad0ce820b2eb9fb2a0a86b31e
/Users/gokulmallabathula/deep-fake/datasets/raw/Celeb-Youtube-fake/4749.mp4,1,,Celeb-Youtube-fake,Celeb-Youtube-fake:4749,0f225b2aa8451398d56c9159e246cb3065f93797bc83bb706a983559538a1521
/Users/gokulmallabathula/deep-fake/datasets/raw/Celeb-Youtube-fake/4750.mp4,1,,Celeb-Youtube-fake,Celeb-Youtube-fake:4750,0d430fd908e5674fac365f79882cf754a99ace9c5b3843e5010055039bc23278
/Users/gokulmallabathula/deep-fake/datasets/raw/Celeb-Youtube-fake/4751.mp4,1,,Celeb-Youtube-fake,Celeb-Youtube-fake:4751,0984ecde118c1cbd62d023aff8cb090ff90160c4def6eb020b8c3965f8173093
/Users/gokulmallabathula/deep-fake/datasets/raw/Celeb-Youtube-fake/4752.mp4,1,,Celeb-Youtube-fake,Celeb-Youtube-fake:4752,8595b3a687001df45d73b7028d7dabb627d6c474c6517da0aad73f4c27e417ea
/Users/gokulmallabathula/deep-fake/datasets/raw/Celeb-Youtube-fake/4756.mp4,1,,Celeb-Youtube-fake,Celeb-Youtube-fake:4756,84e2a30596ba315ba01fc78ab0fe0217be609b7a4526fb61c19ee77bb7db0254
/Users/gokulmallabathula/deep-fake/datasets/raw/Celeb-Youtube-fake/4757.mp4,1,,Celeb-Youtube-fake,Celeb-Youtube-fake:4757,070c8d4d0822f12337c5a438d3b6bc3ce03e8b374fe2d3e804ad78c1aaa4333b
/Users/gokulmallabathula/deep-fake/datasets/raw/Celeb-Youtube-fake/4758.mp4,1,,Celeb-Youtube-fake,Celeb-Youtube-fake:4758,961869e7dc7719104e3952c5c0eac703756c15571c6d14c459b63003ccdf129f
/Users/gokulmallabathula/deep-fake/datasets/raw/Celeb-Youtube-fake/4759.mp4,1,,Celeb-Youtube-fake,Celeb-Youtube-fake:4759,da9875dd0cacc8d047adfe4dff0dfa44d9b2f9de564f325aa57ece26119e39f7
/Users/gokulmallabathula/deep-fake/datasets/raw/Celeb-Youtube-fake/4760.mp4,1,,Celeb-Youtube-fake,Celeb-Youtube-fake:4760,9bc90d4f9a7fc2832ec4aeb1c895d09af55ad5d5a47038c027fe61ca873e315c
/Users/gokulmallabathula/deep-fake/datasets/raw/Celeb-Youtube-fake/4763.mp4,1,,Celeb-Youtube-fake,Celeb-Youtube-fake:4763,ed0714f0008d47202876ee42f26e22292510ff11d8140cde1c3b517b70d74c87
/Users/gokulmallabathula/deep-fake/datasets/raw/Celeb-Youtube-fake/4764.mp4,1,,Celeb-Youtube-fake,Celeb-Youtube-fake:4764,8515395aab761582408c8fc2eaf1bb9210d6dc5047088e055377a51e54df426e
/Users/gokulmallabathula/deep-fake/datasets/raw/Celeb-Youtube-fake/4765.mp4,1,,Celeb-Youtube-fake,Celeb-Youtube-fake:4765,b87e8aba0bcb37551c68bf5a0b471ab9647ee16b802776053bfcbe79313c724a
/Users/gokulmallabathula/deep-fake/datasets/raw/Celeb-Youtube-fake/4766.mp4,1,,Celeb-Youtube-fake,Celeb-Youtube-fake:4766,82a607639692abc15808fa6cdb160ab2160c824832230f435515aad8fcf61535
/Users/gokulmallabathula/deep-fake/datasets/raw/Celeb-Youtube-fake/4768.mp4,1,,Celeb-Youtube-fake,Celeb-Youtube-fake:4768,3c6bf50106cade26e9cc78ad2d377ca56a5ecbace0ecf671c83b863acedb7d4f
/Users/gokulmallabathula/deep-fake/datasets/raw/Celeb-Youtube-fake/477.mp4,1,,Celeb-Youtube-fake,Celeb-Youtube-fake:477,ab953dcef1b42b989ddde86923e8ab4d30e48bfd450950eaa7d47d2a2b1038b9
/Users/gokulmallabathula/deep-fake/datasets/raw/Celeb-Youtube-fake/4770.mp4,1,,Celeb-Youtube-fake,Celeb-Youtube-fake:4770,0cc116eb7d4aa705c67293a5cdaaa329ce8c967d7505ddbff521677d22473894
/Users/gokulmallabathula/deep-fake/datasets/raw/Celeb-Youtube-fake/4771.mp4,1,,Celeb-Youtube-fake,Celeb-Youtube-fake:4771,3b8daf7c26948b4b93920b9ce7464e412525c0bc4f17f2408a422158d2738b1e
/Users/gokulmallabathula/deep-fake/datasets/raw/Celeb-Youtube-fake/4772.mp4,1,,Celeb-Youtube-fake,Celeb-Youtube-fake:4772,c5e1336d9d2ed7c04cc94ebf95309d3104202b272edcade8347e66bc0da04c21
/Users/gokulmallabathula/deep-fake/datasets/raw/Celeb-Youtube-fake/4773.mp4,1,,Celeb-Youtube-fake,Celeb-Youtube-fake:4773,a1bd9f5d6a08df2d6cf01175ee18fa22bcc5443efc4e877c2733f394636ebb3d
/Users/gokulmallabathula/deep-fake/datasets/raw/Celeb-Youtube-fake/4774.mp4,1,,Celeb-Youtube-fake,Celeb-Youtube-fake:4774,b78924ffe2e6025daa084aecd9d8b9e6a34f81f5e1cdb52339c7e7e3c18726ae
/Users/gokulmallabathula/deep-fake/datasets/raw/Celeb-Youtube-fake/4775.mp4,1,,Celeb-Youtube-fake,Celeb-Youtube-fake:4775,2c140fbc7fc7f6d7d493aaf1d652f8d4d4d42d905350f2f5e98573b13344869d
/Users/gokulmallabathula/deep-fake/datasets/raw/Celeb-Youtube-fake/4776.mp4,1,,Celeb-Youtube-fake,Celeb-Youtube-fake:4776,031ed4d690e5e8bc1b75d41949f2e47d7e71c8b533a5f1fbf667eaa092d18b21
/Users/gokulmallabathula/deep-fake/datasets/raw/Celeb-Youtube-fake/4777.mp4,1,,Celeb-Youtube-fake,Celeb-Youtube-fake:4777,bd7d9b72c8d2801ffec81916522f2a7bf5eb93e4db448a855c112ea85784ce21
/Users/gokulmallabathula/deep-fake/datasets/raw/Celeb-Youtube-fake/4778.mp4,1,,Celeb-Youtube-fake,Celeb-Youtube-fake:4778,5c2ac6eca57e11136937e59293ef1948ea33bbeea9727cfb99d45d1821022600
/Users/gokulmallabathula/deep-fake/datasets/raw/Celeb-Youtube-fake/4779.mp4,1,,Celeb-Youtube-fake,Celeb-Youtube-fake:4779,55695db554720e830f546007a78960c4ebd39028fee5b86ae859eacaa8cf45b6
/Users/gokulmallabathula/deep-fake/datasets/raw/Celeb-Youtube-fake/478.mp4,1,,Celeb-Youtube-fake,Celeb-Youtube-fake:478,264ab5bbc8ff8c22e5ae6c16c5d45f01f1776aee05a6090aa087048a4089257d
/Users/gokulmallabathula/deep-fake/datasets/raw/Celeb-Youtube-fake/4780.mp4,1,,Celeb-Youtube-fake,Celeb-Youtube-fake:4780,0fc1b8adb237a0e8535366fe623450e65c6a1368d5def0ea1e630a28ab2696fe
/Users/gokulmallabathula/deep-fake/datasets/raw/Celeb-Youtube-fake/4781.mp4,1,,Celeb-Youtube-fake,Celeb-Youtube-fake:4781,86d3dab3cde8b7c086112056d2b65346c23d8f9e64b917000871271e8c14cef9
/Users/gokulmallabathula/deep-fake/datasets/raw/Celeb-Youtube-fake/4782.mp4,1,,Celeb-Youtube-fake,Celeb-Youtube-fake:4782,4a1de5c88aa211d5bcfb51bd07beed0d57513b6d9d8c4c82e584881f11654d3a
/Users/gokulmallabathula/deep-fake/datasets/raw/Celeb-Youtube-fake/4783.mp4,1,,Celeb-Youtube-fake,Celeb-Youtube-fake:4783,85e8e301463a9bab98cbcbbb63710f3c32f690a01befb74a7a83b5ca05c8dd62
/Users/gokulmallabathula/deep-fake/datasets/raw/Celeb-Youtube-fake/4784.mp4,1,,Celeb-Youtube-fake,Celeb-Youtube-fake:4784,14d52950be3c302cc7492a91ea119eb977dd6eb4f51a44ecb6fa35854e88a62d
/Users/gokulmallabathula/deep-fake/datasets/raw/Celeb-Youtube-fake/4785.mp4,1,,Celeb-Youtube-fake,Celeb-Youtube-fake:4785,08dde4afd8f953c5814fdedd71adc927bb4df53836bbfea5c09ca0a9c5c0105e
/Users/gokulmallabathula/deep-fake/datasets/raw/Celeb-Youtube-fake/4787.mp4,1,,Celeb-Youtube-fake,Celeb-Youtube-fake:4787,b952089afb59b4eefe4e1f4193a0a5ee1a21db30813947530eeebb9b74b3dcf9
/Users/gokulmallabathula/deep-fake/datasets/raw/Celeb-Youtube-fake/4788.mp4,1,,Celeb-Youtube-fake,Celeb-Youtube-fake:4788,f198f94d19c6e001c96f1566fb97ebb6ceb09122d9d51d6a45a100498f143cd1
/Users/gokulmallabathula/deep-fake/datasets/raw/Celeb-Youtube-fake/479.mp4,1,,Celeb-Youtube-fake,Celeb-Youtube-fake:479,cd76cdf9babec719ac523eb80bede4d84cdb7aa232087ab41bc34d7d30f681c6
/Users/gokulmallabathula/deep-fake/datasets/raw/Celeb-Youtube-fake/4790.mp4,1,,Celeb-Youtube-fake,Celeb-Youtube-fake:4790,1548e0b55218ad2caafddc2d9b3f66ac340b7fbddf8fb1bca2a6e630714cbddd
/Users/gokulmallabathula/deep-fake/datasets/raw/Celeb-Youtube-fake/4791.mp4,1,,Celeb-Youtube-fake,Celeb-Youtube-fake:4791,ec403562afa55f0cb326f63eec3473f520cec173b762392224de4ee3f4a04788
/Users/gokulmallabathula/deep-fake/datasets/raw/Celeb-Youtube-fake/4793.mp4,1,,Celeb-Youtube-fake,Celeb-Youtube-fake:4793,292990e64db2da29e05fd1bb4e4631e64e081e5415c07d258991f864dd5c221c
/Users/gokulmallabathula/deep-fake/datasets/raw/Celeb-Youtube-fake/4794.mp4,1,,Celeb-Youtube-fake,Celeb-Youtube-fake:4794,638b49db6c1914b39c2176ea5d1497610b4f34681e1d47e1f37e7514bce30ac1
/Users/gokulmallabathula/deep-fake/datasets/raw/Celeb-Youtube-fake/4795.mp4,1,,Celeb-Youtube-fake,Celeb-Youtube-fake:4795,6c2156d05e96a984ddd0e91922ee06d8f38d2891e332b1d0d0a2571e192ffabc
/Users/gokulmallabathula/deep-fake/datasets/raw/Celeb-Youtube-fake/4796.mp4,1,,Celeb-Youtube-fake,Celeb-Youtube-fake:4796,61634e46edc4d7dcfb4543d907026cf6de52212d8a56fcd04f0c9c7fdf84daef
/Users/gokulmallabathula/deep-fake/datasets/raw/Celeb-Youtube-fake/4797.mp4,1,,Celeb-Youtube-fake,Celeb-Youtube-fake:4797,5471d08f109c4317feffabe2bf42aff250996c0f50376abcece4ab9c8601773c
/Users/gokulmallabathula/deep-fake/datasets/raw/Celeb-Youtube-fake/4798.mp4,1,,Celeb-Youtube-fake,Celeb-Youtube-fake:4798,632f60fbab104362883f9b95d300f06ceff4eea1af685284e6d98a799a22d847
/Users/gokulmallabathula/deep-fake/datasets/raw/Celeb-Youtube-fake/48.mp4,1,,Celeb-Youtube-fake,Celeb-Youtube-fake:48,909680b3cfc9b07081d7ac49ce0668acaf49fa53882c3725a1e3a3946d824d43
/Users/gokulmallabathula/deep-fake/datasets/raw/Celeb-Youtube-fake/480.mp4,1,,Celeb-Youtube-fake,Celeb-Youtube-fake:480,bde3507c95bc8484b3b56bbc681f0e0aace82a301addec3bea84b7bdc6661411
/Users/gokulmallabathula/deep-fake/datasets/raw/Celeb-Youtube-fake/4800.mp4,1,,Celeb-Youtube-fake,Celeb-Youtube-fake:4800,a4b864e791002b16a4a91cecc837ad606d8b3b32d74c492be9b8750563a4e0e9
/Users/gokulmallabathula/deep-fake/datasets/raw/Celeb-Youtube-fake/4801.mp4,1,,Celeb-Youtube-fake,Celeb-Youtube-fake:4801,c8a1543323bac8c9d6dc4eda64dbd1fc927fcd0da6299a7f54f55ac050eee86c
/Users/gokulmallabathula/deep-fake/datasets/raw/Celeb-Youtube-fake/4802.mp4,1,,Celeb-Youtube-fake,Celeb-Youtube-fake:4802,425a83cbba7b83a943908fc6a5d0d6a4b82b2df788173de66b137f34f96ac67c
/Users/gokulmallabathula/deep-fake/datasets/raw/Celeb-Youtube-fake/4803.mp4,1,,Celeb-Youtube-fake,Celeb-Youtube-fake:4803,c7b1990653e68544c2962a794c3588c83371ab1fd2919c957bb7a1f04946113a
/Users/gokulmallabathula/deep-fake/datasets/raw/Celeb-Youtube-fake/4804.mp4,1,,Celeb-Youtube-fake,Celeb-Youtube-fake:4804,4bddab61253a6e8dff6832290e01c3b60ce25c640469b8fb92e02e2aabc31e1a
/Users/gokulmallabathula/deep-fake/datasets/raw/Celeb-Youtube-fake/4805.mp4,1,,Celeb-Youtube-fake,Celeb-Youtube-fake:4805,146a6e9d56429aa926da5cb44a343ea62272e43910e9e6c51d658ca10f5f1fe8
/Users/gokulmallabathula/deep-fake/datasets/raw/Celeb-Youtube-fake/4808.mp4,1,,Celeb-Youtube-fake,Celeb-Youtube-fake:4808,7b4219466eb029732573fe3d48dcdab2e5c80d3d3ee307c7bede275874b99448
/Users/gokulmallabathula/deep-fake/datasets/raw/Celeb-Youtube-fake/4810.mp4,1,,Celeb-Youtube-fake,Celeb-Youtube-fake:4810,0ef21682c77014b6d74cd022552210b34802649556602d689ce11a9f5729dc53
/Users/gokulmallabathula/deep-fake/datasets/raw/Celeb-Youtube-fake/4812.mp4,1,,Celeb-Youtube-fake,Celeb-Youtube-fake:4812,9a61ffad8d415cd412fc8ebacd3b877fb8840cdf142864a8f6cecd1fe9ee5425
/Users/gokulmallabathula/deep-fake/datasets/raw/Celeb-Youtube-fake/4816.mp4,1,,Celeb-Youtube-fake,Celeb-Youtube-fake:4816,0669c8e2c63ab6dc6399450cf121a0edf0b0d3a80dd660a3ea57ea5893908155
/Users/gokulmallabathula/deep-fake/datasets/raw/Celeb-Youtube-fake/482.mp4,1,,Celeb-Youtube-fake,Celeb-Youtube-fake:482,673c6c98194c91f22a18a55c09f2dc37b88d6f442ee29438fbbc455d464f13aa
/Users/gokulmallabathula/deep-fake/datasets/raw/Celeb-Youtube-fake/4821.mp4,1,,Celeb-Youtube-fake,Celeb-Youtube-fake:4821,3c7253d41155e9ff29c14894204ca9e6f3b47cddc7cdddb2441d8ec805e275f8
/Users/gokulmallabathula/deep-fake/datasets/raw/Celeb-Youtube-fake/4822.mp4,1,,Celeb-Youtube-fake,Celeb-Youtube-fake:4822,21f862a2ee98a9b785335dcffa95ddf965d0a332b43526a7ab0f2daa5dda8449
/Users/gokulmallabathula/deep-fake/datasets/raw/Celeb-Youtube-fake/4823.mp4,1,,Celeb-Youtube-fake,Celeb-Youtube-fake:4823,629804bd926b16e070c483a5a77a696ea46e0a89540ab11781cee0639c4e43a9
/Users/gokulmallabathula/deep-fake/datasets/raw/Celeb-Youtube-fake/4825.mp4,1,,Celeb-Youtube-fake,Celeb-Youtube-fake:4825,f48c71302befb902f8129d26a0e1befca46e70bb854c0a904bd84e8d97afa002
/Users/gokulmallabathula/deep-fake/datasets/raw/Celeb-Youtube-fake/4826.mp4,1,,Celeb-Youtube-fake,Celeb-Youtube-fake:4826,6e6e41e41d92ee32435f5bfff7207ba29ae8385ac05c416659248ebab1d972ba
/Users/gokulmallabathula/deep-fake/datasets/raw/Celeb-Youtube-fake/4827.mp4,1,,Celeb-Youtube-fake,Celeb-Youtube-fake:4827,9a1d2a00ad7288855a02ac19beac4553621f54325121c70ffa52e3eef178258e
/Users/gokulmallabathula/deep-fake/datasets/raw/Celeb-Youtube-fake/4828.mp4,1,,Celeb-Youtube-fake,Celeb-Youtube-fake:4828,b56225dd3dead3cc092e745c05e3a567e196b35410d8a8ee00bc2253e465c7aa
/Users/gokulmallabathula/deep-fake/datasets/raw/Celeb-Youtube-fake/4829.mp4,1,,Celeb-Youtube-fake,Celeb-Youtube-fake:4829,49206c6bbb5f99f19b730d1ef8cd3d0cdf72f187ec3e38f584cb3a0bb422f3f2
/Users/gokulmallabathula/deep-fake/datasets/raw/Celeb-Youtube-fake/483.mp4,1,,Celeb-Youtube-fake,Celeb-Youtube-fake:483,472393e5f353ecc1c43b376f8b9be67d1911cda694850baedd4db05ecb42202b
/Users/gokulmallabathula/deep-fake/datasets/raw/Celeb-Youtube-fake/4830.mp4,1,,Celeb-Youtube-fake,Celeb-Youtube-fake:4830,80caeabb38e9c7f9f1633046a55eb6cb42bf966bdcdcd444afa1a255d9525c6f
/Users/gokulmallabathula/deep-fake/datasets/raw/Celeb-Youtube-fake/4832.mp4,1,,Celeb-Youtube-fake,Celeb-Youtube-fake:4832,708539cba6c0a8693974e5d9aada882b1e361a6b9b071647d5c0c939695c3587
/Users/gokulmallabathula/deep-fake/datasets/raw/Celeb-Youtube-fake/4833.mp4,1,,Celeb-Youtube-fake,Celeb-Youtube-fake:4833,bb9d75ae3c7efea3973c201504cd20c571b965f75b16ae11efe6ae760a14050f
/Users/gokulmallabathula/deep-fake/datasets/raw/Celeb-Youtube-fake/4834.mp4,1,,Celeb-Youtube-fake,Celeb-Youtube-fake:4834,d65fe9d6bfa9b45c39b6bd9041ecd3b93fbb91d3983a56c29b7db454a389b76c
/Users/gokulmallabathula/deep-fake/datasets/raw/Celeb-Youtube-fake/4835.mp4,1,,Celeb-Youtube-fake,Celeb-Youtube-fake:4835,9bcb27d2068417a5b70498c306f1f60a2e9cd6330d302a7873b710cff9174e56
/Users/gokulmallabathula/deep-fake/datasets/raw/Celeb-Youtube-fake/4836.mp4,1,,Celeb-Youtube-fake,Celeb-Youtube-fake:4836,ef92c9a27482dd682de338b4ac841e952aa44a99ca9051340d24ef05d2db7b8d
/Users/gokulmallabathula/deep-fake/datasets/raw/Celeb-Youtube-fake/4837.mp4,1,,Celeb-Youtube-fake,Celeb-Youtube-fake:4837,633f6a350e34ddd77c1d8da5f697ccc135ef69927dd5350ed0293ca8d31ae705
/Users/gokulmallabathula/deep-fake/datasets/raw/Celeb-Youtube-fake/4838.mp4,1,,Celeb-Youtube-fake,Celeb-Youtube-fake:4838,7b4254b7242a2a4161de3dc5d8fa1b89817a48aab349df2e80fefcf5c553e27b
/Users/gokulmallabathula/deep-fake/datasets/raw/Celeb-Youtube-fake/4839.mp4,1,,Celeb-Youtube-fake,Celeb-Youtube-fake:4839,1c582a38a68d71fc30cfea64e49d04fd8b9e4ad21c3090461225ac428e7a76c8
/Users/gokulmallabathula/deep-fake/datasets/raw/Celeb-Youtube-fake/484.mp4,1,,Celeb-Youtube-fake,Celeb-Youtube-fake:484,6d2e62528b5dca321f1586b2b95573e9455dea6d96ca8d2b0a60c96d059f1a4a
/Users/gokulmallabathula/deep-fake/datasets/raw/Celeb-Youtube-fake/4840.mp4,1,,Celeb-Youtube-fake,Celeb-Youtube-fake:4840,2b38de9e4c50c58d199e8908cec60364cabc9e31248f4da1feda73fc89c21c08
/Users/gokulmallabathula/deep-fake/datasets/raw/Celeb-Youtube-fake/4843.mp4,1,,Celeb-Youtube-fake,Celeb-Youtube-fake:4843,3332bc514224cd07a6891525168f95ad776ca82ffff5252fcacc44a8b5714149
/Users/gokulmallabathula/deep-fake/datasets/raw/Celeb-Youtube-fake/4846.mp4,1,,Celeb-Youtube-fake,Celeb-Youtube-fake:4846,8dfafe820681d9e0701254cdf71b98a62d005febb931031c2dac3be1425bfaa7
/Users/gokulmallabathula/deep-fake/datasets/raw/Celeb-Youtube-fake/4848.mp4,1,,Celeb-Youtube-fake,Celeb-Youtube-fake:4848,f4a22e248b5d8bba81cd9f5f3eff446423867b9793133666d3cd3dff658c83bf
/Users/gokulmallabathula/deep-fake/datasets/raw/Celeb-Youtube-fake/4849.mp4,1,,Celeb-Youtube-fake,Celeb-Youtube-fake:4849,8dc39c30abf19961e1cb58790e8b386fc2b943875e7d8ec222362066b9e63ae3
/Users/gokulmallabathula/deep-fake/datasets/raw/Celeb-Youtube-fake/485.mp4,1,,Celeb-Youtube-fake,Celeb-Youtube-fake:485,40c22c82d7d614cd67264c0fdfa3761328115c0c62da34b0222d18ffa8211fe1
/Users/gokulmallabathula/deep-fake/datasets/raw/Celeb-Youtube-fake/4851.mp4,1,,Celeb-Youtube-fake,Celeb-Youtube-fake:4851,255c89f3cc5672518c9d6a67b0b30681b6a54ebfa95bae4ab633b50af2d6511b
/Users/gokulmallabathula/deep-fake/datasets/raw/Celeb-Youtube-fake/4853.mp4,1,,Celeb-Youtube-fake,Celeb-Youtube-fake:4853,9a63c18adc850bfd42dde1ba86bf835f6895b014b40201771dc64997670e93d2
/Users/gokulmallabathula/deep-fake/datasets/raw/Celeb-Youtube-fake/4854.mp4,1,,Celeb-Youtube-fake,Celeb-Youtube-fake:4854,d0b8d3236c19841a7fbfdb40b223ff502187ce99c259ba7859a4bfab46cfc47f
/Users/gokulmallabathula/deep-fake/datasets/raw/Celeb-Youtube-fake/4855.mp4,1,,Celeb-Youtube-fake,Celeb-Youtube-fake:4855,435b8e861e71817a00976bc4e0459879ed03c80c67884f0e5253cf0c32b1139c
/Users/gokulmallabathula/deep-fake/datasets/raw/Celeb-Youtube-fake/4856.mp4,1,,Celeb-Youtube-fake,Celeb-Youtube-fake:4856,f27ae47647e5d71e0b162b178323646a8543c60cc2957ffb257ef866391c2d32
/Users/gokulmallabathula/deep-fake/datasets/raw/Celeb-Youtube-fake/4858.mp4,1,,Celeb-Youtube-fake,Celeb-Youtube-fake:4858,677483d5ff2d6c88dfe7602f66130c4d2a80b7db3969852bd388d67618deb1ad
/Users/gokulmallabathula/deep-fake/datasets/raw/Celeb-Youtube-fake/4859.mp4,1,,Celeb-Youtube-fake,Celeb-Youtube-fake:4859,dd3a37f749cd03f6ea647247413308882d0f93cf4b303e082b2b165d43a1e1e7
/Users/gokulmallabathula/deep-fake/datasets/raw/Celeb-Youtube-fake/486.mp4,1,,Celeb-Youtube-fake,Celeb-Youtube-fake:486,0e9463d628f93fd29ff15680dd1163aeee9ec1d26da4c920424b020bfa1134e0
/Users/gokulmallabathula/deep-fake/datasets/raw/Celeb-Youtube-fake/4860.mp4,1,,Celeb-Youtube-fake,Celeb-Youtube-fake:4860,fc37ca0a3eb384e09e247c77ff5a0d22d5cd740541902dea1943d41b3cb474b9
/Users/gokulmallabathula/deep-fake/datasets/raw/Celeb-Youtube-fake/4861.mp4,1,,Celeb-Youtube-fake,Celeb-Youtube-fake:4861,faa54b407dce4c3e65b8d493d01e6fb11d54876bbf2bf1537ad47f9022633e98
/Users/gokulmallabathula/deep-fake/datasets/raw/Celeb-Youtube-fake/4862.mp4,1,,Celeb-Youtube-fake,Celeb-Youtube-fake:4862,a88b0876f355e397e292c15856e9ce56dd5a65c0c990cd4cd00b40d388eb82d6
/Users/gokulmallabathula/deep-fake/datasets/raw/Celeb-Youtube-fake/4863.mp4,1,,Celeb-Youtube-fake,Celeb-Youtube-fake:4863,814facf6cfc0044e4e2ef8cf3a2f8b009bd2bca16cc128ce282b0e14886d877c
/Users/gokulmallabathula/deep-fake/datasets/raw/Celeb-Youtube-fake/4864.mp4,1,,Celeb-Youtube-fake,Celeb-Youtube-fake:4864,964e97a870c9226371cab1ea79893adb5c1356f154b5105389d8b82878275c02
/Users/gokulmallabathula/deep-fake/datasets/raw/Celeb-Youtube-fake/4865.mp4,1,,Celeb-Youtube-fake,Celeb-Youtube-fake:4865,ba6fc8b664d20a712b5d8c966156ec48021da9060254f9c9206fc66e849a4feb
/Users/gokulmallabathula/deep-fake/datasets/raw/Celeb-Youtube-fake/4867.mp4,1,,Celeb-Youtube-fake,Celeb-Youtube-fake:4867,e65007fbee065daec2a961c41ff7655debb8b5417bad58047f7536c989959d9d
/Users/gokulmallabathula/deep-fake/datasets/raw/Celeb-Youtube-fake/4868.mp4,1,,Celeb-Youtube-fake,Celeb-Youtube-fake:4868,7c9e152bc3f94d856156e50ea9710f8636aa25ca3ee584499d115de90e04e4f8
/Users/gokulmallabathula/deep-fake/datasets/raw/Celeb-Youtube-fake/4869.mp4,1,,Celeb-Youtube-fake,Celeb-Youtube-fake:4869,6178590ee6fc2ecce9f7ef747c923999ab511eec63357d5ec0bb7ac27c42cb0a
/Users/gokulmallabathula/deep-fake/datasets/raw/Celeb-Youtube-fake/487.mp4,1,,Celeb-Youtube-fake,Celeb-Youtube-fake:487,e9afda2f055442d6010597d35b23c20aea73eb1507bf26e078849d31df8b7bad
/Users/gokulmallabathula/deep-fake/datasets/raw/Celeb-Youtube-fake/4870.mp4,1,,Celeb-Youtube-fake,Celeb-Youtube-fake:4870,81bb05ead6c233dcfd4ef64d63c2420b81aec808edd8d68da495798500c3a92d
/Users/gokulmallabathula/deep-fake/datasets/raw/Celeb-Youtube-fake/4871.mp4,1,,Celeb-Youtube-fake,Celeb-Youtube-fake:4871,e551c0e56ce03c66142d6ef3c111d3e6f05d9a4fa74ce275db50306fef142380
/Users/gokulmallabathula/deep-fake/datasets/raw/Celeb-Youtube-fake/4872.mp4,1,,Celeb-Youtube-fake,Celeb-Youtube-fake:4872,c3767727fd9a4cdb77baa068ae4bb8dc64d951e1ed5bd48dfb6987895c66ff4a
/Users/gokulmallabathula/deep-fake/datasets/raw/Celeb-Youtube-fake/4873.mp4,1,,Celeb-Youtube-fake,Celeb-Youtube-fake:4873,5f4948fe77879444546732e6d1b61302a70da36ddb63bed764f3dbfb412d4a62
/Users/gokulmallabathula/deep-fake/datasets/raw/Celeb-Youtube-fake/4875.mp4,1,,Celeb-Youtube-fake,Celeb-Youtube-fake:4875,f175c674a9ffbf9cf378a63aa893b20e1ba89bdc88d041f227b62b817a5623d1
/Users/gokulmallabathula/deep-fake/datasets/raw/Celeb-Youtube-fake/4877.mp4,1,,Celeb-Youtube-fake,Celeb-Youtube-fake:4877,b76120b993933193ee42451c665cd86a6a6b4e3f5e64ca2896e1edd42597c7c7
/Users/gokulmallabathula/deep-fake/datasets/raw/Celeb-Youtube-fake/4879.mp4,1,,Celeb-Youtube-fake,Celeb-Youtube-fake:4879,2be89f0ab68ddb7b8eeaafc1d5f0c8ec58d506fb42268102dbfadec6941a28d3
/Users/gokulmallabathula/deep-fake/datasets/raw/Celeb-Youtube-fake/488.mp4,1,,Celeb-Youtube-fake,Celeb-Youtube-fake:488,b52ed0e257eb91a168c99d21f3e6fe57883564f03c35d19f47d87dbb7081ec6f
/Users/gokulmallabathula/deep-fake/datasets/raw/Celeb-Youtube-fake/4880.mp4,1,,Celeb-Youtube-fake,Celeb-Youtube-fake:4880,66963a570ee406b207e5a24db53d965a989b1f05b5f2f28f58dcc2e8ee2a409c
/Users/gokulmallabathula/deep-fake/datasets/raw/Celeb-Youtube-fake/4881.mp4,1,,Celeb-Youtube-fake,Celeb-Youtube-fake:4881,9314f558f8e301035778f2858a8c9e73d2274dcff4552cde939d27a58fa73ff7
/Users/gokulmallabathula/deep-fake/datasets/raw/Celeb-Youtube-fake/4884.mp4,1,,Celeb-Youtube-fake,Celeb-Youtube-fake:4884,d977290715d522898e86c2f78543d48c1c30a5516e20acddfde8baf3357ddcf4
/Users/gokulmallabathula/deep-fake/datasets/raw/Celeb-Youtube-fake/4885.mp4,1,,Celeb-Youtube-fake,Celeb-Youtube-fake:4885,cfecbf253e6174cf45e48476e0cb6f5a2fae71fd9a40fc375a22b499a2031d07
/Users/gokulmallabathula/deep-fake/datasets/raw/Celeb-Youtube-fake/4886.mp4,1,,Celeb-Youtube-fake,Celeb-Youtube-fake:4886,605fd88a85c38c4132f1d5e3617b5181f79b43336b63fdf6332cdfb724a7c1ce
/Users/gokulmallabathula/deep-fake/datasets/raw/Celeb-Youtube-fake/4887.mp4,1,,Celeb-Youtube-fake,Celeb-Youtube-fake:4887,4ba394ba72407f8f1b388d1bb6bf0360fc2a79a005707f47c61e88a6839f4dab
/Users/gokulmallabathula/deep-fake/datasets/raw/Celeb-Youtube-fake/4888.mp4,1,,Celeb-Youtube-fake,Celeb-Youtube-fake:4888,e634a5a179d8f4557c537aae22082d20f95731c6098a26bf7e1081d15b25d879
/Users/gokulmallabathula/deep-fake/datasets/raw/Celeb-Youtube-fake/489.mp4,1,,Celeb-Youtube-fake,Celeb-Youtube-fake:489,4f4b3209e57157bbc4713c2af3d48eaa0716793d3abbb782a6c37f2cbc14bee1
/Users/gokulmallabathula/deep-fake/datasets/raw/Celeb-Youtube-fake/4890.mp4,1,,Celeb-Youtube-fake,Celeb-Youtube-fake:4890,dc29370836e48d984261cc5431bd86d7b56abf81a88096e8a8143afda034e9ef
/Users/gokulmallabathula/deep-fake/datasets/raw/Celeb-Youtube-fake/4891.mp4,1,,Celeb-Youtube-fake,Celeb-Youtube-fake:4891,442e0922207a9a2648758a5ba8f4289a8bb96769eed11122cf64ea9882b036f2
/Users/gokulmallabathula/deep-fake/datasets/raw/Celeb-Youtube-fake/4893.mp4,1,,Celeb-Youtube-fake,Celeb-Youtube-fake:4893,b99bf3fb60331d0d4cd2d81b6e00a786e97819b7e55dcc3b9d34aab33a52806d
/Users/gokulmallabathula/deep-fake/datasets/raw/Celeb-Youtube-fake/4894.mp4,1,,Celeb-Youtube-fake,Celeb-Youtube-fake:4894,6eb092ce6ddf3dc8f4540cf2e1b553ff6602969714bbb371e16bb76e7c882afa
/Users/gokulmallabathula/deep-fake/datasets/raw/Celeb-Youtube-fake/4895.mp4,1,,Celeb-Youtube-fake,Celeb-Youtube-fake:4895,e588e0499a3e92c1b75b2a81edd35c7a5ec23e604b1a2a457bd2414ab35d0674
/Users/gokulmallabathula/deep-fake/datasets/raw/Celeb-Youtube-fake/4896.mp4,1,,Celeb-Youtube-fake,Celeb-Youtube-fake:4896,f06016f9b0e11e02a0dc5f30473ec8dd718ae4a96ada38fd6be06ce0e04bd510
/Users/gokulmallabathula/deep-fake/datasets/raw/Celeb-Youtube-fake/4897.mp4,1,,Celeb-Youtube-fake,Celeb-Youtube-fake:4897,3c513f9b8d91d7394859e76726e2e2fd319230e5d9a8aa47ee8d985147e7478a
/Users/gokulmallabathula/deep-fake/datasets/raw/Celeb-Youtube-fake/4898.mp4,1,,Celeb-Youtube-fake,Celeb-Youtube-fake:4898,71c9ac79955766392b95957775fa83d5ecf59fe310140184d6b5dfc40fb8dec2
/Users/gokulmallabathula/deep-fake/datasets/raw/Celeb-Youtube-fake/4900.mp4,1,,Celeb-Youtube-fake,Celeb-Youtube-fake:4900,53c5ad01120cd165fc76b56ef7abf9fd7b8599d60d3f9a1de344c3f18472933d
/Users/gokulmallabathula/deep-fake/datasets/raw/Celeb-Youtube-fake/4901.mp4,1,,Celeb-Youtube-fake,Celeb-Youtube-fake:4901,088f2e782989e6a922f9ce605830c077ecd0b830594b859357d599c382363fcb
/Users/gokulmallabathula/deep-fake/datasets/raw/Celeb-Youtube-fake/4902.mp4,1,,Celeb-Youtube-fake,Celeb-Youtube-fake:4902,dbf3d4b4337472a226c896cb63ba9dc6175c6171e2e9ee311c0c6a74f7fd2340
/Users/gokulmallabathula/deep-fake/datasets/raw/Celeb-Youtube-fake/4904.mp4,1,,Celeb-Youtube-fake,Celeb-Youtube-fake:4904,c0a21a62fd6ad117bd8915bad4487de4b7be98a39d87515dfb1dff6e013ec54b
/Users/gokulmallabathula/deep-fake/datasets/raw/Celeb-Youtube-fake/4905.mp4,1,,Celeb-Youtube-fake,Celeb-Youtube-fake:4905,3bce5023e9b8a807c0e06d39b755c0dab00739ac1651b045b4ae8320cbdff4d4
/Users/gokulmallabathula/deep-fake/datasets/raw/Celeb-Youtube-fake/4906.mp4,1,,Celeb-Youtube-fake,Celeb-Youtube-fake:4906,adf013c5c3a7fccc405267bbc80ea98f331bd68181ed00844461e431f47c3e63
/Users/gokulmallabathula/deep-fake/datasets/raw/Celeb-Youtube-fake/4907.mp4,1,,Celeb-Youtube-fake,Celeb-Youtube-fake:4907,defc02752d6cb0c78a2c08f2f6be7ee8c2d468bed66be3eacc415c77aaad34d7
/Users/gokulmallabathula/deep-fake/datasets/raw/Celeb-Youtube-fake/4909.mp4,1,,Celeb-Youtube-fake,Celeb-Youtube-fake:4909,34f4b588bf1de1509b7126fa2fa62a9ff3d1707be738f58b654c43f39f5ddef6
/Users/gokulmallabathula/deep-fake/datasets/raw/Celeb-Youtube-fake/491.mp4,1,,Celeb-Youtube-fake,Celeb-Youtube-fake:491,8fab28eea6262ecf44be7af2fc6f137b97a8cc98e83c2e6a84a97d9aa9c23dbe
/Users/gokulmallabathula/deep-fake/datasets/raw/Celeb-Youtube-fake/4910.mp4,1,,Celeb-Youtube-fake,Celeb-Youtube-fake:4910,dd6a729716532db2d5fd32f6beadd74f6cea2d5a26614fbab3f5fdd6506f7da6
/Users/gokulmallabathula/deep-fake/datasets/raw/Celeb-Youtube-fake/4911.mp4,1,,Celeb-Youtube-fake,Celeb-Youtube-fake:4911,0873df7b656dc5ed39266e6b2c8250de673dceda17d7dad2d2c1b7a9d21afdef
/Users/gokulmallabathula/deep-fake/datasets/raw/Celeb-Youtube-fake/4915.mp4,1,,Celeb-Youtube-fake,Celeb-Youtube-fake:4915,fd7d115a9b6ef295d8c2509b2309245cdf298ba0da0258b1c332c1acfdc7ad19
/Users/gokulmallabathula/deep-fake/datasets/raw/Celeb-Youtube-fake/4916.mp4,1,,Celeb-Youtube-fake,Celeb-Youtube-fake:4916,d11d5f26059e84821755e69aae2918b7f169e80c6d87232c7cff206be54d6724
/Users/gokulmallabathula/deep-fake/datasets/raw/Celeb-Youtube-fake/4917.mp4,1,,Celeb-Youtube-fake,Celeb-Youtube-fake:4917,36d453b658f39a89f4aad24e2ab0bd493aeca6d916404059af53b699c68ff464
/Users/gokulmallabathula/deep-fake/datasets/raw/Celeb-Youtube-fake/4918.mp4,1,,Celeb-Youtube-fake,Celeb-Youtube-fake:4918,3e24cce061e8256ea0e6ad73afdf36ddd81850ab534156dc9afa6ba305be432e
/Users/gokulmallabathula/deep-fake/datasets/raw/Celeb-Youtube-fake/4919.mp4,1,,Celeb-Youtube-fake,Celeb-Youtube-fake:4919,efa733a59ec9baef42c0d444dae4c18f31aab57a228069cb98bbe6a48785e491
/Users/gokulmallabathula/deep-fake/datasets/raw/Celeb-Youtube-fake/492.mp4,1,,Celeb-Youtube-fake,Celeb-Youtube-fake:492,d85e38c6260947777d92b5eca5328799837f4205262954e2e6a15ad9febb14b0
/Users/gokulmallabathula/deep-fake/datasets/raw/Celeb-Youtube-fake/4920.mp4,1,,Celeb-Youtube-fake,Celeb-Youtube-fake:4920,7ed1d8924bfda0baebc33343dedceba59db52340202435d8c630f9ea4edb78c2
/Users/gokulmallabathula/deep-fake/datasets/raw/Celeb-Youtube-fake/4921.mp4,1,,Celeb-Youtube-fake,Celeb-Youtube-fake:4921,8168cd8a561a0b8e1fe389dac6acd54dfa63d02edf6bea50574e676a97cbb851
/Users/gokulmallabathula/deep-fake/datasets/raw/Celeb-Youtube-fake/4922.mp4,1,,Celeb-Youtube-fake,Celeb-Youtube-fake:4922,a512f681fdca1d815c1635f28c383e276e9b6ecf91cf1ec81b7b4315a4c2e60e
/Users/gokulmallabathula/deep-fake/datasets/raw/Celeb-Youtube-fake/4923.mp4,1,,Celeb-Youtube-fake,Celeb-Youtube-fake:4923,0c9ff9874058659c80351372f1d7ccdbf469092ede35c37215356896eb21ae83
/Users/gokulmallabathula/deep-fake/datasets/raw/Celeb-Youtube-fake/4924.mp4,1,,Celeb-Youtube-fake,Celeb-Youtube-fake:4924,4efb9d8b541d74b3fa2041a58c14f587558ea5c5fdace9efd75d0a62f28c8580
/Users/gokulmallabathula/deep-fake/datasets/raw/Celeb-Youtube-fake/4927.mp4,1,,Celeb-Youtube-fake,Celeb-Youtube-fake:4927,cf9ceefd695285e4c7614e26fcea1662ac4b4e6c09e84de03259710a320faee0
/Users/gokulmallabathula/deep-fake/datasets/raw/Celeb-Youtube-fake/4929.mp4,1,,Celeb-Youtube-fake,Celeb-Youtube-fake:4929,b39cb35649ffd1c6db66b004582ecda3e6f9764d0bde168119597d9934225557
/Users/gokulmallabathula/deep-fake/datasets/raw/Celeb-Youtube-fake/493.mp4,1,,Celeb-Youtube-fake,Celeb-Youtube-fake:493,ba100479951bfd18c59fe95a4e45e94ef1bf36aaf72a1e3f8e9a5b21693f07e2
/Users/gokulmallabathula/deep-fake/datasets/raw/Celeb-Youtube-fake/4930.mp4,1,,Celeb-Youtube-fake,Celeb-Youtube-fake:4930,3a43dc6e5435d0cca2b97798d944af5930a37a618c8916bf9f342af4a0cc208d
/Users/gokulmallabathula/deep-fake/datasets/raw/Celeb-Youtube-fake/4931.mp4,1,,Celeb-Youtube-fake,Celeb-Youtube-fake:4931,afd52404c9df836549af15748a723ba66288f3dea866aba1531ea3ef5fcbbb01
/Users/gokulmallabathula/deep-fake/datasets/raw/Celeb-Youtube-fake/4932.mp4,1,,Celeb-Youtube-fake,Celeb-Youtube-fake:4932,a5e25b61a79efb97d558f505f10280a83618aba00c8405f4f243c86ca0bcbb88
/Users/gokulmallabathula/deep-fake/datasets/raw/Celeb-Youtube-fake/4933.mp4,1,,Celeb-Youtube-fake,Celeb-Youtube-fake:4933,dc38018997bfa404385a2e522cdd5a32215a60f43a5e103a2bc17c4efc8f3c2c
/Users/gokulmallabathula/deep-fake/datasets/raw/Celeb-Youtube-fake/4934.mp4,1,,Celeb-Youtube-fake,Celeb-Youtube-fake:4934,323e93c8ac76fa11f102ae23bfe202837e0a6c7944b03b59f2ca7813f2fae0c5
/Users/gokulmallabathula/deep-fake/datasets/raw/Celeb-Youtube-fake/4935.mp4,1,,Celeb-Youtube-fake,Celeb-Youtube-fake:4935,d7b6144c9dccf52f6812e702918548e557c3df1035f65d8682ec3af906c67989
/Users/gokulmallabathula/deep-fake/datasets/raw/Celeb-Youtube-fake/4937.mp4,1,,Celeb-Youtube-fake,Celeb-Youtube-fake:4937,13f81589578383bff8c454f5be745b94fd7a62280957cdac1fd074065d57f090
/Users/gokulmallabathula/deep-fake/datasets/raw/Celeb-Youtube-fake/4938.mp4,1,,Celeb-Youtube-fake,Celeb-Youtube-fake:4938,b768b328e2ba3133bcbf1b181d7a148cf7e7d09e4279ab2cf46cad704f281c82
/Users/gokulmallabathula/deep-fake/datasets/raw/Celeb-Youtube-fake/4939.mp4,1,,Celeb-Youtube-fake,Celeb-Youtube-fake:4939,4eb9963f2a7d2b8bf4e696bd9b2194a6f7125b776adc1940644f71ca9fff9eac
/Users/gokulmallabathula/deep-fake/datasets/raw/Celeb-Youtube-fake/494.mp4,1,,Celeb-Youtube-fake,Celeb-Youtube-fake:494,1f451ccad233629ac855d7cacc21b253968947e83fa2fef6f74c52751d82c7b2
/Users/gokulmallabathula/deep-fake/datasets/raw/Celeb-Youtube-fake/4940.mp4,1,,Celeb-Youtube-fake,Celeb-Youtube-fake:4940,78d10d905dab61b7fd641579bb7b02cfc76858a641608df81dcc21961147889b
/Users/gokulmallabathula/deep-fake/datasets/raw/Celeb-Youtube-fake/4941.mp4,1,,Celeb-Youtube-fake,Celeb-Youtube-fake:4941,31e4ce440a2fb82909ed0ea5f21917d0c798fe58966d468856c3eab856e717a8
/Users/gokulmallabathula/deep-fake/datasets/raw/Celeb-Youtube-fake/4943.mp4,1,,Celeb-Youtube-fake,Celeb-Youtube-fake:4943,eeecd0a4224785e2056f68bed61828f78513ddf3f2a06ae90b7c9ec55e2e781b
/Users/gokulmallabathula/deep-fake/datasets/raw/Celeb-Youtube-fake/4944.mp4,1,,Celeb-Youtube-fake,Celeb-Youtube-fake:4944,c5d5582d9d3cc9b2cf343ffdaf973a47dd32b3185483c4ec8b67ca5e19a3866c
/Users/gokulmallabathula/deep-fake/datasets/raw/Celeb-Youtube-fake/4945.mp4,1,,Celeb-Youtube-fake,Celeb-Youtube-fake:4945,a1cd43dd474e62c37d56412a0f7af557c10d00e3b1e878576fc8d59311a98aa9
/Users/gokulmallabathula/deep-fake/datasets/raw/Celeb-Youtube-fake/4946.mp4,1,,Celeb-Youtube-fake,Celeb-Youtube-fake:4946,58b88d4057d0e0a8edfcf39b5affec491b442deff1981a2b1bf73f2ccc623943
/Users/gokulmallabathula/deep-fake/datasets/raw/Celeb-Youtube-fake/4947.mp4,1,,Celeb-Youtube-fake,Celeb-Youtube-fake:4947,f40c8d2a69ae8405731998b8dc50b7ec692e2767219da72532b526d01efbf982
/Users/gokulmallabathula/deep-fake/datasets/raw/Celeb-Youtube-fake/4948.mp4,1,,Celeb-Youtube-fake,Celeb-Youtube-fake:4948,ee32024e050fbe0d1766703c445cfd0d62b04b47ca8cd4bad7b774392b44a814
/Users/gokulmallabathula/deep-fake/datasets/raw/Celeb-Youtube-fake/495.mp4,1,,Celeb-Youtube-fake,Celeb-Youtube-fake:495,919d7c4a5e175a4a43b28e9e4dfa14dabe7a105508e81a37835f0ab9e1239e67
/Users/gokulmallabathula/deep-fake/datasets/raw/Celeb-Youtube-fake/4950.mp4,1,,Celeb-Youtube-fake,Celeb-Youtube-fake:4950,21bc59ec2c02816c63eb3fd7650304c2a980a90b06e7533d625d09c9af4b24fb
/Users/gokulmallabathula/deep-fake/datasets/raw/Celeb-Youtube-fake/4953.mp4,1,,Celeb-Youtube-fake,Celeb-Youtube-fake:4953,d6eef3824006f409d773d8a20610223d860a68e1ca4a7bf0d67d5de68570eb35
/Users/gokulmallabathula/deep-fake/datasets/raw/Celeb-Youtube-fake/4954.mp4,1,,Celeb-Youtube-fake,Celeb-Youtube-fake:4954,bfcd0b76871ff0dfad50d2145fee556aa325145f45bd1c0f9b1723a1ba77b32e
/Users/gokulmallabathula/deep-fake/datasets/raw/Celeb-Youtube-fake/4955.mp4,1,,Celeb-Youtube-fake,Celeb-Youtube-fake:4955,ced4248b8eeaf29369d57c0967e88db3104307d0670c08a058d9e8492fc15f62
/Users/gokulmallabathula/deep-fake/datasets/raw/Celeb-Youtube-fake/4956.mp4,1,,Celeb-Youtube-fake,Celeb-Youtube-fake:4956,e1de566b191fe8593f71cedfa887e4dbdfb274e49680b003e61ade5734cd8c80
/Users/gokulmallabathula/deep-fake/datasets/raw/Celeb-Youtube-fake/4958.mp4,1,,Celeb-Youtube-fake,Celeb-Youtube-fake:4958,564524c0cb4aac4cb26bacd86948fd4e1b66fd82cbd57de7867d75b50b5cc64f
/Users/gokulmallabathula/deep-fake/datasets/raw/Celeb-Youtube-fake/4959.mp4,1,,Celeb-Youtube-fake,Celeb-Youtube-fake:4959,96fafcf9d6221ea74aac358303fd05829bcafcada02f1dff0b4632e50a0a5590
/Users/gokulmallabathula/deep-fake/datasets/raw/Celeb-Youtube-fake/496.mp4,1,,Celeb-Youtube-fake,Celeb-Youtube-fake:496,91bd39cab31edd93617d2cc16c99e19e55a41e65f4b72e21a17722a43214df50
/Users/gokulmallabathula/deep-fake/datasets/raw/Celeb-Youtube-fake/4960.mp4,1,,Celeb-Youtube-fake,Celeb-Youtube-fake:4960,ed6d5613953ccb9aafda342d00b8f2443937863c875ba51439267e16a5d0e388
/Users/gokulmallabathula/deep-fake/datasets/raw/Celeb-Youtube-fake/4961.mp4,1,,Celeb-Youtube-fake,Celeb-Youtube-fake:4961,823fa7d3b7c14ea8b6a5298226aa4e38315c586443e0dd4852c075b08d06d9dc
/Users/gokulmallabathula/deep-fake/datasets/raw/Celeb-Youtube-fake/4963.mp4,1,,Celeb-Youtube-fake,Celeb-Youtube-fake:4963,1ce3981ad0d40884842cf82dd1f16cb8dc80282f59ae7fb3a24782cab6653adb
/Users/gokulmallabathula/deep-fake/datasets/raw/Celeb-Youtube-fake/4964.mp4,1,,Celeb-Youtube-fake,Celeb-Youtube-fake:4964,c71842494c2ecf7b111adfbe35ce1c5a3d797ea2bfc1c1a6e67ea5a3d45ffde2
/Users/gokulmallabathula/deep-fake/datasets/raw/Celeb-Youtube-fake/4965.mp4,1,,Celeb-Youtube-fake,Celeb-Youtube-fake:4965,d2744458ad8c1517dd6189eb7b467e584f39a1b8d495186bcf45f5832cabba92
/Users/gokulmallabathula/deep-fake/datasets/raw/Celeb-Youtube-fake/4969.mp4,1,,Celeb-Youtube-fake,Celeb-Youtube-fake:4969,06ed98236c9224ea6f301b09711abe5a7c1ed23b0d6e7d3a997becc94867362a
/Users/gokulmallabathula/deep-fake/datasets/raw/Celeb-Youtube-fake/497.mp4,1,,Celeb-Youtube-fake,Celeb-Youtube-fake:497,54fc576d9a6c18ccf948bb4b3815331643f41ca3e13d832f66e0b57083ba8411
/Users/gokulmallabathula/deep-fake/datasets/raw/Celeb-Youtube-fake/4970.mp4,1,,Celeb-Youtube-fake,Celeb-Youtube-fake:4970,6ccde06fee3e0830ba12383ba6d2c0cd8945241c28b953c0f5ef07fc9906fa7a
/Users/gokulmallabathula/deep-fake/datasets/raw/Celeb-Youtube-fake/4971.mp4,1,,Celeb-Youtube-fake,Celeb-Youtube-fake:4971,c82b26cad3fca49507c2deadcbf202618dd3053ff8ca7216a80e8e46978d3aa9
/Users/gokulmallabathula/deep-fake/datasets/raw/Celeb-Youtube-fake/4976.mp4,1,,Celeb-Youtube-fake,Celeb-Youtube-fake:4976,5988e0b673d0bfa9b254ffd64c4312a1df256d62af0444e0ea717a1c1dcf22a8
/Users/gokulmallabathula/deep-fake/datasets/raw/Celeb-Youtube-fake/4977.mp4,1,,Celeb-Youtube-fake,Celeb-Youtube-fake:4977,9000c902b40de353f9cb5cb37cc30f7c686daf505329b8ada544226cb47c9b9b
/Users/gokulmallabathula/deep-fake/datasets/raw/Celeb-Youtube-fake/4978.mp4,1,,Celeb-Youtube-fake,Celeb-Youtube-fake:4978,60e57c68e470147d19299d3554c730e6ecd983c24b54ad4a8175a0342867ea51
/Users/gokulmallabathula/deep-fake/datasets/raw/Celeb-Youtube-fake/4979.mp4,1,,Celeb-Youtube-fake,Celeb-Youtube-fake:4979,e9204293b6682ef2bd60b179acf503f575c97ad6dc791ad748f72adeceac47b3
/Users/gokulmallabathula/deep-fake/datasets/raw/Celeb-Youtube-fake/4981.mp4,1,,Celeb-Youtube-fake,Celeb-Youtube-fake:4981,ebda28df06570307f5d25934f23bbe6c3bc15ea7b5e13eb757102f632421c034
/Users/gokulmallabathula/deep-fake/datasets/raw/Celeb-Youtube-fake/4982.mp4,1,,Celeb-Youtube-fake,Celeb-Youtube-fake:4982,b03d74c7927297976f0f6ace4f2bc7c85067668cac874a93bdee275acb5c20c7
/Users/gokulmallabathula/deep-fake/datasets/raw/Celeb-Youtube-fake/4983.mp4,1,,Celeb-Youtube-fake,Celeb-Youtube-fake:4983,15ad01c584eeb5700839f625f4dfb895163e45502366d76c36b1e88e683aca27
/Users/gokulmallabathula/deep-fake/datasets/raw/Celeb-Youtube-fake/4985.mp4,1,,Celeb-Youtube-fake,Celeb-Youtube-fake:4985,3b43ba58cb37efee772abf87e4db16e355a8d80ff8d39b8f6613761b2a3cb3e4
/Users/gokulmallabathula/deep-fake/datasets/raw/Celeb-Youtube-fake/4986.mp4,1,,Celeb-Youtube-fake,Celeb-Youtube-fake:4986,f3483a8d10e76bae33dde4ac650e8e50476fb942d8a5aeb87a2d4a488f3b203b
/Users/gokulmallabathula/deep-fake/datasets/raw/Celeb-Youtube-fake/4987.mp4,1,,Celeb-Youtube-fake,Celeb-Youtube-fake:4987,539fe9518b9db45a5a0ecf94afe4c5242d545a3f6cee8a3d32cb39ca3959a092
/Users/gokulmallabathula/deep-fake/datasets/raw/Celeb-Youtube-fake/4988.mp4,1,,Celeb-Youtube-fake,Celeb-Youtube-fake:4988,7e95d6c4d7c3d024915049389597cd3f09c4c38572ec406791653d4cb0f19082
/Users/gokulmallabathula/deep-fake/datasets/raw/Celeb-Youtube-fake/4989.mp4,1,,Celeb-Youtube-fake,Celeb-Youtube-fake:4989,141644cc367c9d6f93712ba732589a86b309c74ac9fb27f3381f4e9a4249593f
/Users/gokulmallabathula/deep-fake/datasets/raw/Celeb-Youtube-fake/4990.mp4,1,,Celeb-Youtube-fake,Celeb-Youtube-fake:4990,cc7062071108fb283bf3317035da68e8476dd8c9fcae243a8880c4b15d295167
/Users/gokulmallabathula/deep-fake/datasets/raw/Celeb-Youtube-fake/4991.mp4,1,,Celeb-Youtube-fake,Celeb-Youtube-fake:4991,d499f4e1ec319d133be0e27b1a18e30bedf777ec90922c4f19752161e74be0e9
/Users/gokulmallabathula/deep-fake/datasets/raw/Celeb-Youtube-fake/4993.mp4,1,,Celeb-Youtube-fake,Celeb-Youtube-fake:4993,ec7ce1c8d3ce6cf68a1e5e8d0e7eb9b7274084c0e11185efb15358751f76b154
/Users/gokulmallabathula/deep-fake/datasets/raw/Celeb-Youtube-fake/4994.mp4,1,,Celeb-Youtube-fake,Celeb-Youtube-fake:4994,b21376a0a6dd91f5e5e5ac1f59cea57ba4c8e7b2ad31b97f5e9283bf531eda6c
/Users/gokulmallabathula/deep-fake/datasets/raw/Celeb-Youtube-fake/4995.mp4,1,,Celeb-Youtube-fake,Celeb-Youtube-fake:4995,17eb94c89a02283deb7bf2808be3a09be31ef36e733b978e2865422528ed853c
/Users/gokulmallabathula/deep-fake/datasets/raw/Celeb-Youtube-fake/4997.mp4,1,,Celeb-Youtube-fake,Celeb-Youtube-fake:4997,e5efa7695fa1c5c6c01a84f187ed0a1ff066400d399b03b3cfe66079d00c06b4
/Users/gokulmallabathula/deep-fake/datasets/raw/Celeb-Youtube-fake/4998.mp4,1,,Celeb-Youtube-fake,Celeb-Youtube-fake:4998,335c6901398de855b27465983fdb47024e086789a8165106cd28cfcdf4b23cb0
/Users/gokulmallabathula/deep-fake/datasets/raw/Celeb-Youtube-fake/5000.mp4,1,,Celeb-Youtube-fake,Celeb-Youtube-fake:5000,168fc2ec9f5d5bf820d234c644916bdc8193db956297fa85354fb3ec7569724b
/Users/gokulmallabathula/deep-fake/datasets/raw/Celeb-Youtube-fake/5001.mp4,1,,Celeb-Youtube-fake,Celeb-Youtube-fake:5001,1ba047c0469936904bdc293b6650e3dbd0d402856d2a858daccb18680f4d865e
/Users/gokulmallabathula/deep-fake/datasets/raw/Celeb-Youtube-fake/5003.mp4,1,,Celeb-Youtube-fake,Celeb-Youtube-fake:5003,83f296e275d518e0c8951f3e1686cae7fb369ff5e2a243287cdaf8b4529260ae
/Users/gokulmallabathula/deep-fake/datasets/raw/Celeb-Youtube-fake/5004.mp4,1,,Celeb-Youtube-fake,Celeb-Youtube-fake:5004,b0685e7415000ab1a69e26d10538b60087d28306998af842bb2870f6ac4c301a
/Users/gokulmallabathula/deep-fake/datasets/raw/Celeb-Youtube-fake/5005.mp4,1,,Celeb-Youtube-fake,Celeb-Youtube-fake:5005,f9485b505a0d5a3f58d98c6fb55f11bb5fee07b3231306d441a385ab31ff5e40
/Users/gokulmallabathula/deep-fake/datasets/raw/Celeb-Youtube-fake/5006.mp4,1,,Celeb-Youtube-fake,Celeb-Youtube-fake:5006,57706a96c2a86e43a756e1b540f7bc4a1026c510bc514889226342280485c5e0
/Users/gokulmallabathula/deep-fake/datasets/raw/Celeb-Youtube-fake/5007.mp4,1,,Celeb-Youtube-fake,Celeb-Youtube-fake:5007,2760f3925782c8b73e25a8a02d8324fd7110acd825c58c0d06855167c3211542
/Users/gokulmallabathula/deep-fake/datasets/raw/Celeb-Youtube-fake/5008.mp4,1,,Celeb-Youtube-fake,Celeb-Youtube-fake:5008,56d09f5ca7ca0da43b931146500c554c9a82a344a44b53341259cb899de1e610
/Users/gokulmallabathula/deep-fake/datasets/raw/Celeb-Youtube-fake/5009.mp4,1,,Celeb-Youtube-fake,Celeb-Youtube-fake:5009,990beea6c29d3afa05ef1e44489479dfafea27e8b15e9f701ff0af6190236aa6
/Users/gokulmallabathula/deep-fake/datasets/raw/Celeb-Youtube-fake/501.mp4,1,,Celeb-Youtube-fake,Celeb-Youtube-fake:501,2ac6c8f699a7a668febdea1eec4dd856a2b66ddbcd6c9176731012e8af9f3486
/Users/gokulmallabathula/deep-fake/datasets/raw/Celeb-Youtube-fake/5010.mp4,1,,Celeb-Youtube-fake,Celeb-Youtube-fake:5010,8b82c7af1b08659b82a3fb5f8f2a51f89b64b4ac1a1d05776d26e58a9245bc04
/Users/gokulmallabathula/deep-fake/datasets/raw/Celeb-Youtube-fake/5011.mp4,1,,Celeb-Youtube-fake,Celeb-Youtube-fake:5011,939f9012eabdcaa5f2f8b8bcc1124706bb2b2e2c410d789684d10c2babf63d72
/Users/gokulmallabathula/deep-fake/datasets/raw/Celeb-Youtube-fake/5013.mp4,1,,Celeb-Youtube-fake,Celeb-Youtube-fake:5013,7cb99280cdcf78106514e1c689ad8fd6829502623cec17d13b12e07038d67dd8
/Users/gokulmallabathula/deep-fake/datasets/raw/Celeb-Youtube-fake/5014.mp4,1,,Celeb-Youtube-fake,Celeb-Youtube-fake:5014,4d932181ff7794a5f7f63bf4594418722790a811bd118472c144e64c4b183d82
/Users/gokulmallabathula/deep-fake/datasets/raw/Celeb-Youtube-fake/5016.mp4,1,,Celeb-Youtube-fake,Celeb-Youtube-fake:5016,5de0f9384682f88181946391650cc8153b80e2e24524732f2d411487f1180ac4
/Users/gokulmallabathula/deep-fake/datasets/raw/Celeb-Youtube-fake/5017.mp4,1,,Celeb-Youtube-fake,Celeb-Youtube-fake:5017,6455b2ee186b77699bd0d5633216004b531ef80d5e32a27a32bc283fd6406ea5
/Users/gokulmallabathula/deep-fake/datasets/raw/Celeb-Youtube-fake/5019.mp4,1,,Celeb-Youtube-fake,Celeb-Youtube-fake:5019,c6089a23fe5afe68bbe6e40dcdfa9fe244a34296d1993d6a88ad43323fd20a8f
/Users/gokulmallabathula/deep-fake/datasets/raw/Celeb-Youtube-fake/5020.mp4,1,,Celeb-Youtube-fake,Celeb-Youtube-fake:5020,48813a64b93aa68e860833620a7f0722a6f78440a3fa6f0c0f8de17ce854946a
/Users/gokulmallabathula/deep-fake/datasets/raw/Celeb-Youtube-fake/5021.mp4,1,,Celeb-Youtube-fake,Celeb-Youtube-fake:5021,44e72ae652b7e12dd1774b4fa8b61b3b02d496f52c1abdf3ea9b6d48b1cc0869
/Users/gokulmallabathula/deep-fake/datasets/raw/Celeb-Youtube-fake/5022.mp4,1,,Celeb-Youtube-fake,Celeb-Youtube-fake:5022,1f6762392f8d264ef7df18eb55206f505ef52d0a789f3a6e7ffff41e7e86a726
/Users/gokulmallabathula/deep-fake/datasets/raw/Celeb-Youtube-fake/5024.mp4,1,,Celeb-Youtube-fake,Celeb-Youtube-fake:5024,210952dd5781eebc90a9994d32d9b022874c02e1014ab6ae0a1aa5de6f532779
/Users/gokulmallabathula/deep-fake/datasets/raw/Celeb-Youtube-fake/5025.mp4,1,,Celeb-Youtube-fake,Celeb-Youtube-fake:5025,5f105b7abc41a1dbc51f7e7f819106ff48e337bab76dfda400f0894b08655ead
/Users/gokulmallabathula/deep-fake/datasets/raw/Celeb-Youtube-fake/5026.mp4,1,,Celeb-Youtube-fake,Celeb-Youtube-fake:5026,98bde97eb1373bad503a72cf70dbc0c9373828693856e1a7417af7d94b3800bb
/Users/gokulmallabathula/deep-fake/datasets/raw/Celeb-Youtube-fake/5027.mp4,1,,Celeb-Youtube-fake,Celeb-Youtube-fake:5027,498552baec43e6845210aca22c28d07ffd3ecb62ee85f5d8c0b134098d4e7483
/Users/gokulmallabathula/deep-fake/datasets/raw/Celeb-Youtube-fake/5028.mp4,1,,Celeb-Youtube-fake,Celeb-Youtube-fake:5028,76e97e7b4b3d949fc90d5e05332b236599e3be7120967b3b6e65bfcf2a47e912
/Users/gokulmallabathula/deep-fake/datasets/raw/Celeb-Youtube-fake/5029.mp4,1,,Celeb-Youtube-fake,Celeb-Youtube-fake:5029,038f6d9cbd1c2119bf9749fef8bac4cbfdadc3176e28b44223334a2a13a1caac
/Users/gokulmallabathula/deep-fake/datasets/raw/Celeb-Youtube-fake/503.mp4,1,,Celeb-Youtube-fake,Celeb-Youtube-fake:503,0164031b88ed9c633fc62c13d20bef85173775836dca0086b02057f68405fd15
/Users/gokulmallabathula/deep-fake/datasets/raw/Celeb-Youtube-fake/5030.mp4,1,,Celeb-Youtube-fake,Celeb-Youtube-fake:5030,0b87000e8aaeb0eff981a56b3a7747a4e7045b27435bea6c2fb07e766eeb222f
/Users/gokulmallabathula/deep-fake/datasets/raw/Celeb-Youtube-fake/5031.mp4,1,,Celeb-Youtube-fake,Celeb-Youtube-fake:5031,8b24eb8729fd911df048c5f93337d466b15b5953df702a1b75839d300babbccc
/Users/gokulmallabathula/deep-fake/datasets/raw/Celeb-Youtube-fake/5032.mp4,1,,Celeb-Youtube-fake,Celeb-Youtube-fake:5032,fe08faa36def8b1495b9ebb9c11ab593fc871aee961bfdc385a2cc2484e08408
/Users/gokulmallabathula/deep-fake/datasets/raw/Celeb-Youtube-fake/5033.mp4,1,,Celeb-Youtube-fake,Celeb-Youtube-fake:5033,47e031e1d1af097cd5f8417a74e022956b41f9d665b2775ccd26f319ac5329c3
/Users/gokulmallabathula/deep-fake/datasets/raw/Celeb-Youtube-fake/5036.mp4,1,,Celeb-Youtube-fake,Celeb-Youtube-fake:5036,ee18d4c6d4793257497ede7203b1c2661428b680d31e555a4c77f0f830c94201
/Users/gokulmallabathula/deep-fake/datasets/raw/Celeb-Youtube-fake/5038.mp4,1,,Celeb-Youtube-fake,Celeb-Youtube-fake:5038,9c12627a96ec91c80718c066c3f8c9edf2d487874222df06d6cbbc816817619c
/Users/gokulmallabathula/deep-fake/datasets/raw/Celeb-Youtube-fake/5039.mp4,1,,Celeb-Youtube-fake,Celeb-Youtube-fake:5039,9342cb8742f5a86bf5437737933bffaeee9e632fd31be68e6437f10b168f4959
/Users/gokulmallabathula/deep-fake/datasets/raw/Celeb-Youtube-fake/504.mp4,1,,Celeb-Youtube-fake,Celeb-Youtube-fake:504,0ee55b8bd0cf78d2de63d323d5fca7bf9f5bdf3366c717c4140f13979e2d7122
/Users/gokulmallabathula/deep-fake/datasets/raw/Celeb-Youtube-fake/5041.mp4,1,,Celeb-Youtube-fake,Celeb-Youtube-fake:5041,d548f884112e9826ab439e257d6885486d0e2cdda8f4655edde8bd1e91c1de0c
/Users/gokulmallabathula/deep-fake/datasets/raw/Celeb-Youtube-fake/5042.mp4,1,,Celeb-Youtube-fake,Celeb-Youtube-fake:5042,8d342a95028ac2335c8d848cd3dcd1c12fa916ba17cc8057ad26c8467b8ec9e0
/Users/gokulmallabathula/deep-fake/datasets/raw/Celeb-Youtube-fake/5043.mp4,1,,Celeb-Youtube-fake,Celeb-Youtube-fake:5043,97c1572d6af559d647601c33ada1101c0e7fcba48f0310f80c513d01da5e4c5f
/Users/gokulmallabathula/deep-fake/datasets/raw/Celeb-Youtube-fake/5044.mp4,1,,Celeb-Youtube-fake,Celeb-Youtube-fake:5044,cd7212e2e70d971811cc0e1b65b48140cdff0dde76c4b2120487eac5a81aa525
/Users/gokulmallabathula/deep-fake/datasets/raw/Celeb-Youtube-fake/5045.mp4,1,,Celeb-Youtube-fake,Celeb-Youtube-fake:5045,d48aa919df446232fc3fb171bcde8a8273075b8dd18d98829574cf2f7d6541e4
/Users/gokulmallabathula/deep-fake/datasets/raw/Celeb-Youtube-fake/5046.mp4,1,,Celeb-Youtube-fake,Celeb-Youtube-fake:5046,cceb925c7baf9f40ea8c6bd0ce1d3ba5e9faf508c55c6d892c1edcfc3295cfaa
/Users/gokulmallabathula/deep-fake/datasets/raw/Celeb-Youtube-fake/5047.mp4,1,,Celeb-Youtube-fake,Celeb-Youtube-fake:5047,92cbfe5d59cbac10471c387afc2ddc4972f68d074045ededc4bcefb3ef72a1d9
/Users/gokulmallabathula/deep-fake/datasets/raw/Celeb-Youtube-fake/5048.mp4,1,,Celeb-Youtube-fake,Celeb-Youtube-fake:5048,18aa89a9969be5f1740c63831421eb02f83fc32d6cc46c6f43bba6d7ba9aff6b
/Users/gokulmallabathula/deep-fake/datasets/raw/Celeb-Youtube-fake/505.mp4,1,,Celeb-Youtube-fake,Celeb-Youtube-fake:505,c9ee5e229f389e2147463d9ba3df78ee3e9a6c12b754d29f8f8307465e1ce275
/Users/gokulmallabathula/deep-fake/datasets/raw/Celeb-Youtube-fake/5052.mp4,1,,Celeb-Youtube-fake,Celeb-Youtube-fake:5052,64b729bcfe7489482f7c9ce3aaa5657db9f1b0e6f8dd9ef335d17f39aa716f07
/Users/gokulmallabathula/deep-fake/datasets/raw/Celeb-Youtube-fake/5053.mp4,1,,Celeb-Youtube-fake,Celeb-Youtube-fake:5053,33bda0ce9c9943dfb4f098b20541c8321623ea6fbfbf0b2cfd3e7ded0dea9860
/Users/gokulmallabathula/deep-fake/datasets/raw/Celeb-Youtube-fake/5054.mp4,1,,Celeb-Youtube-fake,Celeb-Youtube-fake:5054,1b79f8b987148b205f547ae6e1ae655403f1d4269889709a38c2fca6401ee365
/Users/gokulmallabathula/deep-fake/datasets/raw/Celeb-Youtube-fake/5056.mp4,1,,Celeb-Youtube-fake,Celeb-Youtube-fake:5056,249993984e6661a3c1f70c3acfa2af27484887ebd34204353ff60dc0ddceb799
/Users/gokulmallabathula/deep-fake/datasets/raw/Celeb-Youtube-fake/5057.mp4,1,,Celeb-Youtube-fake,Celeb-Youtube-fake:5057,a1203e94a74b48ba21a80d3ced164bec8479403c23b6316dea7aae45f656be57
/Users/gokulmallabathula/deep-fake/datasets/raw/Celeb-Youtube-fake/5058.mp4,1,,Celeb-Youtube-fake,Celeb-Youtube-fake:5058,e6e72a52198fccca9a3292c828c052599c336d227ee503501bb9481339e93188
/Users/gokulmallabathula/deep-fake/datasets/raw/Celeb-Youtube-fake/5059.mp4,1,,Celeb-Youtube-fake,Celeb-Youtube-fake:5059,75f82ee96955eb5c92a3ffe05a17f097905f08f14315beec43b672765bb1ebae
/Users/gokulmallabathula/deep-fake/datasets/raw/Celeb-Youtube-fake/506.mp4,1,,Celeb-Youtube-fake,Celeb-Youtube-fake:506,13736eb544d8086457057338055d7d140361fc4033a7880f4b656c82a441599c
/Users/gokulmallabathula/deep-fake/datasets/raw/Celeb-Youtube-fake/5062.mp4,1,,Celeb-Youtube-fake,Celeb-Youtube-fake:5062,ac5740f510f0afa7848445298ce64d2c0e5f1cb4affeedf87ada9e740999a478
/Users/gokulmallabathula/deep-fake/datasets/raw/Celeb-Youtube-fake/5063.mp4,1,,Celeb-Youtube-fake,Celeb-Youtube-fake:5063,4401992cba2269b14bf035611ee04b62e2e1f108450e04aa81b09268b87d3eeb
/Users/gokulmallabathula/deep-fake/datasets/raw/Celeb-Youtube-fake/5064.mp4,1,,Celeb-Youtube-fake,Celeb-Youtube-fake:5064,5c4ff1a91721871a825c15a2494d9c8dc5181a9cef5f24a314ba39172b9df74e
/Users/gokulmallabathula/deep-fake/datasets/raw/Celeb-Youtube-fake/5066.mp4,1,,Celeb-Youtube-fake,Celeb-Youtube-fake:5066,e8e13fd6a85ee255c5171842aa4c874a8a50592db6d9db50e82a5332ee4a1ef4
/Users/gokulmallabathula/deep-fake/datasets/raw/Celeb-Youtube-fake/5069.mp4,1,,Celeb-Youtube-fake,Celeb-Youtube-fake:5069,96ce456024f4356db66c8bbf23b4e3f9e1dea43236ed9a712575e8bd4d0155a8
/Users/gokulmallabathula/deep-fake/datasets/raw/Celeb-Youtube-fake/507.mp4,1,,Celeb-Youtube-fake,Celeb-Youtube-fake:507,db011ac482f5a8b8e7b1a3b494658330d304352bfa681c69040fff4e762f1dfb
/Users/gokulmallabathula/deep-fake/datasets/raw/Celeb-Youtube-fake/5070.mp4,1,,Celeb-Youtube-fake,Celeb-Youtube-fake:5070,df999cc0bee61d9f44943487e09a4531930dfd40cdbe5460a0412b3e2c88fad4
/Users/gokulmallabathula/deep-fake/datasets/raw/Celeb-Youtube-fake/5072.mp4,1,,Celeb-Youtube-fake,Celeb-Youtube-fake:5072,dcd92067d2fb6b921ae782b348ed789e10fd4796e38491586875443a80399ac4
/Users/gokulmallabathula/deep-fake/datasets/raw/Celeb-Youtube-fake/5073.mp4,1,,Celeb-Youtube-fake,Celeb-Youtube-fake:5073,ef7a64d01ac0d192038a192583caeb3fe5313b9e02f240386356ba9ecdc7d695
/Users/gokulmallabathula/deep-fake/datasets/raw/Celeb-Youtube-fake/5074.mp4,1,,Celeb-Youtube-fake,Celeb-Youtube-fake:5074,d8f0956ccd220294a3ab15a06be511335af722791363d6077bd8e671015f079b
/Users/gokulmallabathula/deep-fake/datasets/raw/Celeb-Youtube-fake/5076.mp4,1,,Celeb-Youtube-fake,Celeb-Youtube-fake:5076,d6ec406db175f3f922a3f77f4bad3a8988f6d81c95ffd2e0e336996bf442294b
/Users/gokulmallabathula/deep-fake/datasets/raw/Celeb-Youtube-fake/5078.mp4,1,,Celeb-Youtube-fake,Celeb-Youtube-fake:5078,ec83d0cb39304d3a374d6a6e3d09785127f9a61062e4aeb877b5f5183221fa13
/Users/gokulmallabathula/deep-fake/datasets/raw/Celeb-Youtube-fake/508.mp4,1,,Celeb-Youtube-fake,Celeb-Youtube-fake:508,94dd3b1a1ccf72988835cc31e9b3db091347e91fe408aa521b5669a02051eade
/Users/gokulmallabathula/deep-fake/datasets/raw/Celeb-Youtube-fake/5082.mp4,1,,Celeb-Youtube-fake,Celeb-Youtube-fake:5082,d9966b3e6208a12bca0ea2f746612917b04e5be74d106c21e15e0a9f25b15bdb
/Users/gokulmallabathula/deep-fake/datasets/raw/Celeb-Youtube-fake/5083.mp4,1,,Celeb-Youtube-fake,Celeb-Youtube-fake:5083,86a57f32f8a0dc09beaeeef4284400bb3d234c0d725191ee7fe5067dd676e9fb
/Users/gokulmallabathula/deep-fake/datasets/raw/Celeb-Youtube-fake/5084.mp4,1,,Celeb-Youtube-fake,Celeb-Youtube-fake:5084,63f379596493caf3442cac13f156ae379f2308c302f24e9075134886ae77a8d0
/Users/gokulmallabathula/deep-fake/datasets/raw/Celeb-Youtube-fake/5086.mp4,1,,Celeb-Youtube-fake,Celeb-Youtube-fake:5086,c6edf298fe565d70713bb84e3f96095c9000e29e8036c4435abcf9d055a83844
/Users/gokulmallabathula/deep-fake/datasets/raw/Celeb-Youtube-fake/5089.mp4,1,,Celeb-Youtube-fake,Celeb-Youtube-fake:5089,03823907b1eac5ef8bd34e65761605853c964e19e8fa23cd8083bee6fccc378a
/Users/gokulmallabathula/deep-fake/datasets/raw/Celeb-Youtube-fake/509.mp4,1,,Celeb-Youtube-fake,Celeb-Youtube-fake:509,3dd7e0e1cea8d4326a2ec04122b6cf338737a445eb22e2a09f6bd6cef0df463a
/Users/gokulmallabathula/deep-fake/datasets/raw/Celeb-Youtube-fake/5090.mp4,1,,Celeb-Youtube-fake,Celeb-Youtube-fake:5090,82ebed14a536b7c77c184ff026fe5b60caf98797bf748c49081726d6ff7c31ce
/Users/gokulmallabathula/deep-fake/datasets/raw/Celeb-Youtube-fake/5092.mp4,1,,Celeb-Youtube-fake,Celeb-Youtube-fake:5092,8c914a68c512e58d05f381f8d899c7c1bc7e783074e6cafee3881aa6e785758e
/Users/gokulmallabathula/deep-fake/datasets/raw/Celeb-Youtube-fake/5093.mp4,1,,Celeb-Youtube-fake,Celeb-Youtube-fake:5093,b8b86feb00f257e97e7576470d9627ef1ca2ed525299205704906c3754012107
/Users/gokulmallabathula/deep-fake/datasets/raw/Celeb-Youtube-fake/5094.mp4,1,,Celeb-Youtube-fake,Celeb-Youtube-fake:5094,4634faaaae651c021ee57617512c2ddf6d9b3ca93c5274c16062df4f5a99f2ef
/Users/gokulmallabathula/deep-fake/datasets/raw/Celeb-Youtube-fake/5097.mp4,1,,Celeb-Youtube-fake,Celeb-Youtube-fake:5097,0da4a84ac9d9ba5eb2d92d493982a731a1a4a86a72a6e2283fe51afa5b1778d3
/Users/gokulmallabathula/deep-fake/datasets/raw/Celeb-Youtube-fake/5098.mp4,1,,Celeb-Youtube-fake,Celeb-Youtube-fake:5098,79a08548e81dc438718b3e9fb42a58eb44ed516c48f1e0a99b3db38e1f491309
/Users/gokulmallabathula/deep-fake/datasets/raw/Celeb-Youtube-fake/5099.mp4,1,,Celeb-Youtube-fake,Celeb-Youtube-fake:5099,942721d2bbfac41519fa96604b933cbba45261087fdcf049c9d7d7908f55c8d3
/Users/gokulmallabathula/deep-fake/datasets/raw/Celeb-Youtube-fake/51.mp4,1,,Celeb-Youtube-fake,Celeb-Youtube-fake:51,d216b206b7fe3fe1c7fd055ce57bb78462c47b5782498ccb23939ec2504dc877
/Users/gokulmallabathula/deep-fake/datasets/raw/Celeb-Youtube-fake/510.mp4,1,,Celeb-Youtube-fake,Celeb-Youtube-fake:510,8052d5648fcb749ab312ea4dcd95fd508f6f73eb298d06b47f8a7b8aedfcc561
/Users/gokulmallabathula/deep-fake/datasets/raw/Celeb-Youtube-fake/5100.mp4,1,,Celeb-Youtube-fake,Celeb-Youtube-fake:5100,65eee58252dabe67d4cb9e2ec3923e1f527ac5105dbc1807d743889a32bd4c70
/Users/gokulmallabathula/deep-fake/datasets/raw/Celeb-Youtube-fake/5101.mp4,1,,Celeb-Youtube-fake,Celeb-Youtube-fake:5101,a80e8d872fd81806cc2ec2c7084f164f3ac232bd77990fd7923f77c8a490858d
/Users/gokulmallabathula/deep-fake/datasets/raw/Celeb-Youtube-fake/5102.mp4,1,,Celeb-Youtube-fake,Celeb-Youtube-fake:5102,37bd90558d2cd1a9594e2c0a20f1146f1158796826bcd2bb78e3cc146f38a312
/Users/gokulmallabathula/deep-fake/datasets/raw/Celeb-Youtube-fake/5104.mp4,1,,Celeb-Youtube-fake,Celeb-Youtube-fake:5104,fc7091b866b7f4a41886398e93156616090ce210f2f15550a2b6457a07933a5f
/Users/gokulmallabathula/deep-fake/datasets/raw/Celeb-Youtube-fake/5105.mp4,1,,Celeb-Youtube-fake,Celeb-Youtube-fake:5105,f0f30982009640a2af532e80e330092b766e8468dc100a0c09405db2f79bf2d7
/Users/gokulmallabathula/deep-fake/datasets/raw/Celeb-Youtube-fake/5106.mp4,1,,Celeb-Youtube-fake,Celeb-Youtube-fake:5106,e0d0d299797af56096552c58e672a9e69892c6c7a5bd873f5e6adde7c8388170
/Users/gokulmallabathula/deep-fake/datasets/raw/Celeb-Youtube-fake/5108.mp4,1,,Celeb-Youtube-fake,Celeb-Youtube-fake:5108,0ded292386d84544bfc787c4fb89b5a6dcd8997289f2c4457bdffc3d744d4462
/Users/gokulmallabathula/deep-fake/datasets/raw/Celeb-Youtube-fake/5109.mp4,1,,Celeb-Youtube-fake,Celeb-Youtube-fake:5109,36cb72c661f0af7174519f8444ff4e4f27adfe46a96721bef3e7949979df2b53
/Users/gokulmallabathula/deep-fake/datasets/raw/Celeb-Youtube-fake/511.mp4,1,,Celeb-Youtube-fake,Celeb-Youtube-fake:511,44fb343901c49af6bc547ee8c16604cc58c511f98fab7f826a5e1af9aed725d4
/Users/gokulmallabathula/deep-fake/datasets/raw/Celeb-Youtube-fake/5110.mp4,1,,Celeb-Youtube-fake,Celeb-Youtube-fake:5110,8496c233431f8eb6b532e84991e4300145540e2c45dea882a59a07b4f10b753f
/Users/gokulmallabathula/deep-fake/datasets/raw/Celeb-Youtube-fake/5111.mp4,1,,Celeb-Youtube-fake,Celeb-Youtube-fake:5111,fd75370eb69bbd23115f5b038f2061d5a8bcb9d553c7037ff0451258240b6b5a
/Users/gokulmallabathula/deep-fake/datasets/raw/Celeb-Youtube-fake/5113.mp4,1,,Celeb-Youtube-fake,Celeb-Youtube-fake:5113,6e45dac9420720369c3bf10ee8c0c1772bc9801f9f50063b163a085611fc8d32
/Users/gokulmallabathula/deep-fake/datasets/raw/Celeb-Youtube-fake/5114.mp4,1,,Celeb-Youtube-fake,Celeb-Youtube-fake:5114,3dcc9cae16c4b0f56415f1177b53d379412b4f1b913f79c79da04c195ed1a8d4
/Users/gokulmallabathula/deep-fake/datasets/raw/Celeb-Youtube-fake/5115.mp4,1,,Celeb-Youtube-fake,Celeb-Youtube-fake:5115,6f6bcd5d18c9373e87f93a75aa0d4e65b5f9d76d62fc2f822f97f31241900f3e
/Users/gokulmallabathula/deep-fake/datasets/raw/Celeb-Youtube-fake/5116.mp4,1,,Celeb-Youtube-fake,Celeb-Youtube-fake:5116,d73e8497cec303e39f655fecf3b98c65cff5c586cc1a2b5f1aacd602dd13eb81
/Users/gokulmallabathula/deep-fake/datasets/raw/Celeb-Youtube-fake/5117.mp4,1,,Celeb-Youtube-fake,Celeb-Youtube-fake:5117,051381700b472de8fe95d01af6540d979db3d66729d0b75e55bae4b4b5416d97
/Users/gokulmallabathula/deep-fake/datasets/raw/Celeb-Youtube-fake/5119.mp4,1,,Celeb-Youtube-fake,Celeb-Youtube-fake:5119,00effd6fde41f2c020db045ad1ac568042dfc3374f2f2ebc2380fa6f298c9db6
/Users/gokulmallabathula/deep-fake/datasets/raw/Celeb-Youtube-fake/512.mp4,1,,Celeb-Youtube-fake,Celeb-Youtube-fake:512,88840c3c9affa823a054a4b19d072a41b3eb255fc02796bba8ce94de2bdfe8bf
/Users/gokulmallabathula/deep-fake/datasets/raw/Celeb-Youtube-fake/5120.mp4,1,,Celeb-Youtube-fake,Celeb-Youtube-fake:5120,af69cc9587278715b2588bd7d99f2301fb6d6f3416118983507bd1b4e44aa229
/Users/gokulmallabathula/deep-fake/datasets/raw/Celeb-Youtube-fake/5122.mp4,1,,Celeb-Youtube-fake,Celeb-Youtube-fake:5122,bcec9574a71459c761c45ae6ef64816e3541e28ccf2ca2e6df3288d18e80444a
/Users/gokulmallabathula/deep-fake/datasets/raw/Celeb-Youtube-fake/5123.mp4,1,,Celeb-Youtube-fake,Celeb-Youtube-fake:5123,fcee7bccad36bcae94cd4fe394c4bb8f165b124de937c919853efdbbd75bd31b
/Users/gokulmallabathula/deep-fake/datasets/raw/Celeb-Youtube-fake/5124.mp4,1,,Celeb-Youtube-fake,Celeb-Youtube-fake:5124,540a9996d82fe5fdaa725f316fe687b91d80ba005f48d1247f638e479b7f6763
/Users/gokulmallabathula/deep-fake/datasets/raw/Celeb-Youtube-fake/5126.mp4,1,,Celeb-Youtube-fake,Celeb-Youtube-fake:5126,ea6b5a073df761dd13e7b52b64531f186c361da2e27fe936bc28b9af9b205bf6
/Users/gokulmallabathula/deep-fake/datasets/raw/Celeb-Youtube-fake/5127.mp4,1,,Celeb-Youtube-fake,Celeb-Youtube-fake:5127,2c352421abab0d42e858d3300812b68d97aacf29d91eba1837e6237c66f63a42
/Users/gokulmallabathula/deep-fake/datasets/raw/Celeb-Youtube-fake/5128.mp4,1,,Celeb-Youtube-fake,Celeb-Youtube-fake:5128,137f7f655dd0a346b747a348b2191dc6356a6e89fc4e922b9e7d7fd50858a2f0
/Users/gokulmallabathula/deep-fake/datasets/raw/Celeb-Youtube-fake/5129.mp4,1,,Celeb-Youtube-fake,Celeb-Youtube-fake:5129,8c62cba542ee462212f93df76d7c82e99e3345fa424a499010627b49f55f1a8c
/Users/gokulmallabathula/deep-fake/datasets/raw/Celeb-Youtube-fake/5130.mp4,1,,Celeb-Youtube-fake,Celeb-Youtube-fake:5130,44f0471999ab334234da765a4eb0c5dba1d65e17fbe90b542abb803959f1ea76
/Users/gokulmallabathula/deep-fake/datasets/raw/Celeb-Youtube-fake/5131.mp4,1,,Celeb-Youtube-fake,Celeb-Youtube-fake:5131,9c9ddb969f9b373e403944e959eb759321f7fc1c73a43c1b5902696bfad6a1a8
/Users/gokulmallabathula/deep-fake/datasets/raw/Celeb-Youtube-fake/5137.mp4,1,,Celeb-Youtube-fake,Celeb-Youtube-fake:5137,cbe6be6a9dfd0f7f76e370eefe1d96266cd54910efe3b7305ede3ceed34c3c82
/Users/gokulmallabathula/deep-fake/datasets/raw/Celeb-Youtube-fake/5138.mp4,1,,Celeb-Youtube-fake,Celeb-Youtube-fake:5138,f44ff6c7c5a269820a27a7ce62dae213cacdb9f73bc89e6d8a158b7510ee8d14
/Users/gokulmallabathula/deep-fake/datasets/raw/Celeb-Youtube-fake/5139.mp4,1,,Celeb-Youtube-fake,Celeb-Youtube-fake:5139,bf7232f427f700104bb661560abc4a78f4720a83a627b7c618b7bc0de96032a0
/Users/gokulmallabathula/deep-fake/datasets/raw/Celeb-Youtube-fake/514.mp4,1,,Celeb-Youtube-fake,Celeb-Youtube-fake:514,6210bafe5b91047394ecf4f2378ffd53281e71ab8a42bcfe9859e927b51a198f
/Users/gokulmallabathula/deep-fake/datasets/raw/Celeb-Youtube-fake/5140.mp4,1,,Celeb-Youtube-fake,Celeb-Youtube-fake:5140,053a4f8e1105f46d89de3e7d581ead86c607a1a1b033b4c63ef04c420118fdc5
/Users/gokulmallabathula/deep-fake/datasets/raw/Celeb-Youtube-fake/5141.mp4,1,,Celeb-Youtube-fake,Celeb-Youtube-fake:5141,23220a65d876a21ec20fd7a62dd070244c5aac3b2c6ca3a7e65b58909b6f7be9
/Users/gokulmallabathula/deep-fake/datasets/raw/Celeb-Youtube-fake/5142.mp4,1,,Celeb-Youtube-fake,Celeb-Youtube-fake:5142,a0181da6b4863a6a8592db4f918cf4e9ec01a298c43c9f14b268f2e5dcfd38b8
/Users/gokulmallabathula/deep-fake/datasets/raw/Celeb-Youtube-fake/5143.mp4,1,,Celeb-Youtube-fake,Celeb-Youtube-fake:5143,7516c6aec36d365a299f420e9488ed19f1bdc880216fc38607dce18c6988a4b4
/Users/gokulmallabathula/deep-fake/datasets/raw/Celeb-Youtube-fake/5144.mp4,1,,Celeb-Youtube-fake,Celeb-Youtube-fake:5144,53af4f68494cc1cea2c08c1a1c14eea9663ba7c0835122f3e4a6a812e74ae9d1
/Users/gokulmallabathula/deep-fake/datasets/raw/Celeb-Youtube-fake/5145.mp4,1,,Celeb-Youtube-fake,Celeb-Youtube-fake:5145,ef3c0bef509ceebddb5428223a5fddbf472366bbe5eb7dcaf3b5bfdf4549eef7
/Users/gokulmallabathula/deep-fake/datasets/raw/Celeb-Youtube-fake/5146.mp4,1,,Celeb-Youtube-fake,Celeb-Youtube-fake:5146,e1c59aed5a6839b81a0c9f0dbe668558c26ef391aeb7ec0295e69582508b1321
/Users/gokulmallabathula/deep-fake/datasets/raw/Celeb-Youtube-fake/5148.mp4,1,,Celeb-Youtube-fake,Celeb-Youtube-fake:5148,5a905a175a3e22c049ffe2b5ad0d4195571a71a3c77a08cf0449384c1edc0393
/Users/gokulmallabathula/deep-fake/datasets/raw/Celeb-Youtube-fake/515.mp4,1,,Celeb-Youtube-fake,Celeb-Youtube-fake:515,fda779c06c80cb21fbfa4f1b8bbad93eba8ee86f38441aa772e280236f88e8ac
/Users/gokulmallabathula/deep-fake/datasets/raw/Celeb-Youtube-fake/5150.mp4,1,,Celeb-Youtube-fake,Celeb-Youtube-fake:5150,89370c7f17a1800715c39530200a56fd44b0af48b9839c846bcd3ced6171fffe
/Users/gokulmallabathula/deep-fake/datasets/raw/Celeb-Youtube-fake/5151.mp4,1,,Celeb-Youtube-fake,Celeb-Youtube-fake:5151,4b81f2ddc474a2af206fc937b80e2a5f4c8f12cb053e78d8d141929658ef8cb6
/Users/gokulmallabathula/deep-fake/datasets/raw/Celeb-Youtube-fake/5152.mp4,1,,Celeb-Youtube-fake,Celeb-Youtube-fake:5152,e833549cf612dac10ddc0c0acd6f916d383b8d5ba1904c7c349f87822747f8b2
/Users/gokulmallabathula/deep-fake/datasets/raw/Celeb-Youtube-fake/5153.mp4,1,,Celeb-Youtube-fake,Celeb-Youtube-fake:5153,2346a2b3c40f5d917f97ec776bab57251abf95956b4004dfeefea04b0e005776
/Users/gokulmallabathula/deep-fake/datasets/raw/Celeb-Youtube-fake/5154.mp4,1,,Celeb-Youtube-fake,Celeb-Youtube-fake:5154,579d14472b2f0a1f552488478fa8fcb9af43541b6c7276c57e358c4b3ef62d9a
/Users/gokulmallabathula/deep-fake/datasets/raw/Celeb-Youtube-fake/5155.mp4,1,,Celeb-Youtube-fake,Celeb-Youtube-fake:5155,3bc4cc86eeb46dd4ae6d38ca195c97d15ee56f4822e92f6fa7186c836ed6c9f7
/Users/gokulmallabathula/deep-fake/datasets/raw/Celeb-Youtube-fake/5157.mp4,1,,Celeb-Youtube-fake,Celeb-Youtube-fake:5157,e9749e44a8c5390be4c506db84d983dad5b97e904b3882e4be526138601a5151
/Users/gokulmallabathula/deep-fake/datasets/raw/Celeb-Youtube-fake/5158.mp4,1,,Celeb-Youtube-fake,Celeb-Youtube-fake:5158,18becebc3a4db9293dc700e15f9fe6fd11abc7e4e41c6f5644b3c6d4d130c846
/Users/gokulmallabathula/deep-fake/datasets/raw/Celeb-Youtube-fake/516.mp4,1,,Celeb-Youtube-fake,Celeb-Youtube-fake:516,69c161d37b8876f78633e9616fda6f2f13d96f74dcbf5ff8978297c1ead4d95f
/Users/gokulmallabathula/deep-fake/datasets/raw/Celeb-Youtube-fake/5160.mp4,1,,Celeb-Youtube-fake,Celeb-Youtube-fake:5160,bcca519d409839a519cc391c0d19fb677f94e1a05bc2b10f1d88375a8d279baa
/Users/gokulmallabathula/deep-fake/datasets/raw/Celeb-Youtube-fake/5161.mp4,1,,Celeb-Youtube-fake,Celeb-Youtube-fake:5161,1b6f784b8461cddb0addfabcf8d60ea67541c0904cc87afea13c856bb6e241b4
/Users/gokulmallabathula/deep-fake/datasets/raw/Celeb-Youtube-fake/5162.mp4,1,,Celeb-Youtube-fake,Celeb-Youtube-fake:5162,a54f8ead51c68675b31df897479fc2e7cf19741d5aa13cc06af7e97155e9402e
/Users/gokulmallabathula/deep-fake/datasets/raw/Celeb-Youtube-fake/5163.mp4,1,,Celeb-Youtube-fake,Celeb-Youtube-fake:5163,38e1349e8fc07c1e75b13eed9d39c110f261d3621b4cba9c47293b568372b366
/Users/gokulmallabathula/deep-fake/datasets/raw/Celeb-Youtube-fake/5164.mp4,1,,Celeb-Youtube-fake,Celeb-Youtube-fake:5164,d0942e657bbf65cd82512a4b0dd9dee286644943dbcc10e7c7f79334d4d22705
/Users/gokulmallabathula/deep-fake/datasets/raw/Celeb-Youtube-fake/5167.mp4,1,,Celeb-Youtube-fake,Celeb-Youtube-fake:5167,eebe861e7c8b83d5bb7142333244e93a1b4d194bd27436f92e45d4a1d31d95a8
/Users/gokulmallabathula/deep-fake/datasets/raw/Celeb-Youtube-fake/5168.mp4,1,,Celeb-Youtube-fake,Celeb-Youtube-fake:5168,73a21adbb22c793c7b2d54efdc2653e09c0c229dc65778c8161b198586e88310
/Users/gokulmallabathula/deep-fake/datasets/raw/Celeb-Youtube-fake/5169.mp4,1,,Celeb-Youtube-fake,Celeb-Youtube-fake:5169,50fb4469bbe624b8db5454ff7770ff18f95aedd7104618d2b8849d1564ba2aff
/Users/gokulmallabathula/deep-fake/datasets/raw/Celeb-Youtube-fake/517.mp4,1,,Celeb-Youtube-fake,Celeb-Youtube-fake:517,31e6b7cdfedf972156bcb57125f62fe3e561a1e303f634a7584ba3fef18ffde7
/Users/gokulmallabathula/deep-fake/datasets/raw/Celeb-Youtube-fake/5170.mp4,1,,Celeb-Youtube-fake,Celeb-Youtube-fake:5170,654aa4513056d4924e2dce368b3cda11d6191f586a460f377b8ba81ad1ed790b
/Users/gokulmallabathula/deep-fake/datasets/raw/Celeb-Youtube-fake/5172.mp4,1,,Celeb-Youtube-fake,Celeb-Youtube-fake:5172,0e809810de2ad3f9f29e77fd71c04142e0464499b7ad8187ec4a2bb32dc88aa4
/Users/gokulmallabathula/deep-fake/datasets/raw/Celeb-Youtube-fake/5174.mp4,1,,Celeb-Youtube-fake,Celeb-Youtube-fake:5174,f14ea3c2d78771ccc97e75df0c97dce18356915fdc7942538733335776460746
/Users/gokulmallabathula/deep-fake/datasets/raw/Celeb-Youtube-fake/5175.mp4,1,,Celeb-Youtube-fake,Celeb-Youtube-fake:5175,c3a38f73c3826dde52991c7eb5ef5f6e6b0d7e6c07b21f05c31f83625642f18c
/Users/gokulmallabathula/deep-fake/datasets/raw/Celeb-Youtube-fake/5176.mp4,1,,Celeb-Youtube-fake,Celeb-Youtube-fake:5176,da3c1613236eee128e4f859d763dcd47bd2fe94404bef870a63943502b249d78
/Users/gokulmallabathula/deep-fake/datasets/raw/Celeb-Youtube-fake/5177.mp4,1,,Celeb-Youtube-fake,Celeb-Youtube-fake:5177,03563d61e716c27272cb1eb164b8eb5cbc04364d84bdc56922003aa7d8a40594
/Users/gokulmallabathula/deep-fake/datasets/raw/Celeb-Youtube-fake/5178.mp4,1,,Celeb-Youtube-fake,Celeb-Youtube-fake:5178,755e1444834f8e2fda6a66275ce421d8dd8fed34567b5613c3ef335f1d2d1647
/Users/gokulmallabathula/deep-fake/datasets/raw/Celeb-Youtube-fake/5181.mp4,1,,Celeb-Youtube-fake,Celeb-Youtube-fake:5181,823bbf22c9574041f49c35c2a4e4f9cf283d09e0048ef16ae40f21e140fa1816
/Users/gokulmallabathula/deep-fake/datasets/raw/Celeb-Youtube-fake/5182.mp4,1,,Celeb-Youtube-fake,Celeb-Youtube-fake:5182,0e8519d846368ffb72e2595066c581c8b12a8fb6f3d3ddb890d686701e1b8557
/Users/gokulmallabathula/deep-fake/datasets/raw/Celeb-Youtube-fake/5183.mp4,1,,Celeb-Youtube-fake,Celeb-Youtube-fake:5183,42b35104a8b2f7e900210fead5fe260bc1c2251ea01fd9a24d5029263126d106
/Users/gokulmallabathula/deep-fake/datasets/raw/Celeb-Youtube-fake/5184.mp4,1,,Celeb-Youtube-fake,Celeb-Youtube-fake:5184,bb4a51ffee1d2af62602fa165dc83d77cb65ae7990aaf07f404627027f70d67a
/Users/gokulmallabathula/deep-fake/datasets/raw/Celeb-Youtube-fake/5185.mp4,1,,Celeb-Youtube-fake,Celeb-Youtube-fake:5185,708494177f0f0ebc64642c059641751063ee5eefb267bca94a9ceffa10afdeb1
/Users/gokulmallabathula/deep-fake/datasets/raw/Celeb-Youtube-fake/5186.mp4,1,,Celeb-Youtube-fake,Celeb-Youtube-fake:5186,8b3c177a424db5b932084ad76652fc7c94e330cba4f2e4b7b7a1f06a01e722b5
/Users/gokulmallabathula/deep-fake/datasets/raw/Celeb-Youtube-fake/5187.mp4,1,,Celeb-Youtube-fake,Celeb-Youtube-fake:5187,d46c4d757b8d1fa637805957e285dd6c32f5cdd4c7fb473306e54b0f9bc19934
/Users/gokulmallabathula/deep-fake/datasets/raw/Celeb-Youtube-fake/5188.mp4,1,,Celeb-Youtube-fake,Celeb-Youtube-fake:5188,4e99c61107dad0bc7602506fd7ac4b96259b3ef6dd45e5fa64e305375fbb0198
/Users/gokulmallabathula/deep-fake/datasets/raw/Celeb-Youtube-fake/5189.mp4,1,,Celeb-Youtube-fake,Celeb-Youtube-fake:5189,8ca33ad60b8dc3c9db8646cf9bbfd2991505f357485504fb6dd7ea78ec22114c
/Users/gokulmallabathula/deep-fake/datasets/raw/Celeb-Youtube-fake/519.mp4,1,,Celeb-Youtube-fake,Celeb-Youtube-fake:519,6cd0d8f67e08464f3e0f7840c7823cb90422310fee54f3d5bd857d9134e1292f
/Users/gokulmallabathula/deep-fake/datasets/raw/Celeb-Youtube-fake/5191.mp4,1,,Celeb-Youtube-fake,Celeb-Youtube-fake:5191,f52efaa64708ea4e6717d4519d4c5262a6052b853e63085c7a0ca856cebf0d84
/Users/gokulmallabathula/deep-fake/datasets/raw/Celeb-Youtube-fake/5192.mp4,1,,Celeb-Youtube-fake,Celeb-Youtube-fake:5192,8d5d83366950d6018b78d7a0ea21207ccade31cd9aa4ec18836f08bcd5c1600d
/Users/gokulmallabathula/deep-fake/datasets/raw/Celeb-Youtube-fake/5193.mp4,1,,Celeb-Youtube-fake,Celeb-Youtube-fake:5193,3e42318076b84802a7fbd0799f219241edeb9e3d8365746b5eda56e061a65521
/Users/gokulmallabathula/deep-fake/datasets/raw/Celeb-Youtube-fake/5195.mp4,1,,Celeb-Youtube-fake,Celeb-Youtube-fake:5195,9042ca26320d1f13e3244ee46f8c8f39bf3e4cd591d298b2c11cfe3634ebb7e2
/Users/gokulmallabathula/deep-fake/datasets/raw/Celeb-Youtube-fake/5196.mp4,1,,Celeb-Youtube-fake,Celeb-Youtube-fake:5196,365bf9a3c419162fbe7c9e1a911b4a286df0336c7b7e2609fd59c9608de1c41a
/Users/gokulmallabathula/deep-fake/datasets/raw/Celeb-Youtube-fake/5199.mp4,1,,Celeb-Youtube-fake,Celeb-Youtube-fake:5199,5d12ff33a05cd97bcacd4e64a16a2d82d118dbc6840ed84299f91a1022bfef09
/Users/gokulmallabathula/deep-fake/datasets/raw/Celeb-Youtube-fake/52.mp4,1,,Celeb-Youtube-fake,Celeb-Youtube-fake:52,da6890625eda35064a75b5be930151942758845f59a0ba0dd8b60ffe050450f4
/Users/gokulmallabathula/deep-fake/datasets/raw/Celeb-Youtube-fake/520.mp4,1,,Celeb-Youtube-fake,Celeb-Youtube-fake:520,bc17912f0a85d5d69b81b6604513ed457d7086ec96fbfa1a9d2fe5e092ab2eda
/Users/gokulmallabathula/deep-fake/datasets/raw/Celeb-Youtube-fake/5200.mp4,1,,Celeb-Youtube-fake,Celeb-Youtube-fake:5200,40a14cbaccc0e55b5d7413f13d66f8409572bf72046ce3671c734dffaae5f495
/Users/gokulmallabathula/deep-fake/datasets/raw/Celeb-Youtube-fake/5201.mp4,1,,Celeb-Youtube-fake,Celeb-Youtube-fake:5201,2245d52c7e72edf57aec1a2c6a5c47ac7269a23a64e6f1c61ce49e724b6ab7fd
/Users/gokulmallabathula/deep-fake/datasets/raw/Celeb-Youtube-fake/5202.mp4,1,,Celeb-Youtube-fake,Celeb-Youtube-fake:5202,448ce041e8990b3be99a3297a5a522c4e7a5445123ba84e807710ea719ef649c
/Users/gokulmallabathula/deep-fake/datasets/raw/Celeb-Youtube-fake/5203.mp4,1,,Celeb-Youtube-fake,Celeb-Youtube-fake:5203,e37d425669741d84f5541631a61ef0e200bce9cda600dc09aba581f68cc2c190
/Users/gokulmallabathula/deep-fake/datasets/raw/Celeb-Youtube-fake/5205.mp4,1,,Celeb-Youtube-fake,Celeb-Youtube-fake:5205,d1bcddb084811b904b2cf9e21439f5fc7ef91ec34e1e0f336e6986e0495c8ba9
/Users/gokulmallabathula/deep-fake/datasets/raw/Celeb-Youtube-fake/5206.mp4,1,,Celeb-Youtube-fake,Celeb-Youtube-fake:5206,180f46cd714f99df8f96b1706d7c8c073db43f16d1b2771d4d53ca4c0a66397d
/Users/gokulmallabathula/deep-fake/datasets/raw/Celeb-Youtube-fake/5209.mp4,1,,Celeb-Youtube-fake,Celeb-Youtube-fake:5209,8d7ed0d87edc4ca9e8649e93132d91496e7e3d891ba1c4f49108b4f258c1f3f8
/Users/gokulmallabathula/deep-fake/datasets/raw/Celeb-Youtube-fake/521.mp4,1,,Celeb-Youtube-fake,Celeb-Youtube-fake:521,23f30ab5e3732cbeca8949e67335dc992ca1aa5ce1599ae5b6c2ca79e207ab97
/Users/gokulmallabathula/deep-fake/datasets/raw/Celeb-Youtube-fake/5210.mp4,1,,Celeb-Youtube-fake,Celeb-Youtube-fake:5210,92cf431289a02bc4a9c5781be5203a84990cdc05ca3bbe11fcb7e2ef541e86f1
/Users/gokulmallabathula/deep-fake/datasets/raw/Celeb-Youtube-fake/5213.mp4,1,,Celeb-Youtube-fake,Celeb-Youtube-fake:5213,a36701785ba4716ea2fee68d47ef31f4a0ff54f8b9e7bc1f93ab48aa46d599a7
/Users/gokulmallabathula/deep-fake/datasets/raw/Celeb-Youtube-fake/5214.mp4,1,,Celeb-Youtube-fake,Celeb-Youtube-fake:5214,187bbb2623e26ffcb7d7b79978f6fe9eeab9d3b2ae69279e224f31ec61bb18cc
/Users/gokulmallabathula/deep-fake/datasets/raw/Celeb-Youtube-fake/5215.mp4,1,,Celeb-Youtube-fake,Celeb-Youtube-fake:5215,899dafd1ea229586567018f7489bd06e5c63255daf4ef667ab5fa2a23f11fef2
/Users/gokulmallabathula/deep-fake/datasets/raw/Celeb-Youtube-fake/5216.mp4,1,,Celeb-Youtube-fake,Celeb-Youtube-fake:5216,cb25d01c379157812b79639038ea23d59b0515a19e60ec4d1b7995cf00cbccca
/Users/gokulmallabathula/deep-fake/datasets/raw/Celeb-Youtube-fake/5218.mp4,1,,Celeb-Youtube-fake,Celeb-Youtube-fake:5218,442c4fe03b69ff5c1485a663ebe708d00db82ba9eae8deafa1deafda80cd9946
/Users/gokulmallabathula/deep-fake/datasets/raw/Celeb-Youtube-fake/5219.mp4,1,,Celeb-Youtube-fake,Celeb-Youtube-fake:5219,1f05c55326b00a2918fe71f753e5ae418a983382f7fb09f284c7d41d89a124d5
/Users/gokulmallabathula/deep-fake/datasets/raw/Celeb-Youtube-fake/522.mp4,1,,Celeb-Youtube-fake,Celeb-Youtube-fake:522,6fc8cfcb79ddb79f21b3ecefc9e2d3acde6e16eebc08fd464c1c9d212e9028fb
/Users/gokulmallabathula/deep-fake/datasets/raw/Celeb-Youtube-fake/5220.mp4,1,,Celeb-Youtube-fake,Celeb-Youtube-fake:5220,8cc3640d2318a0aae4fc47abae6ca3304b6c08b133febfcc8713b09b0316d400
/Users/gokulmallabathula/deep-fake/datasets/raw/Celeb-Youtube-fake/5221.mp4,1,,Celeb-Youtube-fake,Celeb-Youtube-fake:5221,32216d47831123124a6b0102226026a72abc89020bc0aabee61dc301211fbb1e
/Users/gokulmallabathula/deep-fake/datasets/raw/Celeb-Youtube-fake/5222.mp4,1,,Celeb-Youtube-fake,Celeb-Youtube-fake:5222,58926eb4932ea25f1d94669d51e3c642b76c64093786d77d0ea9f7d721b3facb
/Users/gokulmallabathula/deep-fake/datasets/raw/Celeb-Youtube-fake/5224.mp4,1,,Celeb-Youtube-fake,Celeb-Youtube-fake:5224,a141a416c31fd8646a6b33d9f4ff2213d814d8230fa14a72179f26292fbd36f7
/Users/gokulmallabathula/deep-fake/datasets/raw/Celeb-Youtube-fake/5225.mp4,1,,Celeb-Youtube-fake,Celeb-Youtube-fake:5225,63af898de7b33c00e8be88d34ea7c9506d2de43c7c35ba779d947217604f8e4f
/Users/gokulmallabathula/deep-fake/datasets/raw/Celeb-Youtube-fake/5226.mp4,1,,Celeb-Youtube-fake,Celeb-Youtube-fake:5226,afaabe119a7e0b165b0138040cf4a70943f026d4bbfb6c8c2ba46f018dbaa21e
/Users/gokulmallabathula/deep-fake/datasets/raw/Celeb-Youtube-fake/5228.mp4,1,,Celeb-Youtube-fake,Celeb-Youtube-fake:5228,25ea4cf146b0358b38fe037dde5d2e6dd72afe2667cfe971895baee2df780bc2
/Users/gokulmallabathula/deep-fake/datasets/raw/Celeb-Youtube-fake/5229.mp4,1,,Celeb-Youtube-fake,Celeb-Youtube-fake:5229,51d12985f26871606c355f4537c3a6ba93805cc1e78d3f47939e2735b44d0c11
/Users/gokulmallabathula/deep-fake/datasets/raw/Celeb-Youtube-fake/5230.mp4,1,,Celeb-Youtube-fake,Celeb-Youtube-fake:5230,2aee941fa054f52c927a9a1846f34561d05d6541826aa9764c7349eaa8780a2e
/Users/gokulmallabathula/deep-fake/datasets/raw/Celeb-Youtube-fake/5232.mp4,1,,Celeb-Youtube-fake,Celeb-Youtube-fake:5232,9bd00e4e24c6b8901c32a5f97831d7086bae0b2748440fd1d3f11ba06a45eaf3
/Users/gokulmallabathula/deep-fake/datasets/raw/Celeb-Youtube-fake/5233.mp4,1,,Celeb-Youtube-fake,Celeb-Youtube-fake:5233,b0881b93a1d4bee3697c1124b4c5ca2fe805e93653ef611dcbb59a2a03c40402
/Users/gokulmallabathula/deep-fake/datasets/raw/Celeb-Youtube-fake/5234.mp4,1,,Celeb-Youtube-fake,Celeb-Youtube-fake:5234,991d5da93ae13afc59bdccbea0cd30d0fcceeb7b775be4a5a056ed6c9dcfdc8b
/Users/gokulmallabathula/deep-fake/datasets/raw/Celeb-Youtube-fake/5235.mp4,1,,Celeb-Youtube-fake,Celeb-Youtube-fake:5235,a7f550394e9a4f69ee5b46f265e68f876428b10f2dcb19f524c91b469d06d618
/Users/gokulmallabathula/deep-fake/datasets/raw/Celeb-Youtube-fake/5236.mp4,1,,Celeb-Youtube-fake,Celeb-Youtube-fake:5236,57e01c05e72f5f2499770c10795400ea8564f867200472c3674783af7de531b3
/Users/gokulmallabathula/deep-fake/datasets/raw/Celeb-Youtube-fake/5237.mp4,1,,Celeb-Youtube-fake,Celeb-Youtube-fake:5237,628e129abd96f43bdac3a0e6bce17d38a085d537dd310005d6d848639388b781
/Users/gokulmallabathula/deep-fake/datasets/raw/Celeb-Youtube-fake/5238.mp4,1,,Celeb-Youtube-fake,Celeb-Youtube-fake:5238,e29dc1da2ba93f610373e7dfa8279879dd1fd568eed7d057cae6c69e0a8d8352
/Users/gokulmallabathula/deep-fake/datasets/raw/Celeb-Youtube-fake/5239.mp4,1,,Celeb-Youtube-fake,Celeb-Youtube-fake:5239,bf5a8f19beb1e14619ce32198fb7e20b0e15f6cc0c88adaba2f5c70408f71dd4
/Users/gokulmallabathula/deep-fake/datasets/raw/Celeb-Youtube-fake/524.mp4,1,,Celeb-Youtube-fake,Celeb-Youtube-fake:524,f56844e7c8f3bd349960d0d1f1e2fcb4d8b64d299e2a17b30976e963c1a6159f
/Users/gokulmallabathula/deep-fake/datasets/raw/Celeb-Youtube-fake/5240.mp4,1,,Celeb-Youtube-fake,Celeb-Youtube-fake:5240,73f780bf8a469e28f52db130c19c9c7c52fcbe17a3ec0a44ce9941d602c448a8
/Users/gokulmallabathula/deep-fake/datasets/raw/Celeb-Youtube-fake/5244.mp4,1,,Celeb-Youtube-fake,Celeb-Youtube-fake:5244,c5405c9ba1626578dfae48dee72322583eed99be900f57d0075a393f50213eca
/Users/gokulmallabathula/deep-fake/datasets/raw/Celeb-Youtube-fake/5250.mp4,1,,Celeb-Youtube-fake,Celeb-Youtube-fake:5250,cac0eaaee3d2170f9538c6ee43180088b59c02afaae80f7b62605a436189f7d4
/Users/gokulmallabathula/deep-fake/datasets/raw/Celeb-Youtube-fake/5251.mp4,1,,Celeb-Youtube-fake,Celeb-Youtube-fake:5251,59e69e928758976276e7420c8fab2e72fee6dd0b72f546408c8504a7ef3aa351
/Users/gokulmallabathula/deep-fake/datasets/raw/Celeb-Youtube-fake/5252.mp4,1,,Celeb-Youtube-fake,Celeb-Youtube-fake:5252,6fa521123c25aa26455ed19b5d5bc3b64868b8f82325b35916a0dbce9a268d03
/Users/gokulmallabathula/deep-fake/datasets/raw/Celeb-Youtube-fake/5253.mp4,1,,Celeb-Youtube-fake,Celeb-Youtube-fake:5253,fbb6882243d91599e1f52e724384293caad62e2c62866982df3fc5c31c5ab1f7
/Users/gokulmallabathula/deep-fake/datasets/raw/Celeb-Youtube-fake/5255.mp4,1,,Celeb-Youtube-fake,Celeb-Youtube-fake:5255,b0e72fad64b6afcf6176a37a71a7cc30213c655554cb21d96194aca3192d0162
/Users/gokulmallabathula/deep-fake/datasets/raw/Celeb-Youtube-fake/5256.mp4,1,,Celeb-Youtube-fake,Celeb-Youtube-fake:5256,430dc4e0c03916063486121844d253f30c5492bee99f044865ce94b718d785a5
/Users/gokulmallabathula/deep-fake/datasets/raw/Celeb-Youtube-fake/5257.mp4,1,,Celeb-Youtube-fake,Celeb-Youtube-fake:5257,989d8d9833ae3c788c79dad395f3ed70ee04c766d8a0d4f2a734c2e1f2c091e0
/Users/gokulmallabathula/deep-fake/datasets/raw/Celeb-Youtube-fake/5259.mp4,1,,Celeb-Youtube-fake,Celeb-Youtube-fake:5259,82bc018bd79ad59bad6e26e12333a8c22ada0a3d8ad01086e42225def89ae7b3
/Users/gokulmallabathula/deep-fake/datasets/raw/Celeb-Youtube-fake/526.mp4,1,,Celeb-Youtube-fake,Celeb-Youtube-fake:526,644c4d00e0502c4d8d44bfe0273074c57913314b805b19596b4c36bd2ce4a378
/Users/gokulmallabathula/deep-fake/datasets/raw/Celeb-Youtube-fake/5260.mp4,1,,Celeb-Youtube-fake,Celeb-Youtube-fake:5260,187ec672258b0864d9557d48b4f6731321fdb03ff975593567a3aedfbfb99d5d
/Users/gokulmallabathula/deep-fake/datasets/raw/Celeb-Youtube-fake/5261.mp4,1,,Celeb-Youtube-fake,Celeb-Youtube-fake:5261,1497e7d78fe9654f4c546b93d131f9ceaf566031af690ad3378da94c61f7974d
/Users/gokulmallabathula/deep-fake/datasets/raw/Celeb-Youtube-fake/5262.mp4,1,,Celeb-Youtube-fake,Celeb-Youtube-fake:5262,72fca339e9b336d5aa7a8616d837a691c030b6f72745d47e10c3d45a02cc5ba1
/Users/gokulmallabathula/deep-fake/datasets/raw/Celeb-Youtube-fake/5263.mp4,1,,Celeb-Youtube-fake,Celeb-Youtube-fake:5263,28e5a9ba2081d68aae80cb82e421daa6937ab5a7a2af0609c8dcbc4a364ab963
/Users/gokulmallabathula/deep-fake/datasets/raw/Celeb-Youtube-fake/5264.mp4,1,,Celeb-Youtube-fake,Celeb-Youtube-fake:5264,601db5941a403dd79818684b8f09da5b132ee11d47cb8413cad99a2638a27d13
/Users/gokulmallabathula/deep-fake/datasets/raw/Celeb-Youtube-fake/5265.mp4,1,,Celeb-Youtube-fake,Celeb-Youtube-fake:5265,fc0ec0fa490c5c400d6f0a7481d7a27ffd91c18216e95b4531b2ef7405fcd501
/Users/gokulmallabathula/deep-fake/datasets/raw/Celeb-Youtube-fake/5267.mp4,1,,Celeb-Youtube-fake,Celeb-Youtube-fake:5267,d732b29a4d38b2f65cee4bc68489d4886ff10af354b3414b7bd7da4972e7d745
/Users/gokulmallabathula/deep-fake/datasets/raw/Celeb-Youtube-fake/5269.mp4,1,,Celeb-Youtube-fake,Celeb-Youtube-fake:5269,f71929f551daaf74a71ef8b1e94724e1c96f7d549bd3b8e914a21d1546ee8e0d
/Users/gokulmallabathula/deep-fake/datasets/raw/Celeb-Youtube-fake/527.mp4,1,,Celeb-Youtube-fake,Celeb-Youtube-fake:527,8137f65a8853bc9b75b42bc23c8bd71f0cf5c18f42ae8a5d61235a0482770030
/Users/gokulmallabathula/deep-fake/datasets/raw/Celeb-Youtube-fake/5270.mp4,1,,Celeb-Youtube-fake,Celeb-Youtube-fake:5270,c8b48dd2a1a80e9e0b8dfd36ac780eb5b42982af4c093125c6e11a4647df313e
/Users/gokulmallabathula/deep-fake/datasets/raw/Celeb-Youtube-fake/5271.mp4,1,,Celeb-Youtube-fake,Celeb-Youtube-fake:5271,bcee886d81eef01b51dac57368ddab0ddf284a7cfe0fb364ac962c23a9cf02c9
/Users/gokulmallabathula/deep-fake/datasets/raw/Celeb-Youtube-fake/5272.mp4,1,,Celeb-Youtube-fake,Celeb-Youtube-fake:5272,7661d4339b4e786d9c60d2e0da308e3391734310b5f3e6a1e0caa3011df9f532
/Users/gokulmallabathula/deep-fake/datasets/raw/Celeb-Youtube-fake/5275.mp4,1,,Celeb-Youtube-fake,Celeb-Youtube-fake:5275,ae02c7a1eaf1e6b997c15567495e02c9916eeaceb74f22649b22daa78375c0ef
/Users/gokulmallabathula/deep-fake/datasets/raw/Celeb-Youtube-fake/5276.mp4,1,,Celeb-Youtube-fake,Celeb-Youtube-fake:5276,5f8a4a2f5e8dc9bd5aaf84ab8013b166f0ae3ad306807aad43257aa95e047685
/Users/gokulmallabathula/deep-fake/datasets/raw/Celeb-Youtube-fake/5277.mp4,1,,Celeb-Youtube-fake,Celeb-Youtube-fake:5277,c85ffd4a396982a9a46860fdea0255e2726e8d752ab1e31fb6ee2cf97cf59c1d
/Users/gokulmallabathula/deep-fake/datasets/raw/Celeb-Youtube-fake/5278.mp4,1,,Celeb-Youtube-fake,Celeb-Youtube-fake:5278,1281934a24e67be205f9154a52fb4ddcca3475ab010562291745db24ec8a86f1
/Users/gokulmallabathula/deep-fake/datasets/raw/Celeb-Youtube-fake/528.mp4,1,,Celeb-Youtube-fake,Celeb-Youtube-fake:528,47c8e0d07e22574cbc006cec00f375f2ecbb90b268f0eb92025d7cb4749d3c3a
/Users/gokulmallabathula/deep-fake/datasets/raw/Celeb-Youtube-fake/5280.mp4,1,,Celeb-Youtube-fake,Celeb-Youtube-fake:5280,5b94be9da57a9133e470cc95e14f0c62153fc255a2644742349d689deb2a0a1c
/Users/gokulmallabathula/deep-fake/datasets/raw/Celeb-Youtube-fake/5281.mp4,1,,Celeb-Youtube-fake,Celeb-Youtube-fake:5281,ff14f4bfd56a376bb2a14415a4090ac3625fa020fba56bac68b70f688a037124
/Users/gokulmallabathula/deep-fake/datasets/raw/Celeb-Youtube-fake/5282.mp4,1,,Celeb-Youtube-fake,Celeb-Youtube-fake:5282,50799595979465bcc9bb9922b3fde10f8ea7484f953ff7059a4724d089f2a82a
/Users/gokulmallabathula/deep-fake/datasets/raw/Celeb-Youtube-fake/5283.mp4,1,,Celeb-Youtube-fake,Celeb-Youtube-fake:5283,538bbec7c001d1830ee65c3ac5b86856652e7b12c6a8f75888e9720d171c6957
/Users/gokulmallabathula/deep-fake/datasets/raw/Celeb-Youtube-fake/5284.mp4,1,,Celeb-Youtube-fake,Celeb-Youtube-fake:5284,15967563ba430a5afcc7741c2dace41ffc215074248bc4e49772d714308eece9
/Users/gokulmallabathula/deep-fake/datasets/raw/Celeb-Youtube-fake/5285.mp4,1,,Celeb-Youtube-fake,Celeb-Youtube-fake:5285,5716783ec9a19d9ee084c2a0b49b81720650e0942f5fd8438faaaeddd42918e5
/Users/gokulmallabathula/deep-fake/datasets/raw/Celeb-Youtube-fake/5287.mp4,1,,Celeb-Youtube-fake,Celeb-Youtube-fake:5287,bbbf295e30858968171958985390a1209179a6bee7607563e1c93b590da75896
/Users/gokulmallabathula/deep-fake/datasets/raw/Celeb-Youtube-fake/5288.mp4,1,,Celeb-Youtube-fake,Celeb-Youtube-fake:5288,b87baf429ecce9eb2084c1b08cd9be38a06e21d0188320b23f76967119f111b2
/Users/gokulmallabathula/deep-fake/datasets/raw/Celeb-Youtube-fake/529.mp4,1,,Celeb-Youtube-fake,Celeb-Youtube-fake:529,bde046397e7a96ff56a8ff6daa1de266e4c0788cedad86f74c96fcb6be31af50
/Users/gokulmallabathula/deep-fake/datasets/raw/Celeb-Youtube-fake/5290.mp4,1,,Celeb-Youtube-fake,Celeb-Youtube-fake:5290,26e6f41023b1ed08d6bf711d3900441dc5677bfa7a4d51b19a5a38fd79c36309
/Users/gokulmallabathula/deep-fake/datasets/raw/Celeb-Youtube-fake/5293.mp4,1,,Celeb-Youtube-fake,Celeb-Youtube-fake:5293,9e33aca078dfd069d57e8f9060ab7da162d47099f384aab3d3a143d96cd699b3
/Users/gokulmallabathula/deep-fake/datasets/raw/Celeb-Youtube-fake/5295.mp4,1,,Celeb-Youtube-fake,Celeb-Youtube-fake:5295,397beb7557790b90b2baa296b124eee07e0eaf247018c173d897fd74727d89b1
/Users/gokulmallabathula/deep-fake/datasets/raw/Celeb-Youtube-fake/5298.mp4,1,,Celeb-Youtube-fake,Celeb-Youtube-fake:5298,009e84e345cd19acdb58d00ece8205c5e09343ddf4e5aa7259f6438b762435c4
/Users/gokulmallabathula/deep-fake/datasets/raw/Celeb-Youtube-fake/530.mp4,1,,Celeb-Youtube-fake,Celeb-Youtube-fake:530,2ffc907506d124a5392f6c3b00f17702d233dcf53fbf0300bf46a72ad28483f9
/Users/gokulmallabathula/deep-fake/datasets/raw/Celeb-Youtube-fake/533.mp4,1,,Celeb-Youtube-fake,Celeb-Youtube-fake:533,a9b850778327cc1fc76eced5cc22a6be767722364a150f4bd5badb9490605d44
/Users/gokulmallabathula/deep-fake/datasets/raw/Celeb-Youtube-fake/534.mp4,1,,Celeb-Youtube-fake,Celeb-Youtube-fake:534,c431a93423f6f2afa36fa4fccdd166e1036bff6741d8ef3b93408c9cb087e8ad
/Users/gokulmallabathula/deep-fake/datasets/raw/Celeb-Youtube-fake/535.mp4,1,,Celeb-Youtube-fake,Celeb-Youtube-fake:535,79dd5dbb53294940c32260d3b4633e8251fad1dc26fcfc4381c610bf07ae0c5b
/Users/gokulmallabathula/deep-fake/datasets/raw/Celeb-Youtube-fake/538.mp4,1,,Celeb-Youtube-fake,Celeb-Youtube-fake:538,e3e6eb3962d9a2a7e9509d43b521c3a41d70fe1aeeabe319d17fa02fed5bdcfa
/Users/gokulmallabathula/deep-fake/datasets/raw/Celeb-Youtube-fake/54.mp4,1,,Celeb-Youtube-fake,Celeb-Youtube-fake:54,59378c211cfd86ea13725cd5e1db85f803d59fc731f0a6d5deee13399e1b66f4
/Users/gokulmallabathula/deep-fake/datasets/raw/Celeb-Youtube-fake/540.mp4,1,,Celeb-Youtube-fake,Celeb-Youtube-fake:540,33723755762b93d296c7a55ef75a848a1f5f5c6eafc54f367111de4549c9ef0b
/Users/gokulmallabathula/deep-fake/datasets/raw/Celeb-Youtube-fake/541.mp4,1,,Celeb-Youtube-fake,Celeb-Youtube-fake:541,24fb7766c63ef3d07efff9aa09bd66031d74e2aa82c1b862c6e5714ba857322e
/Users/gokulmallabathula/deep-fake/datasets/raw/Celeb-Youtube-fake/542.mp4,1,,Celeb-Youtube-fake,Celeb-Youtube-fake:542,d0681f85abcf2607180cca8f9318a07798db0ad297584e58ca65ef667c3d0066
/Users/gokulmallabathula/deep-fake/datasets/raw/Celeb-Youtube-fake/545.mp4,1,,Celeb-Youtube-fake,Celeb-Youtube-fake:545,faab28418fb7b4e091b837ae0cb3c5f41277600fae7334524182572f7a1997a6
/Users/gokulmallabathula/deep-fake/datasets/raw/Celeb-Youtube-fake/546.mp4,1,,Celeb-Youtube-fake,Celeb-Youtube-fake:546,5aa1adcb7cf7ff0e9a2f822b57117fdf516802549580cdd0a770c17364ced297
/Users/gokulmallabathula/deep-fake/datasets/raw/Celeb-Youtube-fake/547.mp4,1,,Celeb-Youtube-fake,Celeb-Youtube-fake:547,72766d422212f4d8c62ee8279f7d16dc92f66eddde9f6649630c7d495222c65b
/Users/gokulmallabathula/deep-fake/datasets/raw/Celeb-Youtube-fake/548.mp4,1,,Celeb-Youtube-fake,Celeb-Youtube-fake:548,9d424f7db165f913dcef095614c2967e407ed14d2a05e3f7409868e34dd2b6f9
/Users/gokulmallabathula/deep-fake/datasets/raw/Celeb-Youtube-fake/549.mp4,1,,Celeb-Youtube-fake,Celeb-Youtube-fake:549,c47061dce5f26bfccc8d256a4c1f3c46c5dac0b1a1e162217ff5b95765ea03e7
/Users/gokulmallabathula/deep-fake/datasets/raw/Celeb-Youtube-fake/550.mp4,1,,Celeb-Youtube-fake,Celeb-Youtube-fake:550,ead905658d70fe020725bd5c6530b2b9a91e063bf4ab12d56ad7b0607698e89a
/Users/gokulmallabathula/deep-fake/datasets/raw/Celeb-Youtube-fake/553.mp4,1,,Celeb-Youtube-fake,Celeb-Youtube-fake:553,9849f4281aff6ec0c916b4cda094ac71073b7bf6736ebbc19d123c55a4157f95
/Users/gokulmallabathula/deep-fake/datasets/raw/Celeb-Youtube-fake/554.mp4,1,,Celeb-Youtube-fake,Celeb-Youtube-fake:554,f9f6229e11ccc6cb89ac662e7366da25dfcdb263e22325ea13f8dc939c5a7af8
/Users/gokulmallabathula/deep-fake/datasets/raw/Celeb-Youtube-fake/556.mp4,1,,Celeb-Youtube-fake,Celeb-Youtube-fake:556,18d346e0c0aafe44b6c1cfb576220d8d5f180c809fb0e0cd21516e7a4728087d
/Users/gokulmallabathula/deep-fake/datasets/raw/Celeb-Youtube-fake/558.mp4,1,,Celeb-Youtube-fake,Celeb-Youtube-fake:558,183fab1015cafc5691f4521d434c91fee6d807ca5022895352a1fc05603df9c0
/Users/gokulmallabathula/deep-fake/datasets/raw/Celeb-Youtube-fake/56.mp4,1,,Celeb-Youtube-fake,Celeb-Youtube-fake:56,b17aba7d36608cf265836a8f3a65fef72dbdd889ddbbac09977cd2cc801062f9
/Users/gokulmallabathula/deep-fake/datasets/raw/Celeb-Youtube-fake/560.mp4,1,,Celeb-Youtube-fake,Celeb-Youtube-fake:560,c8a87dcb4fd7821702990ad9854ac173399c653fa8159d9595a3e9789378305d
/Users/gokulmallabathula/deep-fake/datasets/raw/Celeb-Youtube-fake/561.mp4,1,,Celeb-Youtube-fake,Celeb-Youtube-fake:561,502ef2151cbcd016ed82849b0d1770c52b9c5b96a1836131c9387201a71d2bc1
/Users/gokulmallabathula/deep-fake/datasets/raw/Celeb-Youtube-fake/563.mp4,1,,Celeb-Youtube-fake,Celeb-Youtube-fake:563,a8bcbf3975024e4a46485f1c938b2079d6cabbb530737efb5f65840d45ab5820
/Users/gokulmallabathula/deep-fake/datasets/raw/Celeb-Youtube-fake/565.mp4,1,,Celeb-Youtube-fake,Celeb-Youtube-fake:565,1a8ab42c284a3466439733d6c791ead1f6812ce2af6e7de6c871c8d6c4aaf149
/Users/gokulmallabathula/deep-fake/datasets/raw/Celeb-Youtube-fake/566.mp4,1,,Celeb-Youtube-fake,Celeb-Youtube-fake:566,0ca3dc08aa4dab117a1f5f4ea1d5b5f25cd1a70fbae47cbb32cf5b7134581702
/Users/gokulmallabathula/deep-fake/datasets/raw/Celeb-Youtube-fake/57.mp4,1,,Celeb-Youtube-fake,Celeb-Youtube-fake:57,31852da6e606ea8c7eec8f0d5840ad650c7194e5c403a26d9e21c21b2d0f8a59
/Users/gokulmallabathula/deep-fake/datasets/raw/Celeb-Youtube-fake/570.mp4,1,,Celeb-Youtube-fake,Celeb-Youtube-fake:570,d64a9d9899cf485f8e71e9f5d5c16dc26325958cd720c3fb39db24e19db14916
/Users/gokulmallabathula/deep-fake/datasets/raw/Celeb-Youtube-fake/571.mp4,1,,Celeb-Youtube-fake,Celeb-Youtube-fake:571,2c7ca931e7a1d6bc54ba804c8eb56011229ed955bc7e26383b14edcbf0b03b47
/Users/gokulmallabathula/deep-fake/datasets/raw/Celeb-Youtube-fake/575.mp4,1,,Celeb-Youtube-fake,Celeb-Youtube-fake:575,a4df52c6b7ee35440dde41497ca9b380bf83d314eb9b1492531ff3a9b1e1131a
/Users/gokulmallabathula/deep-fake/datasets/raw/Celeb-Youtube-fake/577.mp4,1,,Celeb-Youtube-fake,Celeb-Youtube-fake:577,ed46f41c634a4e890e20d4a26da4fe9f23205e07390356e9a071f1a5aac718f9
/Users/gokulmallabathula/deep-fake/datasets/raw/Celeb-Youtube-fake/578.mp4,1,,Celeb-Youtube-fake,Celeb-Youtube-fake:578,6aa01e40be9414c0839509b51daa5056a1f1631b324a953e9b23b1de00da031c
/Users/gokulmallabathula/deep-fake/datasets/raw/Celeb-Youtube-fake/579.mp4,1,,Celeb-Youtube-fake,Celeb-Youtube-fake:579,9887170fa99090e3149d50357854ad431453fa2a12deb339e59f92581648beff
/Users/gokulmallabathula/deep-fake/datasets/raw/Celeb-Youtube-fake/58.mp4,1,,Celeb-Youtube-fake,Celeb-Youtube-fake:58,0b1469bdfa63e993d56ad05f630192fd1ba7fa6330afd829b10977881df40f63
/Users/gokulmallabathula/deep-fake/datasets/raw/Celeb-Youtube-fake/580.mp4,1,,Celeb-Youtube-fake,Celeb-Youtube-fake:580,61a24648b7c39fab20bf01963c4e755559ca263bfa2a864e33aef20fc4d848c4
/Users/gokulmallabathula/deep-fake/datasets/raw/Celeb-Youtube-fake/581.mp4,1,,Celeb-Youtube-fake,Celeb-Youtube-fake:581,9bb3e7a52bf093e6ecc52155f9f874eaa28236d18e45d9ff4eec85425ce033fc
/Users/gokulmallabathula/deep-fake/datasets/raw/Celeb-Youtube-fake/582.mp4,1,,Celeb-Youtube-fake,Celeb-Youtube-fake:582,31b80178f7c61d1328a61c1b95d004416f8353b69c55afad4415c7a77e4feb9f
/Users/gokulmallabathula/deep-fake/datasets/raw/Celeb-Youtube-fake/584.mp4,1,,Celeb-Youtube-fake,Celeb-Youtube-fake:584,b6dde476973eb778d749b2eaa4790ec7969c7ffeef36751acb9b0eb60d8c5408
/Users/gokulmallabathula/deep-fake/datasets/raw/Celeb-Youtube-fake/585.mp4,1,,Celeb-Youtube-fake,Celeb-Youtube-fake:585,0c42005ad4a168fe46f0bc98d8355b9c9a29253cbca32fdf35fe7835eed4f7f0
/Users/gokulmallabathula/deep-fake/datasets/raw/Celeb-Youtube-fake/586.mp4,1,,Celeb-Youtube-fake,Celeb-Youtube-fake:586,ea04b115a96ec3adc234d5fe7458ea6b5aaeb3d63e7347d9c42fa7e99eba1667
/Users/gokulmallabathula/deep-fake/datasets/raw/Celeb-Youtube-fake/587.mp4,1,,Celeb-Youtube-fake,Celeb-Youtube-fake:587,3bd524e006f83357b7c7194678bc7898797feb7382f6b49a7dddbc3e3c642420
/Users/gokulmallabathula/deep-fake/datasets/raw/Celeb-Youtube-fake/588.mp4,1,,Celeb-Youtube-fake,Celeb-Youtube-fake:588,b022710b98b1f786af9cb0fcd92e9c6be1912ffb24082ede016dabd7ed4fc175
/Users/gokulmallabathula/deep-fake/datasets/raw/Celeb-Youtube-fake/589.mp4,1,,Celeb-Youtube-fake,Celeb-Youtube-fake:589,cb53448e6a96a95d50ad53a69c32daa16b8da70763c7d857c23ef08c6ad39403
/Users/gokulmallabathula/deep-fake/datasets/raw/Celeb-Youtube-fake/59.mp4,1,,Celeb-Youtube-fake,Celeb-Youtube-fake:59,733889b02510d6e0773ddd0b13722b227a936b28333af7a0debb9d3806a08d73
/Users/gokulmallabathula/deep-fake/datasets/raw/Celeb-Youtube-fake/590.mp4,1,,Celeb-Youtube-fake,Celeb-Youtube-fake:590,b9239f87fc68f91576a5213a0561259e07f322f0cfdb2049115dfc9cdf57622e
/Users/gokulmallabathula/deep-fake/datasets/raw/Celeb-Youtube-fake/592.mp4,1,,Celeb-Youtube-fake,Celeb-Youtube-fake:592,df1dcd62d4c7d8fe14fd52718634169311d40c9aec72d41c15aef0177f13d67a
/Users/gokulmallabathula/deep-fake/datasets/raw/Celeb-Youtube-fake/593.mp4,1,,Celeb-Youtube-fake,Celeb-Youtube-fake:593,f3380bcfda7ea68a80d87c9973166c5bfdeaab22ee3a5fd332d825a4f1c9b3a2
/Users/gokulmallabathula/deep-fake/datasets/raw/Celeb-Youtube-fake/594.mp4,1,,Celeb-Youtube-fake,Celeb-Youtube-fake:594,6040471c1542c8cf84473d72d248fcc7841608447c4e36d84bbae9d43c4145a4
/Users/gokulmallabathula/deep-fake/datasets/raw/Celeb-Youtube-fake/595.mp4,1,,Celeb-Youtube-fake,Celeb-Youtube-fake:595,4a297684e861737ac6ddb83616ce1e615eea75edf23de326599608de9295eb09
/Users/gokulmallabathula/deep-fake/datasets/raw/Celeb-Youtube-fake/596.mp4,1,,Celeb-Youtube-fake,Celeb-Youtube-fake:596,ee38b7c0d0c25be5a58ead5e9ff4e8971bf5f8d453c60d534c5f0601cf3834fd
/Users/gokulmallabathula/deep-fake/datasets/raw/Celeb-Youtube-fake/598.mp4,1,,Celeb-Youtube-fake,Celeb-Youtube-fake:598,b7a1366351cf2064c2025ad652ec6fedff866bf044fd299b697e2fc19f8edbf1
/Users/gokulmallabathula/deep-fake/datasets/raw/Celeb-Youtube-fake/599.mp4,1,,Celeb-Youtube-fake,Celeb-Youtube-fake:599,6887782fbe2c6f795d510d92d785e10dcea18784b53a966652a1bad446e317e1
/Users/gokulmallabathula/deep-fake/datasets/raw/Celeb-Youtube-fake/6.mp4,1,,Celeb-Youtube-fake,Celeb-Youtube-fake:6,3e70f7955442c4ce4efb275267f21e22f78a1cc2d4650f8ce5a6a2bfca8f584e
/Users/gokulmallabathula/deep-fake/datasets/raw/Celeb-Youtube-fake/60.mp4,1,,Celeb-Youtube-fake,Celeb-Youtube-fake:60,9fc0b15ef93e4112974a626f665becb1e4622a6e034b3b760bbfbe6f94435128
/Users/gokulmallabathula/deep-fake/datasets/raw/Celeb-Youtube-fake/600.mp4,1,,Celeb-Youtube-fake,Celeb-Youtube-fake:600,c2826fb1964e5faccea97778524e66ba33126bd0c20a3e6ad951f4fc39097b35
/Users/gokulmallabathula/deep-fake/datasets/raw/Celeb-Youtube-fake/601.mp4,1,,Celeb-Youtube-fake,Celeb-Youtube-fake:601,5c2036f3121a85a08382d063b49a01d6148a72ad39ecd95c018dcfeeb8f7774f
/Users/gokulmallabathula/deep-fake/datasets/raw/Celeb-Youtube-fake/602.mp4,1,,Celeb-Youtube-fake,Celeb-Youtube-fake:602,e0366f70fef3a95f337055cf5cec7bc3dd893228e6a9770aee77b6c6812c63d6
/Users/gokulmallabathula/deep-fake/datasets/raw/Celeb-Youtube-fake/603.mp4,1,,Celeb-Youtube-fake,Celeb-Youtube-fake:603,4ee4b431179baa19de8ccbd8cb35c15b07c750437b7c33f93ad32bfb9938b0a9
/Users/gokulmallabathula/deep-fake/datasets/raw/Celeb-Youtube-fake/604.mp4,1,,Celeb-Youtube-fake,Celeb-Youtube-fake:604,45f56dc8a96cb8e90b021bb75cca766cca796dc62c745bb173c7fa1950b48d95
/Users/gokulmallabathula/deep-fake/datasets/raw/Celeb-Youtube-fake/605.mp4,1,,Celeb-Youtube-fake,Celeb-Youtube-fake:605,c2a1a4f1d0afa1d9d8b9314af819309c59d7d4f7a10017502c7fbea94dbb1606
/Users/gokulmallabathula/deep-fake/datasets/raw/Celeb-Youtube-fake/606.mp4,1,,Celeb-Youtube-fake,Celeb-Youtube-fake:606,62f2b6f2ee937ae89ca2c5bbbe0cbc97ed28366941196bae79f597009bc3631e
/Users/gokulmallabathula/deep-fake/datasets/raw/Celeb-Youtube-fake/607.mp4,1,,Celeb-Youtube-fake,Celeb-Youtube-fake:607,3ca604d2f3bb2f4d82c9308aaabbd738141e6879225027938abfc394c37edca5
/Users/gokulmallabathula/deep-fake/datasets/raw/Celeb-Youtube-fake/608.mp4,1,,Celeb-Youtube-fake,Celeb-Youtube-fake:608,42511f5831813560230684e649d1064d75e88f8aa4f04c8741f75a2e36396447
/Users/gokulmallabathula/deep-fake/datasets/raw/Celeb-Youtube-fake/609.mp4,1,,Celeb-Youtube-fake,Celeb-Youtube-fake:609,924ddc21d76e51598936fecef07aab0c4b0db376de5ae9b59b6d7c53b46a8000
/Users/gokulmallabathula/deep-fake/datasets/raw/Celeb-Youtube-fake/61.mp4,1,,Celeb-Youtube-fake,Celeb-Youtube-fake:61,1503617479ff2462f4ed471373fe7f22634e244122b2e51f4a4954c65c1c6886
/Users/gokulmallabathula/deep-fake/datasets/raw/Celeb-Youtube-fake/610.mp4,1,,Celeb-Youtube-fake,Celeb-Youtube-fake:610,73604ecdb10b2bea3d0d7ab2577893dc61d15e24ee836aaa31b15de9db3b2b0c
/Users/gokulmallabathula/deep-fake/datasets/raw/Celeb-Youtube-fake/611.mp4,1,,Celeb-Youtube-fake,Celeb-Youtube-fake:611,c3d734070be5e07887c76dc5ef3753a9e4a8f1c52ff3d816e53607cc357c3ad2
/Users/gokulmallabathula/deep-fake/datasets/raw/Celeb-Youtube-fake/614.mp4,1,,Celeb-Youtube-fake,Celeb-Youtube-fake:614,258cf39a8e9447ebbec7aa1a61fb6278936e9801706f19caf749c796b5a3db45
/Users/gokulmallabathula/deep-fake/datasets/raw/Celeb-Youtube-fake/615.mp4,1,,Celeb-Youtube-fake,Celeb-Youtube-fake:615,6b3e6ae00e553bee92ddf2ee47d26a9f7c9f3528ad13d4a3028651dafcd49ef2
/Users/gokulmallabathula/deep-fake/datasets/raw/Celeb-Youtube-fake/617.mp4,1,,Celeb-Youtube-fake,Celeb-Youtube-fake:617,18b1c11220ed3512d18a8666b3d8d9f9373f3a898b13d01613e723695ca0eeba
/Users/gokulmallabathula/deep-fake/datasets/raw/Celeb-Youtube-fake/618.mp4,1,,Celeb-Youtube-fake,Celeb-Youtube-fake:618,48e6edba2cafe060c4e7ced8181435e0564dfb24fb95e2514b00cd6e8c6bdbaf
/Users/gokulmallabathula/deep-fake/datasets/raw/Celeb-Youtube-fake/619.mp4,1,,Celeb-Youtube-fake,Celeb-Youtube-fake:619,03c2c94039e4a1ec7478c0cf9fc60e93cefe208048c21eb65a7197bd2f4e14fb
/Users/gokulmallabathula/deep-fake/datasets/raw/Celeb-Youtube-fake/62.mp4,1,,Celeb-Youtube-fake,Celeb-Youtube-fake:62,ca41c8ce2e7373eff5fb79091e4905ac5b5536579fe18e9668273dd831de02ed
/Users/gokulmallabathula/deep-fake/datasets/raw/Celeb-Youtube-fake/620.mp4,1,,Celeb-Youtube-fake,Celeb-Youtube-fake:620,02e7b76f9a44eaaf57c6203953406ed093872e198d64b8a3f63ed041fc083ad9
/Users/gokulmallabathula/deep-fake/datasets/raw/Celeb-Youtube-fake/621.mp4,1,,Celeb-Youtube-fake,Celeb-Youtube-fake:621,b4dad87288605d6ebc753a4a92aa6f4ba3d52453ec51994a7bf6edbe82091e50
/Users/gokulmallabathula/deep-fake/datasets/raw/Celeb-Youtube-fake/623.mp4,1,,Celeb-Youtube-fake,Celeb-Youtube-fake:623,ffe3142d9ff9d97d1690cc7b1b9b0f274bfaced6cc3e81e9ca7a18b5e5784466
/Users/gokulmallabathula/deep-fake/datasets/raw/Celeb-Youtube-fake/624.mp4,1,,Celeb-Youtube-fake,Celeb-Youtube-fake:624,bd7a9021273359a6037a0d0b0bcb4186b1e7717fb81a9f2914aad6d538f2f68b
/Users/gokulmallabathula/deep-fake/datasets/raw/Celeb-Youtube-fake/627.mp4,1,,Celeb-Youtube-fake,Celeb-Youtube-fake:627,7ec8e7048d6bd8184594ca88c3811047004fdd769e2c0207271f85c1519e1890
/Users/gokulmallabathula/deep-fake/datasets/raw/Celeb-Youtube-fake/628.mp4,1,,Celeb-Youtube-fake,Celeb-Youtube-fake:628,0989285806a62e10a0954b9bfd201f835890fc318c8e833d952f344ae75bedcd
/Users/gokulmallabathula/deep-fake/datasets/raw/Celeb-Youtube-fake/629.mp4,1,,Celeb-Youtube-fake,Celeb-Youtube-fake:629,288f0bc1ef1e83a4328f6e4e1c5d11555b2e23b00d61e56a68edeec4343a565f
/Users/gokulmallabathula/deep-fake/datasets/raw/Celeb-Youtube-fake/630.mp4,1,,Celeb-Youtube-fake,Celeb-Youtube-fake:630,435b0d7e76a9138400bea9278919c7a711af56aa9a0b905bd2fde64a545fee4e
/Users/gokulmallabathula/deep-fake/datasets/raw/Celeb-Youtube-fake/633.mp4,1,,Celeb-Youtube-fake,Celeb-Youtube-fake:633,8cd67276eb0d51c18fe4a2205ac75fc4e23437c7a28852fd781090df9ba96ebb
/Users/gokulmallabathula/deep-fake/datasets/raw/Celeb-Youtube-fake/635.mp4,1,,Celeb-Youtube-fake,Celeb-Youtube-fake:635,79461f99384b19cc3b6f346ce3a67cf9caffbb66a8633d79ce7b1a51bf076272
/Users/gokulmallabathula/deep-fake/datasets/raw/Celeb-Youtube-fake/636.mp4,1,,Celeb-Youtube-fake,Celeb-Youtube-fake:636,4daeb4cacb02ea0fabc8038d9a21d8945b631b3ef3aec9607644dfe874a96d0a
/Users/gokulmallabathula/deep-fake/datasets/raw/Celeb-Youtube-fake/637.mp4,1,,Celeb-Youtube-fake,Celeb-Youtube-fake:637,da53436fc480f8cbb8d37f0433250f238613512a304d5c2ed9dc7725f3df2836
/Users/gokulmallabathula/deep-fake/datasets/raw/Celeb-Youtube-fake/639.mp4,1,,Celeb-Youtube-fake,Celeb-Youtube-fake:639,5d5f925f0bac410c02a1471c73d2dd99f77dd256414b89bc7b3df3be32d431ad
/Users/gokulmallabathula/deep-fake/datasets/raw/Celeb-Youtube-fake/64.mp4,1,,Celeb-Youtube-fake,Celeb-Youtube-fake:64,0447454bad46d85728fdfd39af64385f637535f95c34c5cb03c913ca5bb634f8
/Users/gokulmallabathula/deep-fake/datasets/raw/Celeb-Youtube-fake/640.mp4,1,,Celeb-Youtube-fake,Celeb-Youtube-fake:640,a51c9fd7abc024126f7023da74e9885c865bfc9d548e13fef2bdbf33e144875c
/Users/gokulmallabathula/deep-fake/datasets/raw/Celeb-Youtube-fake/641.mp4,1,,Celeb-Youtube-fake,Celeb-Youtube-fake:641,e7e2158b6a03282fe5c3813e03259c9e4cc80f88d39f8e143cb0b6d0b59751be
/Users/gokulmallabathula/deep-fake/datasets/raw/Celeb-Youtube-fake/642.mp4,1,,Celeb-Youtube-fake,Celeb-Youtube-fake:642,2bc88ee133235ba04a413df6eef7f7fe1ed4ddd1bb0bdf09704a79770b92213f
/Users/gokulmallabathula/deep-fake/datasets/raw/Celeb-Youtube-fake/643.mp4,1,,Celeb-Youtube-fake,Celeb-Youtube-fake:643,2dd81cbaa5703acca016136f95389b9ef2c947d3f22e79ad7083d6fff58b11b5
/Users/gokulmallabathula/deep-fake/datasets/raw/Celeb-Youtube-fake/646.mp4,1,,Celeb-Youtube-fake,Celeb-Youtube-fake:646,f9dd11ab5f78014316ad9762df3f0e3fee67a0a2ed1769ddff8471450f2b8f88
/Users/gokulmallabathula/deep-fake/datasets/raw/Celeb-Youtube-fake/647.mp4,1,,Celeb-Youtube-fake,Celeb-Youtube-fake:647,5d9a15e5c7708de31de872ba0b5cddac52d65a031d3441e0d6b8742a2f84b795
/Users/gokulmallabathula/deep-fake/datasets/raw/Celeb-Youtube-fake/649.mp4,1,,Celeb-Youtube-fake,Celeb-Youtube-fake:649,96fb3c56332f6de7c573140b03070e1f36cd57795cad000274434658bcee4897
/Users/gokulmallabathula/deep-fake/datasets/raw/Celeb-Youtube-fake/65.mp4,1,,Celeb-Youtube-fake,Celeb-Youtube-fake:65,23f0e183f7da5712082cb9397a935576b5a90f19a801be2370eee5957a74567c
/Users/gokulmallabathula/deep-fake/datasets/raw/Celeb-Youtube-fake/650.mp4,1,,Celeb-Youtube-fake,Celeb-Youtube-fake:650,cd48d55409b3ea23ef83a71f79024873edfd89286ea7fe913d1dd67e0efcc6c1
/Users/gokulmallabathula/deep-fake/datasets/raw/Celeb-Youtube-fake/652.mp4,1,,Celeb-Youtube-fake,Celeb-Youtube-fake:652,ddcabaffc81151bd7b55c2fcdf236b08422a3ed53e211ed11ed16b86a064faea
/Users/gokulmallabathula/deep-fake/datasets/raw/Celeb-Youtube-fake/655.mp4,1,,Celeb-Youtube-fake,Celeb-Youtube-fake:655,e59dd55d967241d717b325703f9ecf4895aefab7c6f230408c10033152edd554
/Users/gokulmallabathula/deep-fake/datasets/raw/Celeb-Youtube-fake/657.mp4,1,,Celeb-Youtube-fake,Celeb-Youtube-fake:657,845da419dfb2625490ba60275d35a373e43e467791994c13cd55e213e2f5c57b
/Users/gokulmallabathula/deep-fake/datasets/raw/Celeb-Youtube-fake/658.mp4,1,,Celeb-Youtube-fake,Celeb-Youtube-fake:658,2fd2d2e6ca7d1244d264533f2b81f5c4699805043fd5c1434a8c7b602abc40d3
/Users/gokulmallabathula/deep-fake/datasets/raw/Celeb-Youtube-fake/659.mp4,1,,Celeb-Youtube-fake,Celeb-Youtube-fake:659,0b8aabdf623ee5ed0c179f54f5a4fbec90e430add065ae513be784e621371529
/Users/gokulmallabathula/deep-fake/datasets/raw/Celeb-Youtube-fake/660.mp4,1,,Celeb-Youtube-fake,Celeb-Youtube-fake:660,cb5384d7216fc975a7471e61d81b08c06ae032912dfdd7614b4c19d0609b6762
/Users/gokulmallabathula/deep-fake/datasets/raw/Celeb-Youtube-fake/663.mp4,1,,Celeb-Youtube-fake,Celeb-Youtube-fake:663,cb2c32a64765ea7caacf254d8ccf04c73dd7c530915105b36942a341d7c0b8ee
/Users/gokulmallabathula/deep-fake/datasets/raw/Celeb-Youtube-fake/664.mp4,1,,Celeb-Youtube-fake,Celeb-Youtube-fake:664,01cc558cd21a3487dcddb177023fa73331b54215a8d320e206f565644605d1f3
/Users/gokulmallabathula/deep-fake/datasets/raw/Celeb-Youtube-fake/666.mp4,1,,Celeb-Youtube-fake,Celeb-Youtube-fake:666,d8af7322d2901d77085d4e3b3a9e02cea0283caa769c2e611050bd417e103851
/Users/gokulmallabathula/deep-fake/datasets/raw/Celeb-Youtube-fake/667.mp4,1,,Celeb-Youtube-fake,Celeb-Youtube-fake:667,0a325e71dc8369cbe90d81410da25648aff0bccf3a96ada2fd0c796f61c8eaad
/Users/gokulmallabathula/deep-fake/datasets/raw/Celeb-Youtube-fake/669.mp4,1,,Celeb-Youtube-fake,Celeb-Youtube-fake:669,5c77b868e00e6c0465fd2fe1abd7804e03344601098140b6bcf5495534ffe544
/Users/gokulmallabathula/deep-fake/datasets/raw/Celeb-Youtube-fake/67.mp4,1,,Celeb-Youtube-fake,Celeb-Youtube-fake:67,b4d8690142791d941d759f02515e5d397aff917d5032d17e8301d1a318c99cf6
/Users/gokulmallabathula/deep-fake/datasets/raw/Celeb-Youtube-fake/670.mp4,1,,Celeb-Youtube-fake,Celeb-Youtube-fake:670,9e8a76fc1c50b40a4f2f80dcb69906c881ce187f8477200e7891826c11f82798
/Users/gokulmallabathula/deep-fake/datasets/raw/Celeb-Youtube-fake/671.mp4,1,,Celeb-Youtube-fake,Celeb-Youtube-fake:671,bf4ef578330649c1f48c6223a44307a616a4d8c4c80e16cc7b82e5adb2607350
/Users/gokulmallabathula/deep-fake/datasets/raw/Celeb-Youtube-fake/673.mp4,1,,Celeb-Youtube-fake,Celeb-Youtube-fake:673,8984aea7d57211086185d597a7def854c81c241e6419b2e258c4ca4d4ae5da82
/Users/gokulmallabathula/deep-fake/datasets/raw/Celeb-Youtube-fake/674.mp4,1,,Celeb-Youtube-fake,Celeb-Youtube-fake:674,7cdefecb523fe5e4d2eb6bb51c1824f467c414f28753ac6f4dc05f26f07ab123
/Users/gokulmallabathula/deep-fake/datasets/raw/Celeb-Youtube-fake/676.mp4,1,,Celeb-Youtube-fake,Celeb-Youtube-fake:676,4c4527f2f11a0fa63a0c5aa4d4615c847c22560f09b9c5c2381564e39b9e108a
/Users/gokulmallabathula/deep-fake/datasets/raw/Celeb-Youtube-fake/677.mp4,1,,Celeb-Youtube-fake,Celeb-Youtube-fake:677,0da8f53babec47ef98290f1f1eda721e9ad4948cfb81b175e13b7b234878250b
/Users/gokulmallabathula/deep-fake/datasets/raw/Celeb-Youtube-fake/678.mp4,1,,Celeb-Youtube-fake,Celeb-Youtube-fake:678,73ec755b93d1233ccfaf6d246d163cedd6d5bc2ecdc5add562ad68772ab7b345
/Users/gokulmallabathula/deep-fake/datasets/raw/Celeb-Youtube-fake/679.mp4,1,,Celeb-Youtube-fake,Celeb-Youtube-fake:679,479063c3f0a9eacb21bb18c7b7383a5e69041d6b5fa041df5d2343d71cac0cc7
/Users/gokulmallabathula/deep-fake/datasets/raw/Celeb-Youtube-fake/68.mp4,1,,Celeb-Youtube-fake,Celeb-Youtube-fake:68,fe109f4ece4226dd6cccfacb1d3b1a6809f6796bceb8d4cae7ad1f5ab5f2463f
/Users/gokulmallabathula/deep-fake/datasets/raw/Celeb-Youtube-fake/681.mp4,1,,Celeb-Youtube-fake,Celeb-Youtube-fake:681,afea400bdbaa1280ae4f0a99723864e424cf816f56d61ff42e9de600d23f2287
/Users/gokulmallabathula/deep-fake/datasets/raw/Celeb-Youtube-fake/682.mp4,1,,Celeb-Youtube-fake,Celeb-Youtube-fake:682,9cc1885bc048c70fb7bb7722805fac5854873f7d3112a00dc1b95f31185d4998
/Users/gokulmallabathula/deep-fake/datasets/raw/Celeb-Youtube-fake/684.mp4,1,,Celeb-Youtube-fake,Celeb-Youtube-fake:684,4bb9c3eacbc444cfd5e8472e4d2234114d5bd29f63ee5635f36a9a3c57cf8524
/Users/gokulmallabathula/deep-fake/datasets/raw/Celeb-Youtube-fake/685.mp4,1,,Celeb-Youtube-fake,Celeb-Youtube-fake:685,3f563522f51a230d84cf3b9388154155a68698b5b06ae56341426b324a1d8b90
/Users/gokulmallabathula/deep-fake/datasets/raw/Celeb-Youtube-fake/686.mp4,1,,Celeb-Youtube-fake,Celeb-Youtube-fake:686,02c82af21c9584a6f1b08cd5327df67dd7e9ca816f498c44e32018ebfbbb78a2
/Users/gokulmallabathula/deep-fake/datasets/raw/Celeb-Youtube-fake/687.mp4,1,,Celeb-Youtube-fake,Celeb-Youtube-fake:687,b4ed58b1084de071f8b97c76ea1573ece5be20de1718c0163d5d01b4ddb11c29
/Users/gokulmallabathula/deep-fake/datasets/raw/Celeb-Youtube-fake/688.mp4,1,,Celeb-Youtube-fake,Celeb-Youtube-fake:688,a34cd884f744c195348ceadac20a61aa69d2e5821f0d473c7f7f002f37e1ae06
/Users/gokulmallabathula/deep-fake/datasets/raw/Celeb-Youtube-fake/689.mp4,1,,Celeb-Youtube-fake,Celeb-Youtube-fake:689,34c674b800da0aed587e06f4fef820593a3abdfe62f6ca2a4cf85a6fcc4885a2
/Users/gokulmallabathula/deep-fake/datasets/raw/Celeb-Youtube-fake/690.mp4,1,,Celeb-Youtube-fake,Celeb-Youtube-fake:690,42ea592f6c3920d5f6a6c479c1a5358ff48e9a8eb021b0c1d51e411ef76c02ee
/Users/gokulmallabathula/deep-fake/datasets/raw/Celeb-Youtube-fake/692.mp4,1,,Celeb-Youtube-fake,Celeb-Youtube-fake:692,8389397dfac993219452e1a415cae9956645ca4125cc7b819f6bb6ad6d7bae6f
/Users/gokulmallabathula/deep-fake/datasets/raw/Celeb-Youtube-fake/693.mp4,1,,Celeb-Youtube-fake,Celeb-Youtube-fake:693,d013cfc2535e95e355c56557d3a17f09b74fa17225cc4a8515b20c33b77080d8
/Users/gokulmallabathula/deep-fake/datasets/raw/Celeb-Youtube-fake/694.mp4,1,,Celeb-Youtube-fake,Celeb-Youtube-fake:694,5782e4b4fcc6c9339601f259aceaa5cf0589b033d3c50b78a2b2e9c8f67a0db1
/Users/gokulmallabathula/deep-fake/datasets/raw/Celeb-Youtube-fake/695.mp4,1,,Celeb-Youtube-fake,Celeb-Youtube-fake:695,10432a8edf06d525cdce8b0def6dfbf4d61ff945143d106309fc9aa77ebfe02f
/Users/gokulmallabathula/deep-fake/datasets/raw/Celeb-Youtube-fake/696.mp4,1,,Celeb-Youtube-fake,Celeb-Youtube-fake:696,850b6db5e731ab511fee1dd7666606d1c74f764b73866b3a9628c3f07dfcf1de
/Users/gokulmallabathula/deep-fake/datasets/raw/Celeb-Youtube-fake/697.mp4,1,,Celeb-Youtube-fake,Celeb-Youtube-fake:697,1bf0950e68a35994ee7300e1b5bf62ac07f0ca584996b3203df3adb9b8a375ea
/Users/gokulmallabathula/deep-fake/datasets/raw/Celeb-Youtube-fake/698.mp4,1,,Celeb-Youtube-fake,Celeb-Youtube-fake:698,ef70c49c33f9490406c528e201ee77d4dee3084194729e70747eea6ff3035af0
/Users/gokulmallabathula/deep-fake/datasets/raw/Celeb-Youtube-fake/70.mp4,1,,Celeb-Youtube-fake,Celeb-Youtube-fake:70,78e0b5e858b3372f84553d7f2c95b345fdf358951f5719debfccbd17d6f8af4e
/Users/gokulmallabathula/deep-fake/datasets/raw/Celeb-Youtube-fake/700.mp4,1,,Celeb-Youtube-fake,Celeb-Youtube-fake:700,0d8d43e47724b2182671980c9df8af9862d6eabfb91e95a4a2903d08795d473a
/Users/gokulmallabathula/deep-fake/datasets/raw/Celeb-Youtube-fake/702.mp4,1,,Celeb-Youtube-fake,Celeb-Youtube-fake:702,018a55116b917c370180b721bf7c79b0b6c67587827d107c7074a118bc61cf6d
/Users/gokulmallabathula/deep-fake/datasets/raw/Celeb-Youtube-fake/703.mp4,1,,Celeb-Youtube-fake,Celeb-Youtube-fake:703,8ee8764cc158441d8bb105e82a1b42973382606cd78c2db243f7535a8abaa0a5
/Users/gokulmallabathula/deep-fake/datasets/raw/Celeb-Youtube-fake/704.mp4,1,,Celeb-Youtube-fake,Celeb-Youtube-fake:704,367093af490dc5252412583928649a448a861a630a3d5e6be4ef88bf6c250579
/Users/gokulmallabathula/deep-fake/datasets/raw/Celeb-Youtube-fake/706.mp4,1,,Celeb-Youtube-fake,Celeb-Youtube-fake:706,f06245b1d85a4aee86a0677862a6d2cb8cee71f5f54578cce0912fea77b2022e
/Users/gokulmallabathula/deep-fake/datasets/raw/Celeb-Youtube-fake/707.mp4,1,,Celeb-Youtube-fake,Celeb-Youtube-fake:707,2558259dd6bf6f18bf56f566169e6717ffd3d8a8847e7a419703a4808db6a594
/Users/gokulmallabathula/deep-fake/datasets/raw/Celeb-Youtube-fake/708.mp4,1,,Celeb-Youtube-fake,Celeb-Youtube-fake:708,4f414136a0ae946c60b19f29c0742576d895740abe1c253c6d6351be92249d9c
/Users/gokulmallabathula/deep-fake/datasets/raw/Celeb-Youtube-fake/709.mp4,1,,Celeb-Youtube-fake,Celeb-Youtube-fake:709,551b7a0c95f41d39927bf92e5c6c1351ff373a51d1f57ba654354670b65a173d
/Users/gokulmallabathula/deep-fake/datasets/raw/Celeb-Youtube-fake/71.mp4,1,,Celeb-Youtube-fake,Celeb-Youtube-fake:71,8d3c28568ac2c0af3f8efa4b81e8e659264182b990f1b72b800cfc9b5342b2a7
/Users/gokulmallabathula/deep-fake/datasets/raw/Celeb-Youtube-fake/711.mp4,1,,Celeb-Youtube-fake,Celeb-Youtube-fake:711,c96bb36acd3707325edc66f7eab4b887cb9305cc292bf5eccda7d0c29930afe1
/Users/gokulmallabathula/deep-fake/datasets/raw/Celeb-Youtube-fake/712.mp4,1,,Celeb-Youtube-fake,Celeb-Youtube-fake:712,232078b9834fa075d1923b6f6471d6d7e00125289bbd491e5502d204fae6b645
/Users/gokulmallabathula/deep-fake/datasets/raw/Celeb-Youtube-fake/713.mp4,1,,Celeb-Youtube-fake,Celeb-Youtube-fake:713,dc78c5ac6044c7bd68db56d4f536bc161c42a96c3ab2809a4ef6705dca7cdc16
/Users/gokulmallabathula/deep-fake/datasets/raw/Celeb-Youtube-fake/714.mp4,1,,Celeb-Youtube-fake,Celeb-Youtube-fake:714,a62311247e9dd5530b7d1abd581ce8d5e163dc404bf2bc20233dd8a8309d422c
/Users/gokulmallabathula/deep-fake/datasets/raw/Celeb-Youtube-fake/715.mp4,1,,Celeb-Youtube-fake,Celeb-Youtube-fake:715,5ec66f28ca7c59dc97afc706f49d6976e752ebf0d2f57e5ef7a2c76b7972ddd4
/Users/gokulmallabathula/deep-fake/datasets/raw/Celeb-Youtube-fake/716.mp4,1,,Celeb-Youtube-fake,Celeb-Youtube-fake:716,9bdcbb8810b84984b819a7d1ff7fd8a0689f73a1570e82ba0183f65258ae3edc
/Users/gokulmallabathula/deep-fake/datasets/raw/Celeb-Youtube-fake/717.mp4,1,,Celeb-Youtube-fake,Celeb-Youtube-fake:717,32cf7766d47e828a74867c0d7badb14176c6fbdbdc29f9ec3b839b5c8255260f
/Users/gokulmallabathula/deep-fake/datasets/raw/Celeb-Youtube-fake/718.mp4,1,,Celeb-Youtube-fake,Celeb-Youtube-fake:718,f4318547acff2db5590fecb51c54e61390aa0e1a7122b8fbe6149e5331147363
/Users/gokulmallabathula/deep-fake/datasets/raw/Celeb-Youtube-fake/72.mp4,1,,Celeb-Youtube-fake,Celeb-Youtube-fake:72,c4e997ca14c374558fc46afb35e2a681de7fd071dba8e3b142781c63c113c34b
/Users/gokulmallabathula/deep-fake/datasets/raw/Celeb-Youtube-fake/721.mp4,1,,Celeb-Youtube-fake,Celeb-Youtube-fake:721,225ead90c008956193ce933d2b54dd6f281f76f8614c70030d675716265fe4fc
/Users/gokulmallabathula/deep-fake/datasets/raw/Celeb-Youtube-fake/722.mp4,1,,Celeb-Youtube-fake,Celeb-Youtube-fake:722,94b832f9bd2e23b3f20fd3addf442325bba3ae8628ff9f4b75a6e6ab79b655f4
/Users/gokulmallabathula/deep-fake/datasets/raw/Celeb-Youtube-fake/724.mp4,1,,Celeb-Youtube-fake,Celeb-Youtube-fake:724,61488b6951b47f949e5080748828c3b65c68788b67e612709c6727d1ee23b88c
/Users/gokulmallabathula/deep-fake/datasets/raw/Celeb-Youtube-fake/726.mp4,1,,Celeb-Youtube-fake,Celeb-Youtube-fake:726,fc742183c100c9eef91262ba73319cca0c0267fc7bf18e610027f8bb758e01bc
/Users/gokulmallabathula/deep-fake/datasets/raw/Celeb-Youtube-fake/727.mp4,1,,Celeb-Youtube-fake,Celeb-Youtube-fake:727,c8d5921fb1846a6b6c8907eed218b9bb44a9d673bbecb16a109bbacb9e83a6e5
/Users/gokulmallabathula/deep-fake/datasets/raw/Celeb-Youtube-fake/728.mp4,1,,Celeb-Youtube-fake,Celeb-Youtube-fake:728,9148d2002bf58e4ddbdf44fd3068bdb9db49752460800da1c0b96fe2e8dd7017
/Users/gokulmallabathula/deep-fake/datasets/raw/Celeb-Youtube-fake/729.mp4,1,,Celeb-Youtube-fake,Celeb-Youtube-fake:729,edda4d0aae4779d2614b25e648e16afcd17dc8797e965fda819a241a59d1a7e2
/Users/gokulmallabathula/deep-fake/datasets/raw/Celeb-Youtube-fake/73.mp4,1,,Celeb-Youtube-fake,Celeb-Youtube-fake:73,983888e389851347d4e60bc3ba23b6395c1fd5577e3bd671d0be64b081504c13
/Users/gokulmallabathula/deep-fake/datasets/raw/Celeb-Youtube-fake/730.mp4,1,,Celeb-Youtube-fake,Celeb-Youtube-fake:730,697116f01d46b5dd15b0c89893dc91f9fa636f0c71093cc737a20a00622b7c62
/Users/gokulmallabathula/deep-fake/datasets/raw/Celeb-Youtube-fake/731.mp4,1,,Celeb-Youtube-fake,Celeb-Youtube-fake:731,1905c78029c99372296526a25448bf45f7670053f14d0aea0d836957245b2d7b
/Users/gokulmallabathula/deep-fake/datasets/raw/Celeb-Youtube-fake/732.mp4,1,,Celeb-Youtube-fake,Celeb-Youtube-fake:732,bf3ba1e33e483ee4990ade2f6cbf238029d31de88c6bf567f41a0ee280a2c7be
/Users/gokulmallabathula/deep-fake/datasets/raw/Celeb-Youtube-fake/733.mp4,1,,Celeb-Youtube-fake,Celeb-Youtube-fake:733,ae4c15e892d327cf9eeb1fa34e33700e7b486a9d2a2f8b3e3e1e9a70c0e4d88b
/Users/gokulmallabathula/deep-fake/datasets/raw/Celeb-Youtube-fake/734.mp4,1,,Celeb-Youtube-fake,Celeb-Youtube-fake:734,032b9cc95a43aad197a7ae2de9375e4ebda936cc9c6012071b3d786725cd089d
/Users/gokulmallabathula/deep-fake/datasets/raw/Celeb-Youtube-fake/735.mp4,1,,Celeb-Youtube-fake,Celeb-Youtube-fake:735,e58e16c7de171b9ac3643c8914aa2841458cb1201fb7779dd0435f612482e0ab
/Users/gokulmallabathula/deep-fake/datasets/raw/Celeb-Youtube-fake/737.mp4,1,,Celeb-Youtube-fake,Celeb-Youtube-fake:737,8bb1a9e0e1427f4687631457c5a47a59370ed84b44478a58385599f53bce85ae
/Users/gokulmallabathula/deep-fake/datasets/raw/Celeb-Youtube-fake/739.mp4,1,,Celeb-Youtube-fake,Celeb-Youtube-fake:739,cb6973377842c9bd2120f64cc2becdcf6228c78d48ec413b9c1404bac005ddeb
/Users/gokulmallabathula/deep-fake/datasets/raw/Celeb-Youtube-fake/74.mp4,1,,Celeb-Youtube-fake,Celeb-Youtube-fake:74,eb351a6c9b74cc3f81736b92d9826d964ac4f938e59dba4f65c363b7eadbbbb7
/Users/gokulmallabathula/deep-fake/datasets/raw/Celeb-Youtube-fake/742.mp4,1,,Celeb-Youtube-fake,Celeb-Youtube-fake:742,6b287024d69a1eba5a2a8cef5222e85bf93e14d3502af3911e6ad41d71bace0e
/Users/gokulmallabathula/deep-fake/datasets/raw/Celeb-Youtube-fake/743.mp4,1,,Celeb-Youtube-fake,Celeb-Youtube-fake:743,94159a08a9be671d47c80617d1a5543a530cb0d4ce9396207849446c35bb7b09
/Users/gokulmallabathula/deep-fake/datasets/raw/Celeb-Youtube-fake/744.mp4,1,,Celeb-Youtube-fake,Celeb-Youtube-fake:744,cc6816b864f29eea7cf4a27e43819a63c8441d1bac431ce8abde341989d1fa48
/Users/gokulmallabathula/deep-fake/datasets/raw/Celeb-Youtube-fake/745.mp4,1,,Celeb-Youtube-fake,Celeb-Youtube-fake:745,db6a4280381acca437a62552b2dec6baa930af2c46d71af821f34fcc0c8e00df
/Users/gokulmallabathula/deep-fake/datasets/raw/Celeb-Youtube-fake/746.mp4,1,,Celeb-Youtube-fake,Celeb-Youtube-fake:746,c4c90df2f88cfe54d23f100557d40d0ea2be95b05ba80b24b63b3cd80b130004
/Users/gokulmallabathula/deep-fake/datasets/raw/Celeb-Youtube-fake/747.mp4,1,,Celeb-Youtube-fake,Celeb-Youtube-fake:747,1b516922282404416e34b47cb4b5f1ffdbf7a23e76aef44a7f7e8701da0a7731
/Users/gokulmallabathula/deep-fake/datasets/raw/Celeb-Youtube-fake/748.mp4,1,,Celeb-Youtube-fake,Celeb-Youtube-fake:748,84b462fdefc9721f73877a9a7cc544fa6eaa64ab26d8866d578568667e9ab811
/Users/gokulmallabathula/deep-fake/datasets/raw/Celeb-Youtube-fake/749.mp4,1,,Celeb-Youtube-fake,Celeb-Youtube-fake:749,7d956068932f62c5f2850621973de7ee06debebf4857d4feb5d2335eff71ed13
/Users/gokulmallabathula/deep-fake/datasets/raw/Celeb-Youtube-fake/75.mp4,1,,Celeb-Youtube-fake,Celeb-Youtube-fake:75,dfe111bbdad1f3f7b82afd0bcbe97abf30185a89f80c58e01991f764b08efa56
/Users/gokulmallabathula/deep-fake/datasets/raw/Celeb-Youtube-fake/750.mp4,1,,Celeb-Youtube-fake,Celeb-Youtube-fake:750,9b289f3acff1b12fc496da54f4788bbbc0664caa963e484d71230c137b35652d
/Users/gokulmallabathula/deep-fake/datasets/raw/Celeb-Youtube-fake/751.mp4,1,,Celeb-Youtube-fake,Celeb-Youtube-fake:751,d82f498de19fa01f459a12f701abcf132f475080fd10b11c4040539703660e90
/Users/gokulmallabathula/deep-fake/datasets/raw/Celeb-Youtube-fake/752.mp4,1,,Celeb-Youtube-fake,Celeb-Youtube-fake:752,7b69dd76eb64f36d09534775860ba08d0ad38f5adce475bc7a6d9a3445bb0aa3
/Users/gokulmallabathula/deep-fake/datasets/raw/Celeb-Youtube-fake/753.mp4,1,,Celeb-Youtube-fake,Celeb-Youtube-fake:753,b9775d879337b626f0d11cf87cc05c3a8bb4bdf94433d113393bf17b5f3c27f1
/Users/gokulmallabathula/deep-fake/datasets/raw/Celeb-Youtube-fake/755.mp4,1,,Celeb-Youtube-fake,Celeb-Youtube-fake:755,bf6caace0f627e64c4c408ce3900d6c5c6ffc96c57ceb766cc5c98127b6e4fa0
/Users/gokulmallabathula/deep-fake/datasets/raw/Celeb-Youtube-fake/756.mp4,1,,Celeb-Youtube-fake,Celeb-Youtube-fake:756,e570a4bdb7452ab53104574191b90d5a8fbdde33c2ee8bd8920465124cc77ffa
/Users/gokulmallabathula/deep-fake/datasets/raw/Celeb-Youtube-fake/758.mp4,1,,Celeb-Youtube-fake,Celeb-Youtube-fake:758,6538df7ef3f939fb34a06aa8a82b91075003788921d26af059089006fe5c02b3
/Users/gokulmallabathula/deep-fake/datasets/raw/Celeb-Youtube-fake/759.mp4,1,,Celeb-Youtube-fake,Celeb-Youtube-fake:759,ea14e49e7c25822de70976aaa54314e8e9a5db1e2944d633b00664988a05367d
/Users/gokulmallabathula/deep-fake/datasets/raw/Celeb-Youtube-fake/76.mp4,1,,Celeb-Youtube-fake,Celeb-Youtube-fake:76,8af3cae1d065fb6b0bc03ddba04e76e7d1f4c1eaf04c20c8fc6425a7603d47ca
/Users/gokulmallabathula/deep-fake/datasets/raw/Celeb-Youtube-fake/760.mp4,1,,Celeb-Youtube-fake,Celeb-Youtube-fake:760,659f9735cd9e914cef76110e82dbe23454ce327899cf12b851551e6f38f69462
/Users/gokulmallabathula/deep-fake/datasets/raw/Celeb-Youtube-fake/761.mp4,1,,Celeb-Youtube-fake,Celeb-Youtube-fake:761,6bd3ee56ea4b4158b97701f04dd003ac8f8cf27ed82c1e8ae1c2e7c42ca44755
/Users/gokulmallabathula/deep-fake/datasets/raw/Celeb-Youtube-fake/765.mp4,1,,Celeb-Youtube-fake,Celeb-Youtube-fake:765,a245570f16293433a4ebc1bd727fc7d004dae55f00d43b89617f042e313e7166
/Users/gokulmallabathula/deep-fake/datasets/raw/Celeb-Youtube-fake/766.mp4,1,,Celeb-Youtube-fake,Celeb-Youtube-fake:766,69290a235bb147a54c7ec1e888391b5bfdcc691b3c1d6244baa02b64bfdc954a
/Users/gokulmallabathula/deep-fake/datasets/raw/Celeb-Youtube-fake/767.mp4,1,,Celeb-Youtube-fake,Celeb-Youtube-fake:767,63dd9c27df1368a3fce0770f1570f38d96112b3281d5f2c9464a6ce50356143f
/Users/gokulmallabathula/deep-fake/datasets/raw/Celeb-Youtube-fake/768.mp4,1,,Celeb-Youtube-fake,Celeb-Youtube-fake:768,7c363e56a54c6f19a56704492e8a3ad1b993b14d9591c17fad0e72080fe470ed
/Users/gokulmallabathula/deep-fake/datasets/raw/Celeb-Youtube-fake/77.mp4,1,,Celeb-Youtube-fake,Celeb-Youtube-fake:77,e2cf391d76402f496e55c8ed1a3c32e24fa789907b5ade1b994d263515b5c052
/Users/gokulmallabathula/deep-fake/datasets/raw/Celeb-Youtube-fake/771.mp4,1,,Celeb-Youtube-fake,Celeb-Youtube-fake:771,5f9be770ef31423e5c338745f9080ace8ba907265c373d9b2912073d2d1ed646
/Users/gokulmallabathula/deep-fake/datasets/raw/Celeb-Youtube-fake/773.mp4,1,,Celeb-Youtube-fake,Celeb-Youtube-fake:773,2346c4a86ddeca0734f3f65bb082d529c7f95e42dc3f633b0aa0e6f839583547
/Users/gokulmallabathula/deep-fake/datasets/raw/Celeb-Youtube-fake/774.mp4,1,,Celeb-Youtube-fake,Celeb-Youtube-fake:774,df08ac92ac40fc44bdb35066eac0d81a090c3ba59a0f43ebcad1cb00b27d4f8d
/Users/gokulmallabathula/deep-fake/datasets/raw/Celeb-Youtube-fake/775.mp4,1,,Celeb-Youtube-fake,Celeb-Youtube-fake:775,1bfc2514c29fd09a7c9545da3663b6c237ccc0723dc2217ed7470e49899c2b97
/Users/gokulmallabathula/deep-fake/datasets/raw/Celeb-Youtube-fake/776.mp4,1,,Celeb-Youtube-fake,Celeb-Youtube-fake:776,e3f4ae888c5046c82583f0fc91b28b4e80d3a661ea9d080a6c45d2d5165082f1
/Users/gokulmallabathula/deep-fake/datasets/raw/Celeb-Youtube-fake/777.mp4,1,,Celeb-Youtube-fake,Celeb-Youtube-fake:777,1d71df91c15b2d150068e7564af9d01ed60e0dea681c643b00c223bf19a60807
/Users/gokulmallabathula/deep-fake/datasets/raw/Celeb-Youtube-fake/778.mp4,1,,Celeb-Youtube-fake,Celeb-Youtube-fake:778,1fe15606d566c3117e6395fcfead38ab62f7f3d274c518dbfe285510cfd68e9d
/Users/gokulmallabathula/deep-fake/datasets/raw/Celeb-Youtube-fake/779.mp4,1,,Celeb-Youtube-fake,Celeb-Youtube-fake:779,76701cbb97e39024e516c1197273c5a7f0e0232a0f0a9dd232cd9cb68cede46d
/Users/gokulmallabathula/deep-fake/datasets/raw/Celeb-Youtube-fake/78.mp4,1,,Celeb-Youtube-fake,Celeb-Youtube-fake:78,c7addc6cced7d190db763905a7e8403f443eda9ea6440fb24f5bb9b04f34bb41
/Users/gokulmallabathula/deep-fake/datasets/raw/Celeb-Youtube-fake/780.mp4,1,,Celeb-Youtube-fake,Celeb-Youtube-fake:780,6ac2a175eda3eca7b56ea7e007623f8da2a9a9662687690a0f57dc12eb0f4eec
/Users/gokulmallabathula/deep-fake/datasets/raw/Celeb-Youtube-fake/782.mp4,1,,Celeb-Youtube-fake,Celeb-Youtube-fake:782,1f1b111773e9ed08d3955d3a507484b1afaa90850ae6f107c42cf6be5b085bf5
/Users/gokulmallabathula/deep-fake/datasets/raw/Celeb-Youtube-fake/783.mp4,1,,Celeb-Youtube-fake,Celeb-Youtube-fake:783,b6856e98cac388082003f6de0088eb28f6fb62bb82cddcee98f45f410cb62727
/Users/gokulmallabathula/deep-fake/datasets/raw/Celeb-Youtube-fake/785.mp4,1,,Celeb-Youtube-fake,Celeb-Youtube-fake:785,bcd56c3e0ef3555666db7d0f9ff495b8714e995308844c98a7aeba08201416fa
/Users/gokulmallabathula/deep-fake/datasets/raw/Celeb-Youtube-fake/789.mp4,1,,Celeb-Youtube-fake,Celeb-Youtube-fake:789,9ef57cd12e6f9658e0e820b9d934845a1f7abcc75bbffb2d2d48994c880d03ff
/Users/gokulmallabathula/deep-fake/datasets/raw/Celeb-Youtube-fake/791.mp4,1,,Celeb-Youtube-fake,Celeb-Youtube-fake:791,5235854b9a650ba0048fb647174f5a4fb93e3f4cd1dc966628e8c375e019cae1
/Users/gokulmallabathula/deep-fake/datasets/raw/Celeb-Youtube-fake/794.mp4,1,,Celeb-Youtube-fake,Celeb-Youtube-fake:794,960d14d3c8678ee380f7f2d102339f94d73949dd43c3af16db114212a21e92f7
/Users/gokulmallabathula/deep-fake/datasets/raw/Celeb-Youtube-fake/795.mp4,1,,Celeb-Youtube-fake,Celeb-Youtube-fake:795,1d01029d3bde3d2209bf9627fd9f2e79362690a1f7741c6fd87cf84e0eadaa50
/Users/gokulmallabathula/deep-fake/datasets/raw/Celeb-Youtube-fake/796.mp4,1,,Celeb-Youtube-fake,Celeb-Youtube-fake:796,dd0208bab0c381d3212c703d144ee6cc08f1c4f75c161ed2841399cedf11cbf2
/Users/gokulmallabathula/deep-fake/datasets/raw/Celeb-Youtube-fake/798.mp4,1,,Celeb-Youtube-fake,Celeb-Youtube-fake:798,d738f14c67baad01f564f170c4a0ff025b4a9bcd9e4b1092dae6aed65d18713b
/Users/gokulmallabathula/deep-fake/datasets/raw/Celeb-Youtube-fake/8.mp4,1,,Celeb-Youtube-fake,Celeb-Youtube-fake:8,199857eaa3ed2c9f0b47044efe007f0efc7d27273c36203d0dc912dfb6858b15
/Users/gokulmallabathula/deep-fake/datasets/raw/Celeb-Youtube-fake/80.mp4,1,,Celeb-Youtube-fake,Celeb-Youtube-fake:80,45aa6ddec3d91982f87c2d7fdbcd85991fe261297ddae9ca253232956a0a191b
/Users/gokulmallabathula/deep-fake/datasets/raw/Celeb-Youtube-fake/800.mp4,1,,Celeb-Youtube-fake,Celeb-Youtube-fake:800,9ace4ab54b82f27cd6dd4e92df70143b471e857feb01aeec11b1c061f2f6c705
/Users/gokulmallabathula/deep-fake/datasets/raw/Celeb-Youtube-fake/801.mp4,1,,Celeb-Youtube-fake,Celeb-Youtube-fake:801,2af3bc7fe4372ea4c27f3609afed3806bb37aca0ab81eb63d0318a2cf8c86f3b
/Users/gokulmallabathula/deep-fake/datasets/raw/Celeb-Youtube-fake/802.mp4,1,,Celeb-Youtube-fake,Celeb-Youtube-fake:802,b52c1c3a832f91ce0f0f2a4162c01d0303a26bea7c02c7e1c486468da1780745
/Users/gokulmallabathula/deep-fake/datasets/raw/Celeb-Youtube-fake/803.mp4,1,,Celeb-Youtube-fake,Celeb-Youtube-fake:803,331d03f0f05e6aec3eb0a0e4c03874fa54fb8170a8c39aa3d8c0997e16680294
/Users/gokulmallabathula/deep-fake/datasets/raw/Celeb-Youtube-fake/806.mp4,1,,Celeb-Youtube-fake,Celeb-Youtube-fake:806,6584eed19394d9ec3db387e9d90ab3f2b463b46fafeef386f54041ac4cfa70ab
/Users/gokulmallabathula/deep-fake/datasets/raw/Celeb-Youtube-fake/807.mp4,1,,Celeb-Youtube-fake,Celeb-Youtube-fake:807,447a15c7781914cb0948fd9d6bf61616ba8968f17a69cf0307ea23341e6e7609
/Users/gokulmallabathula/deep-fake/datasets/raw/Celeb-Youtube-fake/808.mp4,1,,Celeb-Youtube-fake,Celeb-Youtube-fake:808,b0bbcfc0159b6eb64408273a70a9f8fcdc5b5cae734fa27d736326f02e3f6760
/Users/gokulmallabathula/deep-fake/datasets/raw/Celeb-Youtube-fake/809.mp4,1,,Celeb-Youtube-fake,Celeb-Youtube-fake:809,ccea4bcaa02732bea7e8c100a8702983f4a32aa55d3b1464058aadd27d7d859b
/Users/gokulmallabathula/deep-fake/datasets/raw/Celeb-Youtube-fake/81.mp4,1,,Celeb-Youtube-fake,Celeb-Youtube-fake:81,1af4008f5cac21be0ee84b0665250d766d3992c67c85ec66007e3aae2275995c
/Users/gokulmallabathula/deep-fake/datasets/raw/Celeb-Youtube-fake/811.mp4,1,,Celeb-Youtube-fake,Celeb-Youtube-fake:811,ce24bf1a4e13e810ae00d48403423bfcdf1a710e8ea545620360f457670044e6
/Users/gokulmallabathula/deep-fake/datasets/raw/Celeb-Youtube-fake/813.mp4,1,,Celeb-Youtube-fake,Celeb-Youtube-fake:813,14d58b019d1d2a2be3c8293654b00a5fe7c3912267885eb8a9d42cfde411f91f
/Users/gokulmallabathula/deep-fake/datasets/raw/Celeb-Youtube-fake/814.mp4,1,,Celeb-Youtube-fake,Celeb-Youtube-fake:814,0917c6fbd087996b21eaf009fdb29369709312eef5aaaafb939428963016419f
/Users/gokulmallabathula/deep-fake/datasets/raw/Celeb-Youtube-fake/815.mp4,1,,Celeb-Youtube-fake,Celeb-Youtube-fake:815,6d1f865638b737b453d7dc8c89e7fbccbdf18eece031734f0ddd79c10a75cb66
/Users/gokulmallabathula/deep-fake/datasets/raw/Celeb-Youtube-fake/817.mp4,1,,Celeb-Youtube-fake,Celeb-Youtube-fake:817,e9b2fb8fe085f159d3bc9ce65abf42c0b97e2473176e783ea7159bdce4650636
/Users/gokulmallabathula/deep-fake/datasets/raw/Celeb-Youtube-fake/819.mp4,1,,Celeb-Youtube-fake,Celeb-Youtube-fake:819,ebbd070fff1212fcd1401258cfdeb1b4f43a59787aa4f71a23ec73608ebcf703
/Users/gokulmallabathula/deep-fake/datasets/raw/Celeb-Youtube-fake/82.mp4,1,,Celeb-Youtube-fake,Celeb-Youtube-fake:82,08be2a43d809f77d2708853bc835680b9c7edfc3523f512bde28b734d45b7ca2
/Users/gokulmallabathula/deep-fake/datasets/raw/Celeb-Youtube-fake/820.mp4,1,,Celeb-Youtube-fake,Celeb-Youtube-fake:820,960d7650aec7ddaef4e984a023fcfa4fd238d966a891fa23a59a17bc033c75f4
/Users/gokulmallabathula/deep-fake/datasets/raw/Celeb-Youtube-fake/822.mp4,1,,Celeb-Youtube-fake,Celeb-Youtube-fake:822,94b28fd51d6029c9c400174527c0ef417aad62b4c879b3b3f1df8680d295d2b9
/Users/gokulmallabathula/deep-fake/datasets/raw/Celeb-Youtube-fake/824.mp4,1,,Celeb-Youtube-fake,Celeb-Youtube-fake:824,5d86c687ddc3c82fc7d3ecb9f38f06332567bd70744e8ffa3f3a210506440375
/Users/gokulmallabathula/deep-fake/datasets/raw/Celeb-Youtube-fake/825.mp4,1,,Celeb-Youtube-fake,Celeb-Youtube-fake:825,3f05b6270d4f85e0bd75ffacab98d19222ad94bf282a968f5302c2fcdc71a943
/Users/gokulmallabathula/deep-fake/datasets/raw/Celeb-Youtube-fake/826.mp4,1,,Celeb-Youtube-fake,Celeb-Youtube-fake:826,09dd47f7cd4b3a3df7c0f9eb94521c6a32b85c50d89112723b7e6dc288cc8f54
/Users/gokulmallabathula/deep-fake/datasets/raw/Celeb-Youtube-fake/828.mp4,1,,Celeb-Youtube-fake,Celeb-Youtube-fake:828,016754c4eb269bf2bfaf0b2ae9e62c426994fc8b38d3e841e3c8ffa765e36f2f
/Users/gokulmallabathula/deep-fake/datasets/raw/Celeb-Youtube-fake/829.mp4,1,,Celeb-Youtube-fake,Celeb-Youtube-fake:829,2953a41df4dcc1668c1f29d77e41ff616d3d9d76438af5d00a19a7d8817b58ca
/Users/gokulmallabathula/deep-fake/datasets/raw/Celeb-Youtube-fake/83.mp4,1,,Celeb-Youtube-fake,Celeb-Youtube-fake:83,b0aebfb8709540ed4a62cc6afbb7b8d99fc3a5f963da391e9515cf32bd483ea4
/Users/gokulmallabathula/deep-fake/datasets/raw/Celeb-Youtube-fake/831.mp4,1,,Celeb-Youtube-fake,Celeb-Youtube-fake:831,2cb55a63d4188d4512ed98a3b38974752264319422d3ad3d2c9f20f6e5ccf576
/Users/gokulmallabathula/deep-fake/datasets/raw/Celeb-Youtube-fake/832.mp4,1,,Celeb-Youtube-fake,Celeb-Youtube-fake:832,075355494d6e328fd0e8416b72bc856fc17be138965a304205c22e6297cde78f
/Users/gokulmallabathula/deep-fake/datasets/raw/Celeb-Youtube-fake/833.mp4,1,,Celeb-Youtube-fake,Celeb-Youtube-fake:833,527de15350a7df79f6e23b63f022ac413f023e51fcc4a3ccf20d31ef02633172
/Users/gokulmallabathula/deep-fake/datasets/raw/Celeb-Youtube-fake/834.mp4,1,,Celeb-Youtube-fake,Celeb-Youtube-fake:834,79c6ca999c3a076eb3cc3686a07718cbbf934cef3f7e1719d06149b25ed57797
/Users/gokulmallabathula/deep-fake/datasets/raw/Celeb-Youtube-fake/837.mp4,1,,Celeb-Youtube-fake,Celeb-Youtube-fake:837,ca8fc4baeca08aad20b8ed3fa3bc796a6fcad60fa71a5ebcda23d47f182330b3
/Users/gokulmallabathula/deep-fake/datasets/raw/Celeb-Youtube-fake/838.mp4,1,,Celeb-Youtube-fake,Celeb-Youtube-fake:838,5a64c78bebcd300dedef0495d743da0020cd50364a163c13cd5541185472b3f1
/Users/gokulmallabathula/deep-fake/datasets/raw/Celeb-Youtube-fake/839.mp4,1,,Celeb-Youtube-fake,Celeb-Youtube-fake:839,d63a794b6d4ce9186d55877587ebcb1f7d913cbae11ea1d476567cf36ccd1830
/Users/gokulmallabathula/deep-fake/datasets/raw/Celeb-Youtube-fake/840.mp4,1,,Celeb-Youtube-fake,Celeb-Youtube-fake:840,c71f649318c668a74164258ed6e6a2fb7a4c191374ccd005983e801a3ad26b92
/Users/gokulmallabathula/deep-fake/datasets/raw/Celeb-Youtube-fake/841.mp4,1,,Celeb-Youtube-fake,Celeb-Youtube-fake:841,b0d6563a08f2fa77e738e7f931a3a7d139865d8d5f1eff174e369297d50db486
/Users/gokulmallabathula/deep-fake/datasets/raw/Celeb-Youtube-fake/842.mp4,1,,Celeb-Youtube-fake,Celeb-Youtube-fake:842,31876b112f638eb8ea70615e9a28f51ad111e2b82abc03fdf006491d8de0c65d
/Users/gokulmallabathula/deep-fake/datasets/raw/Celeb-Youtube-fake/844.mp4,1,,Celeb-Youtube-fake,Celeb-Youtube-fake:844,17fdcf1884d15e14dcb9fcc9bb63000f025d5417a2e432c8a6a7bf5e4738b478
/Users/gokulmallabathula/deep-fake/datasets/raw/Celeb-Youtube-fake/845.mp4,1,,Celeb-Youtube-fake,Celeb-Youtube-fake:845,2ee709f78f788753e945f05d244868e44116859f1b655d48082a2c12e5766737
/Users/gokulmallabathula/deep-fake/datasets/raw/Celeb-Youtube-fake/846.mp4,1,,Celeb-Youtube-fake,Celeb-Youtube-fake:846,9dcfa577428dba30cf7c9ab7ae64f295e80d912e8cb1720db38ab2a421f3d76c
/Users/gokulmallabathula/deep-fake/datasets/raw/Celeb-Youtube-fake/847.mp4,1,,Celeb-Youtube-fake,Celeb-Youtube-fake:847,187261c801aadca382d6e521a0fdd7c2e7b01bcd7a13dbf7c3544aa247e4c139
/Users/gokulmallabathula/deep-fake/datasets/raw/Celeb-Youtube-fake/848.mp4,1,,Celeb-Youtube-fake,Celeb-Youtube-fake:848,c7f3a04a47b364868595d2d9d290be362b70ed065b26a433893d3d0a3561d5b7
/Users/gokulmallabathula/deep-fake/datasets/raw/Celeb-Youtube-fake/85.mp4,1,,Celeb-Youtube-fake,Celeb-Youtube-fake:85,d143bef93e1ac4ec6120cdca671e1d66722771279b0b407b617494c591ca2cec
/Users/gokulmallabathula/deep-fake/datasets/raw/Celeb-Youtube-fake/851.mp4,1,,Celeb-Youtube-fake,Celeb-Youtube-fake:851,dffdebbda42218197eea576254fa997024aef4a0f8d651f20f885aac11ab50de
/Users/gokulmallabathula/deep-fake/datasets/raw/Celeb-Youtube-fake/853.mp4,1,,Celeb-Youtube-fake,Celeb-Youtube-fake:853,f9fd7bdc5bb6ef0646bbb646ffa175cf6d974651020ee86d0a9abbf9d8f7c282
/Users/gokulmallabathula/deep-fake/datasets/raw/Celeb-Youtube-fake/854.mp4,1,,Celeb-Youtube-fake,Celeb-Youtube-fake:854,14c756ae8c4635ef393a1f240fb7af8157e63b638798bec6f68ce767fc630986
/Users/gokulmallabathula/deep-fake/datasets/raw/Celeb-Youtube-fake/855.mp4,1,,Celeb-Youtube-fake,Celeb-Youtube-fake:855,323498f25adea16689806b3d80aaf3514d7d4300151f834a9b3894a6900b1245
/Users/gokulmallabathula/deep-fake/datasets/raw/Celeb-Youtube-fake/859.mp4,1,,Celeb-Youtube-fake,Celeb-Youtube-fake:859,3d9cc1dcb74c3aac2d4f19ef9b2dd4eaa3101301d006352d1249132e12ea0ebd
/Users/gokulmallabathula/deep-fake/datasets/raw/Celeb-Youtube-fake/86.mp4,1,,Celeb-Youtube-fake,Celeb-Youtube-fake:86,6fad028820e006c66f26da71c64ee080e7a930c34188ae5386edf08ba732e79e
/Users/gokulmallabathula/deep-fake/datasets/raw/Celeb-Youtube-fake/860.mp4,1,,Celeb-Youtube-fake,Celeb-Youtube-fake:860,29a4f466dfd0652ea0452e438607d063936b363259ef7dbf8df32ac13e39cd17
/Users/gokulmallabathula/deep-fake/datasets/raw/Celeb-Youtube-fake/862.mp4,1,,Celeb-Youtube-fake,Celeb-Youtube-fake:862,08e8c6a60b8ee0dc9e7fc119d2c56e149ee22be2a87bcac7e8dc5da7ecd0aee2
/Users/gokulmallabathula/deep-fake/datasets/raw/Celeb-Youtube-fake/863.mp4,1,,Celeb-Youtube-fake,Celeb-Youtube-fake:863,c7621b0e4fd1a90be4c832c565c53a62a0284376d2a0c2f15bc93f2234cc73c4
/Users/gokulmallabathula/deep-fake/datasets/raw/Celeb-Youtube-fake/867.mp4,1,,Celeb-Youtube-fake,Celeb-Youtube-fake:867,85cb35679628104083487ba93e7a4835c771225ff98672f8654eaec8827a8128
/Users/gokulmallabathula/deep-fake/datasets/raw/Celeb-Youtube-fake/868.mp4,1,,Celeb-Youtube-fake,Celeb-Youtube-fake:868,355778fe5458cd8b7396a03c9e57abb42fb48b3ffe7c16fb40178f8f8b65ee8e
/Users/gokulmallabathula/deep-fake/datasets/raw/Celeb-Youtube-fake/869.mp4,1,,Celeb-Youtube-fake,Celeb-Youtube-fake:869,5248f44e2aa246c083e11fbe01959a84f20c28309c5e09cb6008e92492eac49a
/Users/gokulmallabathula/deep-fake/datasets/raw/Celeb-Youtube-fake/87.mp4,1,,Celeb-Youtube-fake,Celeb-Youtube-fake:87,94633ddcbdf2fb6f304e3b9c16d6959b9b19fd44334ad3df1c20f2b2dab1b991
/Users/gokulmallabathula/deep-fake/datasets/raw/Celeb-Youtube-fake/871.mp4,1,,Celeb-Youtube-fake,Celeb-Youtube-fake:871,2ab5b5232e6e834bd54d883a5879dc73946b5f4f8d9aa754411fd2e2d4d338bc
/Users/gokulmallabathula/deep-fake/datasets/raw/Celeb-Youtube-fake/872.mp4,1,,Celeb-Youtube-fake,Celeb-Youtube-fake:872,ad8f6eddceab85b038e95d7accd957c46b6901775ba0c3ab486d11af184e6b15
/Users/gokulmallabathula/deep-fake/datasets/raw/Celeb-Youtube-fake/873.mp4,1,,Celeb-Youtube-fake,Celeb-Youtube-fake:873,a075b31fb0d690cb0a1d8c909fe0adc1c232ef11a06942a3c37a774140cb3f39
/Users/gokulmallabathula/deep-fake/datasets/raw/Celeb-Youtube-fake/874.mp4,1,,Celeb-Youtube-fake,Celeb-Youtube-fake:874,075a0fedff068fb774e9c8764dd7c5ebbaa9fd2c644c8379c43b980f66118a34
/Users/gokulmallabathula/deep-fake/datasets/raw/Celeb-Youtube-fake/875.mp4,1,,Celeb-Youtube-fake,Celeb-Youtube-fake:875,eb7329a65ed19590afd4237476207d23693a0ab6148d3115affb441bce9daf21
/Users/gokulmallabathula/deep-fake/datasets/raw/Celeb-Youtube-fake/877.mp4,1,,Celeb-Youtube-fake,Celeb-Youtube-fake:877,281187a8f3c61de5986337d8da296553fbe73abebb865493efda8013bb5fb92a
/Users/gokulmallabathula/deep-fake/datasets/raw/Celeb-Youtube-fake/879.mp4,1,,Celeb-Youtube-fake,Celeb-Youtube-fake:879,91b35c5f8a217ebfd5ed05622ef5c85402fae076898f1aa466f26f20316958df
/Users/gokulmallabathula/deep-fake/datasets/raw/Celeb-Youtube-fake/881.mp4,1,,Celeb-Youtube-fake,Celeb-Youtube-fake:881,2285972f827c8a7d64bd8b84aca174539aeb1832409b5b27732b7d58ab81f819
/Users/gokulmallabathula/deep-fake/datasets/raw/Celeb-Youtube-fake/882.mp4,1,,Celeb-Youtube-fake,Celeb-Youtube-fake:882,509e63e09a7a6f09279a537250c9082da93616c5d223b3c70c33fc4cf98fe55e
/Users/gokulmallabathula/deep-fake/datasets/raw/Celeb-Youtube-fake/883.mp4,1,,Celeb-Youtube-fake,Celeb-Youtube-fake:883,cc4faf1894c89e473fb95df3c91988d513a21c0a2a05e83e1d7fd0cbefc44bf1
/Users/gokulmallabathula/deep-fake/datasets/raw/Celeb-Youtube-fake/884.mp4,1,,Celeb-Youtube-fake,Celeb-Youtube-fake:884,1a0cfa2408ce063ab4ffd23022d5a9ab7f2029925d1d982361e99dc190ee1f75
/Users/gokulmallabathula/deep-fake/datasets/raw/Celeb-Youtube-fake/885.mp4,1,,Celeb-Youtube-fake,Celeb-Youtube-fake:885,2c4bed7cbb9f44a0b88963a367e6d463b40d90be483b3791e98b141466f17ff0
/Users/gokulmallabathula/deep-fake/datasets/raw/Celeb-Youtube-fake/888.mp4,1,,Celeb-Youtube-fake,Celeb-Youtube-fake:888,6331691ffe41213121e7a956022d797a53d58786f2b6099f008fe9e8ffe699c0
/Users/gokulmallabathula/deep-fake/datasets/raw/Celeb-Youtube-fake/889.mp4,1,,Celeb-Youtube-fake,Celeb-Youtube-fake:889,ced970d6ed44e941fbaf1daf7efadb32fa8820eabc603b4a702c58122fad7830
/Users/gokulmallabathula/deep-fake/datasets/raw/Celeb-Youtube-fake/89.mp4,1,,Celeb-Youtube-fake,Celeb-Youtube-fake:89,1d7b7f0175f26ef8cb49e8e5ad8795d514265b736c845196e5aac82bb58ee602
/Users/gokulmallabathula/deep-fake/datasets/raw/Celeb-Youtube-fake/891.mp4,1,,Celeb-Youtube-fake,Celeb-Youtube-fake:891,4e5f4300ac7587646ec52612f09337660a867cd3f2bb057b81885d30279674eb
/Users/gokulmallabathula/deep-fake/datasets/raw/Celeb-Youtube-fake/892.mp4,1,,Celeb-Youtube-fake,Celeb-Youtube-fake:892,a3344096f49633ce24f7c8bdedc03f4a37e66e6058bff737667e69834447e046
/Users/gokulmallabathula/deep-fake/datasets/raw/Celeb-Youtube-fake/893.mp4,1,,Celeb-Youtube-fake,Celeb-Youtube-fake:893,e176881cb41e2e73407de0905f718e2cd30635c7e1cddd33c2bd4ed665359fdf
/Users/gokulmallabathula/deep-fake/datasets/raw/Celeb-Youtube-fake/894.mp4,1,,Celeb-Youtube-fake,Celeb-Youtube-fake:894,dcfd4509b54ed76050327ee1dc36f58085b5351dd695be0a734b49feb16a6303
/Users/gokulmallabathula/deep-fake/datasets/raw/Celeb-Youtube-fake/895.mp4,1,,Celeb-Youtube-fake,Celeb-Youtube-fake:895,9c27a7e412126b6a4aa979830ef6aafead7d04fad970b69b1d5f245588ddaffc
/Users/gokulmallabathula/deep-fake/datasets/raw/Celeb-Youtube-fake/897.mp4,1,,Celeb-Youtube-fake,Celeb-Youtube-fake:897,ab7688bc6c13161d68b63a56f437bdc3b1228f46b2628c9c7330aecba4d02457
/Users/gokulmallabathula/deep-fake/datasets/raw/Celeb-Youtube-fake/899.mp4,1,,Celeb-Youtube-fake,Celeb-Youtube-fake:899,a43623bc47a103aadc031b1e072b9a919e83ec687be521e302a0fe6f36928f0c
/Users/gokulmallabathula/deep-fake/datasets/raw/Celeb-Youtube-fake/9.mp4,1,,Celeb-Youtube-fake,Celeb-Youtube-fake:9,69a0b2efc0bc3d8447a7eb9bfe7cbecde481c5926063a027d4b07ce70e95a8cd
/Users/gokulmallabathula/deep-fake/datasets/raw/Celeb-Youtube-fake/900.mp4,1,,Celeb-Youtube-fake,Celeb-Youtube-fake:900,55b47f7ce17135ac2516e034927178067aa415f01e2736a7d3582503c0622c14
/Users/gokulmallabathula/deep-fake/datasets/raw/Celeb-Youtube-fake/901.mp4,1,,Celeb-Youtube-fake,Celeb-Youtube-fake:901,52978d89087e2556c91cb70a0b48e1c34225fcd360ebfa4cba09d1be8dcafec3
/Users/gokulmallabathula/deep-fake/datasets/raw/Celeb-Youtube-fake/902.mp4,1,,Celeb-Youtube-fake,Celeb-Youtube-fake:902,1bdfe230045de47e31f371ef7b4efb7b179f791fb200ef743dad7c082957848b
/Users/gokulmallabathula/deep-fake/datasets/raw/Celeb-Youtube-fake/903.mp4,1,,Celeb-Youtube-fake,Celeb-Youtube-fake:903,a1edf6b452899d8541b279825cddc2f69fecc983b87588a27a6d1be2a4640edd
/Users/gokulmallabathula/deep-fake/datasets/raw/Celeb-Youtube-fake/904.mp4,1,,Celeb-Youtube-fake,Celeb-Youtube-fake:904,16a1fe949aa74ef9e5ed98c8a47f9ae428a209c21dc1f93fc7957569b3461244
/Users/gokulmallabathula/deep-fake/datasets/raw/Celeb-Youtube-fake/905.mp4,1,,Celeb-Youtube-fake,Celeb-Youtube-fake:905,3c2427c43c360a318690bcde4b452601d0842afe9d99670c6e0e147da6759890
/Users/gokulmallabathula/deep-fake/datasets/raw/Celeb-Youtube-fake/906.mp4,1,,Celeb-Youtube-fake,Celeb-Youtube-fake:906,0fc379691c2420b7637771465038b98f384e69c813b718fb273bfb995abc4b57
/Users/gokulmallabathula/deep-fake/datasets/raw/Celeb-Youtube-fake/907.mp4,1,,Celeb-Youtube-fake,Celeb-Youtube-fake:907,edaf0dabdf62a201caffb0af241f3c5f08b7509b649641c2d748b4ba5dcf10b1
/Users/gokulmallabathula/deep-fake/datasets/raw/Celeb-Youtube-fake/908.mp4,1,,Celeb-Youtube-fake,Celeb-Youtube-fake:908,c098dded619822eeadb5d218bb38ee530aeec477c7c547e5d98930c01ca0720b
/Users/gokulmallabathula/deep-fake/datasets/raw/Celeb-Youtube-fake/909.mp4,1,,Celeb-Youtube-fake,Celeb-Youtube-fake:909,97e4490144b5480ae6392685d40b4c1ca4d8dafa585a49f1ae5da36d594e892c
/Users/gokulmallabathula/deep-fake/datasets/raw/Celeb-Youtube-fake/91.mp4,1,,Celeb-Youtube-fake,Celeb-Youtube-fake:91,b48d554d7ceeb65e7a9e15e0fe399c2651fb1679fba634930fb5b5bb58801d46
/Users/gokulmallabathula/deep-fake/datasets/raw/Celeb-Youtube-fake/911.mp4,1,,Celeb-Youtube-fake,Celeb-Youtube-fake:911,154098d4fa156a725ce164108e05b1c15d9dbd0f254657c2d10c0a7a9ebb4b86
/Users/gokulmallabathula/deep-fake/datasets/raw/Celeb-Youtube-fake/912.mp4,1,,Celeb-Youtube-fake,Celeb-Youtube-fake:912,7584c15a4c7d93b8759c67a94374cd2d72deb0db74afa1a3315014531fbf7dd1
/Users/gokulmallabathula/deep-fake/datasets/raw/Celeb-Youtube-fake/914.mp4,1,,Celeb-Youtube-fake,Celeb-Youtube-fake:914,d511de04a471fd7d81210aa77a0e71cbb8d0bfc6e1c986723500c41ec20e337d
/Users/gokulmallabathula/deep-fake/datasets/raw/Celeb-Youtube-fake/915.mp4,1,,Celeb-Youtube-fake,Celeb-Youtube-fake:915,ee1e35f4a7e07461433a6fdd04ce7a71e547b847d894fd22dc7abc3b143f6043
/Users/gokulmallabathula/deep-fake/datasets/raw/Celeb-Youtube-fake/918.mp4,1,,Celeb-Youtube-fake,Celeb-Youtube-fake:918,c7d4d888f5ab1d23cb48f61a55b389f754c9f04da80d3af6828d5fcdbd36d96e
/Users/gokulmallabathula/deep-fake/datasets/raw/Celeb-Youtube-fake/919.mp4,1,,Celeb-Youtube-fake,Celeb-Youtube-fake:919,f4767085ff028311ea68dd7779f5c699d3aa508551dfd60a2361f39c36b05fdf
/Users/gokulmallabathula/deep-fake/datasets/raw/Celeb-Youtube-fake/92.mp4,1,,Celeb-Youtube-fake,Celeb-Youtube-fake:92,79686d98d27608f8dbd93ae0e6862e9bc4fc04a8e90c563077af4df0ee6204f6
/Users/gokulmallabathula/deep-fake/datasets/raw/Celeb-Youtube-fake/920.mp4,1,,Celeb-Youtube-fake,Celeb-Youtube-fake:920,1bb00db0c0e948d075c2beac21bcf7bf8340ea04762ed895a2dd83155b73ccf9
/Users/gokulmallabathula/deep-fake/datasets/raw/Celeb-Youtube-fake/923.mp4,1,,Celeb-Youtube-fake,Celeb-Youtube-fake:923,ed1c698b6653c970bafc59fbd9de9f9e233ddaeb3cc0d38ab331dd0d8e4511e9
/Users/gokulmallabathula/deep-fake/datasets/raw/Celeb-Youtube-fake/924.mp4,1,,Celeb-Youtube-fake,Celeb-Youtube-fake:924,2f632745c4b8442ff8f8d0bf201cbbc8f971b524d5cf32414983c45159d635ac
/Users/gokulmallabathula/deep-fake/datasets/raw/Celeb-Youtube-fake/925.mp4,1,,Celeb-Youtube-fake,Celeb-Youtube-fake:925,b6b492a37e679d11e09d0e4aacbbccbd49953cbbe5b6274e9b18d5e88f9f245f
/Users/gokulmallabathula/deep-fake/datasets/raw/Celeb-Youtube-fake/926.mp4,1,,Celeb-Youtube-fake,Celeb-Youtube-fake:926,9417671839fe68624ec74acc06ff15d8e5cacecd92c10fd732e06cfd61ef2c0e
/Users/gokulmallabathula/deep-fake/datasets/raw/Celeb-Youtube-fake/929.mp4,1,,Celeb-Youtube-fake,Celeb-Youtube-fake:929,0261e6bb46b8cfb98417e00046e38d4c2b83a91526bb3e3db91c25a69af8c12c
/Users/gokulmallabathula/deep-fake/datasets/raw/Celeb-Youtube-fake/93.mp4,1,,Celeb-Youtube-fake,Celeb-Youtube-fake:93,2b16817fc58795a33a2b841a7c6b9707c6db65ce40a66c87e999710e673430ba
/Users/gokulmallabathula/deep-fake/datasets/raw/Celeb-Youtube-fake/930.mp4,1,,Celeb-Youtube-fake,Celeb-Youtube-fake:930,c1f908dbef0feca44eb05d0ce758d64cdca2fe328ddb9a7339c84c0ffe2506e4
/Users/gokulmallabathula/deep-fake/datasets/raw/Celeb-Youtube-fake/933.mp4,1,,Celeb-Youtube-fake,Celeb-Youtube-fake:933,37a47a38ecc5b23afa1d062d1e4a276cfe61bf164399b4bcd2962baf8d21618f
/Users/gokulmallabathula/deep-fake/datasets/raw/Celeb-Youtube-fake/934.mp4,1,,Celeb-Youtube-fake,Celeb-Youtube-fake:934,4ba3cbc3407e9b2b2744bbce4f730a644ea1f485621faafab351aade865285db
/Users/gokulmallabathula/deep-fake/datasets/raw/Celeb-Youtube-fake/935.mp4,1,,Celeb-Youtube-fake,Celeb-Youtube-fake:935,3d33c9eecf71da91b625bd1b151d39487199b9c4cb5b622c35aade461e678ca0
/Users/gokulmallabathula/deep-fake/datasets/raw/Celeb-Youtube-fake/936.mp4,1,,Celeb-Youtube-fake,Celeb-Youtube-fake:936,71ee984e00a270e19aeba6e986489c30405dd8c356002f0a24fb78eb048eb372
/Users/gokulmallabathula/deep-fake/datasets/raw/Celeb-Youtube-fake/938.mp4,1,,Celeb-Youtube-fake,Celeb-Youtube-fake:938,9b0d2cee4817a30cd9a8da764a624ca90f555357e4520d5d655b1e84c61bcd2c
/Users/gokulmallabathula/deep-fake/datasets/raw/Celeb-Youtube-fake/939.mp4,1,,Celeb-Youtube-fake,Celeb-Youtube-fake:939,feb0045c90a3afcaee74f63d10fc3b0c594e8830375ede8c3b5fa94133660d57
/Users/gokulmallabathula/deep-fake/datasets/raw/Celeb-Youtube-fake/94.mp4,1,,Celeb-Youtube-fake,Celeb-Youtube-fake:94,3aa7d63789373b1c6e2d77f1b2efd8113b8834283bc874b2952f9d0906c1017f
/Users/gokulmallabathula/deep-fake/datasets/raw/Celeb-Youtube-fake/941.mp4,1,,Celeb-Youtube-fake,Celeb-Youtube-fake:941,7eb06e73288965ba82762dcda6f259a53892c25ed8ef768662e623c6a8340858
/Users/gokulmallabathula/deep-fake/datasets/raw/Celeb-Youtube-fake/942.mp4,1,,Celeb-Youtube-fake,Celeb-Youtube-fake:942,8bd1e0138ad5fedab4b45b29ee04cca890c54b327c0f6a7c37ea1fc65340076a
/Users/gokulmallabathula/deep-fake/datasets/raw/Celeb-Youtube-fake/943.mp4,1,,Celeb-Youtube-fake,Celeb-Youtube-fake:943,5f610223800f07402fd965a043ebaa062cf87c824642f0e91c02911ec9f6b9e9
/Users/gokulmallabathula/deep-fake/datasets/raw/Celeb-Youtube-fake/945.mp4,1,,Celeb-Youtube-fake,Celeb-Youtube-fake:945,332798a6ed5c91240e752aebf746830705651c24cbcb453e29615d416daee604
/Users/gokulmallabathula/deep-fake/datasets/raw/Celeb-Youtube-fake/947.mp4,1,,Celeb-Youtube-fake,Celeb-Youtube-fake:947,81135af8f27751f4a4059903c9dec4c984901cc56a6332fde680dbc7b886c70d
/Users/gokulmallabathula/deep-fake/datasets/raw/Celeb-Youtube-fake/948.mp4,1,,Celeb-Youtube-fake,Celeb-Youtube-fake:948,4555c42ac913d4ff7219f1d3a35678178b656d63d6dc0b1772a052cfeba0ee9c
/Users/gokulmallabathula/deep-fake/datasets/raw/Celeb-Youtube-fake/95.mp4,1,,Celeb-Youtube-fake,Celeb-Youtube-fake:95,f4ff4e8a3644b74911f3986f890da0ad795ce565ae807fc3923fe86344100d66
/Users/gokulmallabathula/deep-fake/datasets/raw/Celeb-Youtube-fake/950.mp4,1,,Celeb-Youtube-fake,Celeb-Youtube-fake:950,a6fae6c2e987ad71d1bb505ec5a428362a4ab93116b2bc2cde950f744cd891a8
/Users/gokulmallabathula/deep-fake/datasets/raw/Celeb-Youtube-fake/951.mp4,1,,Celeb-Youtube-fake,Celeb-Youtube-fake:951,9595f0160ce47fd6861726c2cf0190158d27c14ba95c276bf4dff29d0951ac34
/Users/gokulmallabathula/deep-fake/datasets/raw/Celeb-Youtube-fake/952.mp4,1,,Celeb-Youtube-fake,Celeb-Youtube-fake:952,c3c00eb239206eca8d9de14c74c1a81fefd88a919dfd3cd31915fa8f48d786bb
/Users/gokulmallabathula/deep-fake/datasets/raw/Celeb-Youtube-fake/953.mp4,1,,Celeb-Youtube-fake,Celeb-Youtube-fake:953,49261ac2f6153f1b5f5cd6684d1c42f41bd87689e77a3ed0c0f498eb7de563a1
/Users/gokulmallabathula/deep-fake/datasets/raw/Celeb-Youtube-fake/955.mp4,1,,Celeb-Youtube-fake,Celeb-Youtube-fake:955,873c4d61566145d6bcd280ff611e0a005ff4a147e88393d4732b5ef8875fbbd8
/Users/gokulmallabathula/deep-fake/datasets/raw/Celeb-Youtube-fake/956.mp4,1,,Celeb-Youtube-fake,Celeb-Youtube-fake:956,1b0c77f24d86f9f89a92e76bb7017d1795c476ae8b8901efd0208f8139b16162
/Users/gokulmallabathula/deep-fake/datasets/raw/Celeb-Youtube-fake/958.mp4,1,,Celeb-Youtube-fake,Celeb-Youtube-fake:958,e0f59a0e034475c92288379d473f2a069014d90e7877cb5ee241add64c6a6e7a
/Users/gokulmallabathula/deep-fake/datasets/raw/Celeb-Youtube-fake/960.mp4,1,,Celeb-Youtube-fake,Celeb-Youtube-fake:960,769085bfb7b2e3335fd43a934e78cac3640e015479fc912433d6e6c949d9a3c6
/Users/gokulmallabathula/deep-fake/datasets/raw/Celeb-Youtube-fake/961.mp4,1,,Celeb-Youtube-fake,Celeb-Youtube-fake:961,3d29ce92d30e3d45a57ca5682c3abd1a6699af28ed05a2a086e3b50ca6eacbe8
/Users/gokulmallabathula/deep-fake/datasets/raw/Celeb-Youtube-fake/963.mp4,1,,Celeb-Youtube-fake,Celeb-Youtube-fake:963,6cb5fd7ea11a1d40b48cfca510eea6218ba2af7b24930b914327111fd8a4390d
/Users/gokulmallabathula/deep-fake/datasets/raw/Celeb-Youtube-fake/965.mp4,1,,Celeb-Youtube-fake,Celeb-Youtube-fake:965,f3e2405a135d172345bb57023a623a986ac0c6001756fabf9f4552aa839fb07d
/Users/gokulmallabathula/deep-fake/datasets/raw/Celeb-Youtube-fake/967.mp4,1,,Celeb-Youtube-fake,Celeb-Youtube-fake:967,6a604dee81e09432ecc38452e1264c4fe6aea7aca3d8136458ea7ba39c15cac2
/Users/gokulmallabathula/deep-fake/datasets/raw/Celeb-Youtube-fake/97.mp4,1,,Celeb-Youtube-fake,Celeb-Youtube-fake:97,244d48f987bf1e725cb7ae709b977cb4e6665c982565ca43d67716d50bd61379
/Users/gokulmallabathula/deep-fake/datasets/raw/Celeb-Youtube-fake/970.mp4,1,,Celeb-Youtube-fake,Celeb-Youtube-fake:970,08ea53cb25acb409844760315e2040b0025de12a1102ce8a5e5c3555d604454e
/Users/gokulmallabathula/deep-fake/datasets/raw/Celeb-Youtube-fake/972.mp4,1,,Celeb-Youtube-fake,Celeb-Youtube-fake:972,764386bcd61e4dc221df431db8eb5dccbed5b1f8f047c2db7be1bfab140aeaa0
/Users/gokulmallabathula/deep-fake/datasets/raw/Celeb-Youtube-fake/973.mp4,1,,Celeb-Youtube-fake,Celeb-Youtube-fake:973,b585508900cf40d5bb960195db61d08650b21338bba1c26aab8ade0a3af27a97
/Users/gokulmallabathula/deep-fake/datasets/raw/Celeb-Youtube-fake/975.mp4,1,,Celeb-Youtube-fake,Celeb-Youtube-fake:975,79e059f6bacca37079107d884e71087bb6edcd350bf0b93a140721d7bb9b8fc5
/Users/gokulmallabathula/deep-fake/datasets/raw/Celeb-Youtube-fake/976.mp4,1,,Celeb-Youtube-fake,Celeb-Youtube-fake:976,7e747c0371fa7fa928d086ae22e4d06ef05931c5d56ac7ddf2ef3e7e4ef3e2c4
/Users/gokulmallabathula/deep-fake/datasets/raw/Celeb-Youtube-fake/977.mp4,1,,Celeb-Youtube-fake,Celeb-Youtube-fake:977,00b3e59a6979fb6ef515e6dd6a01c7338267a7ad128ee7aff1cdae44d03b0650
/Users/gokulmallabathula/deep-fake/datasets/raw/Celeb-Youtube-fake/978.mp4,1,,Celeb-Youtube-fake,Celeb-Youtube-fake:978,60d467e4d21cecdfec743fbf5b9e8f3c72be522866d942ac955588b485d0855c
/Users/gokulmallabathula/deep-fake/datasets/raw/Celeb-Youtube-fake/979.mp4,1,,Celeb-Youtube-fake,Celeb-Youtube-fake:979,cf0a7659f6176405cadb070caeb00b7116f8b769247ca48ea6e6b4576f98bc3e
/Users/gokulmallabathula/deep-fake/datasets/raw/Celeb-Youtube-fake/98.mp4,1,,Celeb-Youtube-fake,Celeb-Youtube-fake:98,633251f2c0d2291899cb8e1c011ca1d338cef17e9361f9461cb14d1c5f06aa59
/Users/gokulmallabathula/deep-fake/datasets/raw/Celeb-Youtube-fake/981.mp4,1,,Celeb-Youtube-fake,Celeb-Youtube-fake:981,87b29aa6d4ed5a39f5df079b4d8095140c6d696ad4dc0328207447225739cbd1
/Users/gokulmallabathula/deep-fake/datasets/raw/Celeb-Youtube-fake/982.mp4,1,,Celeb-Youtube-fake,Celeb-Youtube-fake:982,e4824be687ff62ca0a9018c098525eb066c71d583e7e5f2d428f20fc96f53dea
/Users/gokulmallabathula/deep-fake/datasets/raw/Celeb-Youtube-fake/984.mp4,1,,Celeb-Youtube-fake,Celeb-Youtube-fake:984,afeebb496b14a66ea69346a3c22375bb1ad8830be00830a5bfb439eeb3a9bf3f
/Users/gokulmallabathula/deep-fake/datasets/raw/Celeb-Youtube-fake/985.mp4,1,,Celeb-Youtube-fake,Celeb-Youtube-fake:985,fc4397a07e901dad5d4e46d078b9378d2331f9d2fd64dcaea593572ca7790183
/Users/gokulmallabathula/deep-fake/datasets/raw/Celeb-Youtube-fake/986.mp4,1,,Celeb-Youtube-fake,Celeb-Youtube-fake:986,a54f241dfd5ca9920aba89d1d3938a26f071b183dab0de9620f311e20197c278
/Users/gokulmallabathula/deep-fake/datasets/raw/Celeb-Youtube-fake/987.mp4,1,,Celeb-Youtube-fake,Celeb-Youtube-fake:987,f6d8c1f2da05325786da16ea307adfbceeacee80d3420df470c41d3fdc95885e
/Users/gokulmallabathula/deep-fake/datasets/raw/Celeb-Youtube-fake/988.mp4,1,,Celeb-Youtube-fake,Celeb-Youtube-fake:988,ccb16e0e39d6dae10c0227be8a026bc22eb414d1f7997047e008f0d93b3dabee
/Users/gokulmallabathula/deep-fake/datasets/raw/Celeb-Youtube-fake/99.mp4,1,,Celeb-Youtube-fake,Celeb-Youtube-fake:99,0d76a4d0d91a76260e03cae6e20b7c79686f28c96479fbbb466befd531c77658
/Users/gokulmallabathula/deep-fake/datasets/raw/Celeb-Youtube-fake/990.mp4,1,,Celeb-Youtube-fake,Celeb-Youtube-fake:990,524b0503ebfc62366615736741ecb3101cc2cef62738680e2d3b5401e4b5eaa9
/Users/gokulmallabathula/deep-fake/datasets/raw/Celeb-Youtube-fake/991.mp4,1,,Celeb-Youtube-fake,Celeb-Youtube-fake:991,be2592147fea07ebff4d40a1bdccba19f564d1403009b1b4275790bb4e0029b5
/Users/gokulmallabathula/deep-fake/datasets/raw/Celeb-Youtube-fake/992.mp4,1,,Celeb-Youtube-fake,Celeb-Youtube-fake:992,5b8dda69c14129009a6651d94b646cdc3a9e374752164de7b7aa21ae605e6bf2
/Users/gokulmallabathula/deep-fake/datasets/raw/Celeb-Youtube-fake/994.mp4,1,,Celeb-Youtube-fake,Celeb-Youtube-fake:994,eaee42034e622d5086a14b45fa1ea2594f93ff9c82b82e69eef2d5164aeec0cd
/Users/gokulmallabathula/deep-fake/datasets/raw/Celeb-Youtube-fake/995.mp4,1,,Celeb-Youtube-fake,Celeb-Youtube-fake:995,e1a461979962fbe85eba7aef01bf712a1b72b66507d92680fd0eac1682f4d57a
/Users/gokulmallabathula/deep-fake/datasets/raw/Celeb-Youtube-fake/996.mp4,1,,Celeb-Youtube-fake,Celeb-Youtube-fake:996,a34d38635aafd049a38cd8238149919e3e0719360ae0ad983df5b3b165978530
/Users/gokulmallabathula/deep-fake/datasets/raw/Celeb-Youtube-fake/997.mp4,1,,Celeb-Youtube-fake,Celeb-Youtube-fake:997,3d34e6c1b75571c6e9b03819c169aba7d2519f59cb9ccbf630d4a07d2942cfa4
/Users/gokulmallabathula/deep-fake/datasets/raw/Celeb-Youtube-fake/998.mp4,1,,Celeb-Youtube-fake,Celeb-Youtube-fake:998,6f50cfb485630b8916df3080262f6992f2de81110312a373b6e07508bf124d8f
/Users/gokulmallabathula/deep-fake/datasets/raw/Celeb-Youtube-fake/999.mp4,1,,Celeb-Youtube-fake,Celeb-Youtube-fake:999,3d8973f9a6d46a113ea410ba78f3fd59b74eeb94bde8ce90be882a6434c9af9b
/Users/gokulmallabathula/deep-fake/datasets/raw/Celeb-real/0.mp4,0,,Celeb-real,Celeb-real:0,1e85b05c2437da8c5cafe426b4455a2845aa82bb3f5e6ff701010d52bc6df419
/Users/gokulmallabathula/deep-fake/datasets/raw/Celeb-real/10.mp4,0,,Celeb-real,Celeb-real:10,114566a343b3fed1bb85fc1534e8765bc6d7f8ad4a6544cf27fe4544c0dca57e
/Users/gokulmallabathula/deep-fake/datasets/raw/Celeb-real/100.mp4,0,,Celeb-real,Celeb-real:100,766c327dc7b8c1790f403c879cd7281f39adbaeeef154be862e45bbe133ec615
/Users/gokulmallabathula/deep-fake/datasets/raw/Celeb-real/101.mp4,0,,Celeb-real,Celeb-real:101,246c656796b1ded8a09b3428ef3bbe79ba3a7683a864afef28c010b25c17f71a
/Users/gokulmallabathula/deep-fake/datasets/raw/Celeb-real/105.mp4,0,,Celeb-real,Celeb-real:105,aa9b924468385a7788d51205fac8376dac24915c0a6c488a87cf4fa4b4bb0c03
/Users/gokulmallabathula/deep-fake/datasets/raw/Celeb-real/106.mp4,0,,Celeb-real,Celeb-real:106,4d51c73a2edce471f1685e0f762718a0dc356150f6b5d8aa1227f30b3c908e23
/Users/gokulmallabathula/deep-fake/datasets/raw/Celeb-real/107.mp4,0,,Celeb-real,Celeb-real:107,a68bbf14e95677699503084cc4ec844d0e1a179f988169f6f3bf8369c59fff31
/Users/gokulmallabathula/deep-fake/datasets/raw/Celeb-real/108.mp4,0,,Celeb-real,Celeb-real:108,2746ef22758542dda8d02824930c01fa939a7a0ac82ced0d2ce40b4b807a4b3d
/Users/gokulmallabathula/deep-fake/datasets/raw/Celeb-real/109.mp4,0,,Celeb-real,Celeb-real:109,cb7b01307f2150fed581717ea1c8cf043c87c04183aa48645267cdd76ee24c7e
/Users/gokulmallabathula/deep-fake/datasets/raw/Celeb-real/11.mp4,0,,Celeb-real,Celeb-real:11,3dfdb98e215f2f4b8a236819cfb0ed0925bbbdb32a67abf83cb69f2487b6fb2f
/Users/gokulmallabathula/deep-fake/datasets/raw/Celeb-real/110.mp4,0,,Celeb-real,Celeb-real:110,c9ea7527b189c31cbf5b249ea16d7d298db6a64c1f89e069ec69830f6c4efe89
/Users/gokulmallabathula/deep-fake/datasets/raw/Celeb-real/111.mp4,0,,Celeb-real,Celeb-real:111,33df1233b554750805b858a5637ef33db24272f158f09dc1674f754612d7723f
/Users/gokulmallabathula/deep-fake/datasets/raw/Celeb-real/113.mp4,0,,Celeb-real,Celeb-real:113,86ed40ab11b3e7b4485f85576e501589ee4240d2b6fc6c278bdf1bfec3ea644f
/Users/gokulmallabathula/deep-fake/datasets/raw/Celeb-real/114.mp4,0,,Celeb-real,Celeb-real:114,4ee2486f1d6e4d7b5a318141b7c2f791808dd4a8aebb0dcb469b578fee4c6086
/Users/gokulmallabathula/deep-fake/datasets/raw/Celeb-real/116.mp4,0,,Celeb-real,Celeb-real:116,c4ce6b687ac54223f6f47e89768cabab98602a0735d76e902fd437ca70e7a3ca
/Users/gokulmallabathula/deep-fake/datasets/raw/Celeb-real/117.mp4,0,,Celeb-real,Celeb-real:117,9a1bd320dfe720c033332dadb0f6831dfee60d2546ae4ff4d21be6aad6ab49d0
/Users/gokulmallabathula/deep-fake/datasets/raw/Celeb-real/119.mp4,0,,Celeb-real,Celeb-real:119,b7b686c2517be8c9f89e720a9fc8a38c3d92a6e9ebb1628ec7c7d144d044a99b
/Users/gokulmallabathula/deep-fake/datasets/raw/Celeb-real/12.mp4,0,,Celeb-real,Celeb-real:12,ee9124665ea6ef53350748af0a094615c653f24ed5320fa284be039fc13569ae
/Users/gokulmallabathula/deep-fake/datasets/raw/Celeb-real/120.mp4,0,,Celeb-real,Celeb-real:120,aa20fc2e727c21d1e760491819281635c9bec402c3511285c619566d9ab199c9
/Users/gokulmallabathula/deep-fake/datasets/raw/Celeb-real/121.mp4,0,,Celeb-real,Celeb-real:121,a71c6bf0c8d211459d0f48c0ca01edabe181c2632c76726eab362db8f7082942
/Users/gokulmallabathula/deep-fake/datasets/raw/Celeb-real/122.mp4,0,,Celeb-real,Celeb-real:122,e6d69a6e3a75d62bc19ee5a7c879e29d59470100e223b3b3c89fc9887b8ad80b
/Users/gokulmallabathula/deep-fake/datasets/raw/Celeb-real/123.mp4,0,,Celeb-real,Celeb-real:123,ad32166682c132d7873f6d435baf4012054f558d1b819fe460bf8b366270479b
/Users/gokulmallabathula/deep-fake/datasets/raw/Celeb-real/124.mp4,0,,Celeb-real,Celeb-real:124,84db9302d1ecb68f065e5529a7bac6edd9b42f02305f3b6f814b76f84915eeca
/Users/gokulmallabathula/deep-fake/datasets/raw/Celeb-real/125.mp4,0,,Celeb-real,Celeb-real:125,9f957ec8f1948141750432fd7f0a058395bc50286f059266873482c97f7bd7db
/Users/gokulmallabathula/deep-fake/datasets/raw/Celeb-real/126.mp4,0,,Celeb-real,Celeb-real:126,9f0f8edbff4b3064f685d9a1858a224bfe645bf40cec9a62f8f066a926dc8589
/Users/gokulmallabathula/deep-fake/datasets/raw/Celeb-real/127.mp4,0,,Celeb-real,Celeb-real:127,902dc989ddddb580a08f76da1bbd9b4a472893941060b2f0a75ecc8ad0a4d8f8
/Users/gokulmallabathula/deep-fake/datasets/raw/Celeb-real/128.mp4,0,,Celeb-real,Celeb-real:128,70ee8efabb700500e4e02d04450ff0a53a9d428a403255f585c69c734196e586
/Users/gokulmallabathula/deep-fake/datasets/raw/Celeb-real/129.mp4,0,,Celeb-real,Celeb-real:129,d1575a7fea7eb6ed5b672f94788de05177c01be23816ca22a71066c054db6c2c
/Users/gokulmallabathula/deep-fake/datasets/raw/Celeb-real/13.mp4,0,,Celeb-real,Celeb-real:13,6440b876d0b782dc94d4c1a3a89220d18ca7ed31daa09359693bbf6128bed639
/Users/gokulmallabathula/deep-fake/datasets/raw/Celeb-real/130.mp4,0,,Celeb-real,Celeb-real:130,6adb36be8fe20577c0f7ba2c438df5cd475d6ff5f2ff5fd6b754ed0e204491ef
/Users/gokulmallabathula/deep-fake/datasets/raw/Celeb-real/131.mp4,0,,Celeb-real,Celeb-real:131,6acab66ca425f3a4a960ab4aa9539fb12cd919c35ca3c7cb32f3d9ce0abce1f7
/Users/gokulmallabathula/deep-fake/datasets/raw/Celeb-real/132.mp4,0,,Celeb-real,Celeb-real:132,cd27ad0b03f1c01b412c4e3dc4c552e05a1a115693f523ba3475fb6c7b69b582
/Users/gokulmallabathula/deep-fake/datasets/raw/Celeb-real/135.mp4,0,,Celeb-real,Celeb-real:135,231abf7f3cc2b067d90048e7c17dd5672d5ca53b3663edee085bc73df68152e2
/Users/gokulmallabathula/deep-fake/datasets/raw/Celeb-real/136.mp4,0,,Celeb-real,Celeb-real:136,30089a029239e32fb2b207e224438b8a67bcd104f1843efdde7d3f2f5f3bfbee
/Users/gokulmallabathula/deep-fake/datasets/raw/Celeb-real/137.mp4,0,,Celeb-real,Celeb-real:137,9a802541594f8ca32529b24e2e288371ec76dfb1245cd83f420871e76a50fedd
/Users/gokulmallabathula/deep-fake/datasets/raw/Celeb-real/139.mp4,0,,Celeb-real,Celeb-real:139,db552f9e1c1c3c9889de7bd41c6d33698ffd29a07f24f40ad83372928de10aa7
/Users/gokulmallabathula/deep-fake/datasets/raw/Celeb-real/14.mp4,0,,Celeb-real,Celeb-real:14,cd30fb31c377d611f6f38584356172b40f27ca2ca1c4b813937cfd5dd058563e
/Users/gokulmallabathula/deep-fake/datasets/raw/Celeb-real/141.mp4,0,,Celeb-real,Celeb-real:141,2a8767ab6c0c435dd899b9884bde174eef08d768adbd3c050115164c7703f25b
/Users/gokulmallabathula/deep-fake/datasets/raw/Celeb-real/142.mp4,0,,Celeb-real,Celeb-real:142,14379737e9f880b82125d3992e8d21a8770529885f12aaba6e530c46a14c6b17
/Users/gokulmallabathula/deep-fake/datasets/raw/Celeb-real/143.mp4,0,,Celeb-real,Celeb-real:143,19e69fd8f3017ce1002bffd6148bfd8b34714d6a606cdc8e9d608aced4d152a6
/Users/gokulmallabathula/deep-fake/datasets/raw/Celeb-real/144.mp4,0,,Celeb-real,Celeb-real:144,5ced599b768199accc418902340df3633491d3a3a0570fbaf9b89af1c555ff69
/Users/gokulmallabathula/deep-fake/datasets/raw/Celeb-real/145.mp4,0,,Celeb-real,Celeb-real:145,038bfce41415c7ce4e2d1bfa6bbf3db33851a52b7e57b1eee7d1880a44f375f4
/Users/gokulmallabathula/deep-fake/datasets/raw/Celeb-real/147.mp4,0,,Celeb-real,Celeb-real:147,efbe617693c6d0f16ba3fd364a212c620fe456523fd3f344dbcaed0d7f4a154a
/Users/gokulmallabathula/deep-fake/datasets/raw/Celeb-real/148.mp4,0,,Celeb-real,Celeb-real:148,a71650d33e859e8cfd4e3d6e1efcf717364424f224ad4159787824f3b50de8ca
/Users/gokulmallabathula/deep-fake/datasets/raw/Celeb-real/149.mp4,0,,Celeb-real,Celeb-real:149,cb41879f9baf4dbc51b333b75a5b2397f8cc74296fd5d68f5a5bf4b1a805c267
/Users/gokulmallabathula/deep-fake/datasets/raw/Celeb-real/150.mp4,0,,Celeb-real,Celeb-real:150,76ca9367992659c17c33e090067009bb4170bb951bef67288e799dae7e00524f
/Users/gokulmallabathula/deep-fake/datasets/raw/Celeb-real/151.mp4,0,,Celeb-real,Celeb-real:151,fb68651396bce0195ee704e56d2bb5167eadf5e08fa1785a6cb23e4b3791f101
/Users/gokulmallabathula/deep-fake/datasets/raw/Celeb-real/152.mp4,0,,Celeb-real,Celeb-real:152,e8dbcb37d9e9a4d3c2a7db0b23fe665ff79cfb96e3e651eb70e02b55bfb30828
/Users/gokulmallabathula/deep-fake/datasets/raw/Celeb-real/153.mp4,0,,Celeb-real,Celeb-real:153,53a08fbdf49b0349fbea58f26c3b3876be06f593a585ca3ab5996921765fe0e5
/Users/gokulmallabathula/deep-fake/datasets/raw/Celeb-real/154.mp4,0,,Celeb-real,Celeb-real:154,4336c1aa48bf2117469d603d8a7e245885aa4d6bd37d28fb4af7de4b79d455ef
/Users/gokulmallabathula/deep-fake/datasets/raw/Celeb-real/155.mp4,0,,Celeb-real,Celeb-real:155,336ebb9e8274de81181a2091e572f08be03f05df3fc9e6ec564314332cf02e5c
/Users/gokulmallabathula/deep-fake/datasets/raw/Celeb-real/156.mp4,0,,Celeb-real,Celeb-real:156,a87a7c27cdc5f25892951cc112fbb4fe308c006299452f9babfe2fe79afb9224
/Users/gokulmallabathula/deep-fake/datasets/raw/Celeb-real/158.mp4,0,,Celeb-real,Celeb-real:158,fee039c1354ee188821fa56d4f896100a1e2a0d20a75a63dbca2abd7a90d4be0
/Users/gokulmallabathula/deep-fake/datasets/raw/Celeb-real/159.mp4,0,,Celeb-real,Celeb-real:159,3ca625f431092e5307575b42e13cfbc72cda6f07fb2738dc2e737b571a66cad9
/Users/gokulmallabathula/deep-fake/datasets/raw/Celeb-real/16.mp4,0,,Celeb-real,Celeb-real:16,68c5a5eae6d995d2ad838c7d0f3e1e4dfd37e8001439b5633e9df3f578532539
/Users/gokulmallabathula/deep-fake/datasets/raw/Celeb-real/160.mp4,0,,Celeb-real,Celeb-real:160,f1466f94648aae07de71253c33da3cdcb9b46d09c885c38500e744e0ce8c79f9
/Users/gokulmallabathula/deep-fake/datasets/raw/Celeb-real/162.mp4,0,,Celeb-real,Celeb-real:162,d3d715766479b951f631800e226181bad05e833e19f6f921dfa5792be74bcbf4
/Users/gokulmallabathula/deep-fake/datasets/raw/Celeb-real/163.mp4,0,,Celeb-real,Celeb-real:163,50b3736683e66527ee25443cbd26a659ff06371a446e473b05dcd55564e31663
/Users/gokulmallabathula/deep-fake/datasets/raw/Celeb-real/164.mp4,0,,Celeb-real,Celeb-real:164,2a5f9899d31c7e198bb110f9c6af4c1b130c80c585d85e9f499c492c7c712666
/Users/gokulmallabathula/deep-fake/datasets/raw/Celeb-real/165.mp4,0,,Celeb-real,Celeb-real:165,e9f96c25ceee7d0217c01ddff66d513d81c1e808657ebf5f7dbde6fb57647926
/Users/gokulmallabathula/deep-fake/datasets/raw/Celeb-real/166.mp4,0,,Celeb-real,Celeb-real:166,50b191701e8e6728d9c5e9140fcb536a6a9fadb18854b2b317b0dd254b58be11
/Users/gokulmallabathula/deep-fake/datasets/raw/Celeb-real/167.mp4,0,,Celeb-real,Celeb-real:167,3e2052c3dcb21ee1d5d715731ca6e9c68952899e46a441d98c93a9f350180f3b
/Users/gokulmallabathula/deep-fake/datasets/raw/Celeb-real/168.mp4,0,,Celeb-real,Celeb-real:168,fc1716a972e7ffd8873461931b30bf53bbb113863c18f160c460f11076644dd9
/Users/gokulmallabathula/deep-fake/datasets/raw/Celeb-real/170.mp4,0,,Celeb-real,Celeb-real:170,0f4820e71211d575eaa477154a978f86e54f3f632a1aa87ef7495e1b90373799
/Users/gokulmallabathula/deep-fake/datasets/raw/Celeb-real/171.mp4,0,,Celeb-real,Celeb-real:171,b6916cf04b76625e94ad0a769acc290a29299ee7b9bc70336632f17882a9c4a1
/Users/gokulmallabathula/deep-fake/datasets/raw/Celeb-real/172.mp4,0,,Celeb-real,Celeb-real:172,b875ae1505d6869c2d0026d6e2dac0428ca48cdf5d36ecf178cf381e53a722e9
/Users/gokulmallabathula/deep-fake/datasets/raw/Celeb-real/173.mp4,0,,Celeb-real,Celeb-real:173,aab316ec477fd6a708fdd5c8232d5fbbf4c2da5f5388b521d1e9a7c8058aea36
/Users/gokulmallabathula/deep-fake/datasets/raw/Celeb-real/174.mp4,0,,Celeb-real,Celeb-real:174,013a59605e3aee992281a85a35dd00485c93b822f3bd67b99e791ace46422868
/Users/gokulmallabathula/deep-fake/datasets/raw/Celeb-real/176.mp4,0,,Celeb-real,Celeb-real:176,b417e01795c09e27caa81bd29ef8bd0d6197cbf6bacab6da1cd888317435d4ed
/Users/gokulmallabathula/deep-fake/datasets/raw/Celeb-real/178.mp4,0,,Celeb-real,Celeb-real:178,6ad0d4f40f7dc417d4cb2ae13023f81f6ef5f69ac7a9d7e6f94d2b016abbe96e
/Users/gokulmallabathula/deep-fake/datasets/raw/Celeb-real/179.mp4,0,,Celeb-real,Celeb-real:179,779966bd9c4ea032a169a0c981404148e1a7675ffa19f09faf7897db79e9f13e
/Users/gokulmallabathula/deep-fake/datasets/raw/Celeb-real/180.mp4,0,,Celeb-real,Celeb-real:180,95dcb04a851e9f9931b29ed8250b6518c1a5e94206b1c92e6482e59c0a101bc5
/Users/gokulmallabathula/deep-fake/datasets/raw/Celeb-real/181.mp4,0,,Celeb-real,Celeb-real:181,d3ea08a0a2627b02946b2f3c11dc03b00e680a17a9b62715f57e694277385997
/Users/gokulmallabathula/deep-fake/datasets/raw/Celeb-real/183.mp4,0,,Celeb-real,Celeb-real:183,02a6239330e17aa00e532a9138a40be1c0f725bb8f1b28cc277f81d6dd5e3c2a
/Users/gokulmallabathula/deep-fake/datasets/raw/Celeb-real/185.mp4,0,,Celeb-real,Celeb-real:185,e00c0bd612bda921fdd7a53d88353bb9e70ca994ffa337196ec3953c7d889997
/Users/gokulmallabathula/deep-fake/datasets/raw/Celeb-real/186.mp4,0,,Celeb-real,Celeb-real:186,310de91bcb0942b290b0cb6bb9e14fbfda54ae652b303ed653f4f80dd5cb6ed7
/Users/gokulmallabathula/deep-fake/datasets/raw/Celeb-real/188.mp4,0,,Celeb-real,Celeb-real:188,88a4de469bc20d6624ea6638f329c6d7f6c8db0736bc3bd7cb85415d062ba175
/Users/gokulmallabathula/deep-fake/datasets/raw/Celeb-real/19.mp4,0,,Celeb-real,Celeb-real:19,680381457e619ff4b73d5515cae303ea8b3e7074c4054a121e2ac6b00427f926
/Users/gokulmallabathula/deep-fake/datasets/raw/Celeb-real/191.mp4,0,,Celeb-real,Celeb-real:191,563d12f25a60f6cf6f927c0370db46913b44fbbaf5465c43a20fbd0826ab96f9
/Users/gokulmallabathula/deep-fake/datasets/raw/Celeb-real/192.mp4,0,,Celeb-real,Celeb-real:192,34972361fa2c86b045bf0be61fe9aa932e9ed4f61900edd93193c683ca77f428
/Users/gokulmallabathula/deep-fake/datasets/raw/Celeb-real/194.mp4,0,,Celeb-real,Celeb-real:194,cf2654fb77c019c4648f18550084c0255c6f0e25fee380cc1eb01bdac2671b4b
/Users/gokulmallabathula/deep-fake/datasets/raw/Celeb-real/195.mp4,0,,Celeb-real,Celeb-real:195,621093f4102ea379852962741fc0c47d6ed215d8a833ccd779845c332b595538
/Users/gokulmallabathula/deep-fake/datasets/raw/Celeb-real/196.mp4,0,,Celeb-real,Celeb-real:196,56785f2a91dca9979977588a7308f333eb1c25ebdfb0711c8fda807bb54162d7
/Users/gokulmallabathula/deep-fake/datasets/raw/Celeb-real/198.mp4,0,,Celeb-real,Celeb-real:198,0d0ada36b2ab58604128bbd05a48ac3cbea7ff7dd01efbe5f76245a8642596b2
/Users/gokulmallabathula/deep-fake/datasets/raw/Celeb-real/2.mp4,0,,Celeb-real,Celeb-real:2,0834c043ed2e975506a721e79260701399a3e26628dfc4c8eae6aca0ab327566
/Users/gokulmallabathula/deep-fake/datasets/raw/Celeb-real/20.mp4,0,,Celeb-real,Celeb-real:20,c63fd8b9b4fe333ccb946ab614e5d4d1879252c188aa0672a77966d9b55f1387
/Users/gokulmallabathula/deep-fake/datasets/raw/Celeb-real/200.mp4,0,,Celeb-real,Celeb-real:200,633199fe302110b72b4fe43e0a1d534867ea9a87e9cc39adf474e4926eef256d
/Users/gokulmallabathula/deep-fake/datasets/raw/Celeb-real/201.mp4,0,,Celeb-real,Celeb-real:201,a760478ddbb0ba79e8af0bfa02fcfa1279273af0f5acbd9717dd8c387f3ed821
/Users/gokulmallabathula/deep-fake/datasets/raw/Celeb-real/203.mp4,0,,Celeb-real,Celeb-real:203,0771423e32d95fff5a12a98245034e668607d3c778e085df9233c3f84786a2e8
/Users/gokulmallabathula/deep-fake/datasets/raw/Celeb-real/204.mp4,0,,Celeb-real,Celeb-real:204,cbc9b535ca2b4155e895c9f7765499f10b902e30fa73163b98163b768615bf1d
/Users/gokulmallabathula/deep-fake/datasets/raw/Celeb-real/205.mp4,0,,Celeb-real,Celeb-real:205,e9c5285c9a5793463f321b20fbb74c06b12f98c75b4d9baafe293a3ed404da10
/Users/gokulmallabathula/deep-fake/datasets/raw/Celeb-real/208.mp4,0,,Celeb-real,Celeb-real:208,148b825c2949c990024064eada9ed7aad36c23b0218f116443c7adac708b03da
/Users/gokulmallabathula/deep-fake/datasets/raw/Celeb-real/209.mp4,0,,Celeb-real,Celeb-real:209,ec75601c1e5e7ea32b38233ddf6ca37ac685591ef59ce08079842a44a5d43e05
/Users/gokulmallabathula/deep-fake/datasets/raw/Celeb-real/21.mp4,0,,Celeb-real,Celeb-real:21,aca1083e5473c057adb1f3c4cdafc7a5737cdf15bc6add9f24d2b710bfd50404
/Users/gokulmallabathula/deep-fake/datasets/raw/Celeb-real/210.mp4,0,,Celeb-real,Celeb-real:210,1e0ed5c52d45b9fba9413dfad9e9002b179a13f6ef676c6a7b04c15e433aa25d
/Users/gokulmallabathula/deep-fake/datasets/raw/Celeb-real/211.mp4,0,,Celeb-real,Celeb-real:211,1fe8afdb05bef04449f5a4c5fa2f0439a76cae26b05ab71befa0672264cae31d
/Users/gokulmallabathula/deep-fake/datasets/raw/Celeb-real/212.mp4,0,,Celeb-real,Celeb-real:212,57f92b8e54b863c3e2dbd65e3064950d3b1c82575bee9004a4b90e2213bb18af
/Users/gokulmallabathula/deep-fake/datasets/raw/Celeb-real/213.mp4,0,,Celeb-real,Celeb-real:213,0b3f601294057f957e4a8f1153666be06791ef793a9af2348a8918624ae9034c
/Users/gokulmallabathula/deep-fake/datasets/raw/Celeb-real/214.mp4,0,,Celeb-real,Celeb-real:214,0d376d52cf4bbbfa192bb6e4ad1b92da6db62e6f298cd1a43b7090c7b41795e0
/Users/gokulmallabathula/deep-fake/datasets/raw/Celeb-real/216.mp4,0,,Celeb-real,Celeb-real:216,090ff8cfa123d478e5f87b5c8986b1c23b5fb9be4a1e82603c2eff7afeb9fe2d
/Users/gokulmallabathula/deep-fake/datasets/raw/Celeb-real/217.mp4,0,,Celeb-real,Celeb-real:217,fada21dda9f48238a551cb08e389cfd95bbc6ec3081f94178912f75e9d034c46
/Users/gokulmallabathula/deep-fake/datasets/raw/Celeb-real/219.mp4,0,,Celeb-real,Celeb-real:219,4b5f231469610aa87712029401673533407c0e50084ddc3cac1e1622dcf706fd
/Users/gokulmallabathula/deep-fake/datasets/raw/Celeb-real/220.mp4,0,,Celeb-real,Celeb-real:220,2cf793e33e2caa62403b87ff6b05bd3b9d016eca4b586f3fa9941a306e0fda82
/Users/gokulmallabathula/deep-fake/datasets/raw/Celeb-real/222.mp4,0,,Celeb-real,Celeb-real:222,ccd7f3365409d61aaf1d478ba9af274c72504ba34a02ed75bda2553f96ddbe80
/Users/gokulmallabathula/deep-fake/datasets/raw/Celeb-real/223.mp4,0,,Celeb-real,Celeb-real:223,8af168383ba8bd0c1de70cb71f91568e84073fa37f6f4ae49cf293781accc60c
/Users/gokulmallabathula/deep-fake/datasets/raw/Celeb-real/224.mp4,0,,Celeb-real,Celeb-real:224,c6df9a1a773a95d5bf9ae0c77e6ff2b18f755c12599436273a9ced683d8a30c2
/Users/gokulmallabathula/deep-fake/datasets/raw/Celeb-real/227.mp4,0,,Celeb-real,Celeb-real:227,ffa6fe43d1e75ea36cabc43e314e7c797542615a80afd17b044928683ca2eecd
/Users/gokulmallabathula/deep-fake/datasets/raw/Celeb-real/228.mp4,0,,Celeb-real,Celeb-real:228,d41f10b4c71a091f1c496988abe6513a8ac10781df3c9c3cca212e1865cd2320
/Users/gokulmallabathula/deep-fake/datasets/raw/Celeb-real/229.mp4,0,,Celeb-real,Celeb-real:229,76226def50d4a36d1d2919f3ae194726ae18561d8056db23e3c3206c73422f20
/Users/gokulmallabathula/deep-fake/datasets/raw/Celeb-real/230.mp4,0,,Celeb-real,Celeb-real:230,b849fb128cdb180f657cf01e98418aea8abd1a7d47911a6227536618734f8f82
/Users/gokulmallabathula/deep-fake/datasets/raw/Celeb-real/232.mp4,0,,Celeb-real,Celeb-real:232,4b74a8ed45518d77f5cd918e4a60871f3b8fdcf98c7e5f995bae41bd3de2eaa4
/Users/gokulmallabathula/deep-fake/datasets/raw/Celeb-real/234.mp4,0,,Celeb-real,Celeb-real:234,3e0e14b00c2b896dfba0b8c6956c89aa356140a3c88793da6584b83bf6b4b218
/Users/gokulmallabathula/deep-fake/datasets/raw/Celeb-real/235.mp4,0,,Celeb-real,Celeb-real:235,ac4e9fc225f0aee3219369651bece38130ed35e78fa7d54320d75d226cf7a900
/Users/gokulmallabathula/deep-fake/datasets/raw/Celeb-real/237.mp4,0,,Celeb-real,Celeb-real:237,e0a833d2d015fed89871ded6d250031ca7e2fd76d36f93f8caf38fd458666b3a
/Users/gokulmallabathula/deep-fake/datasets/raw/Celeb-real/238.mp4,0,,Celeb-real,Celeb-real:238,1066b44814dfe01e0ce1cb2aed99ce4ca472e91091a5289f57f239e108f4ccb2
/Users/gokulmallabathula/deep-fake/datasets/raw/Celeb-real/239.mp4,0,,Celeb-real,Celeb-real:239,a93eaf969838a0583afc9d571dad498f6e540c2e163928807e61484d6e7738ac
/Users/gokulmallabathula/deep-fake/datasets/raw/Celeb-real/24.mp4,0,,Celeb-real,Celeb-real:24,093accba4a1df965cd0796faf620645249f19a93dc5ecc612b1090109c5d6ae7
/Users/gokulmallabathula/deep-fake/datasets/raw/Celeb-real/241.mp4,0,,Celeb-real,Celeb-real:241,8133b04b57236e09342ac72f74ee7353a9b744f800ddb0fabd1e174dd648a14b
/Users/gokulmallabathula/deep-fake/datasets/raw/Celeb-real/242.mp4,0,,Celeb-real,Celeb-real:242,3ecce7fe5a88fa91ecadfa46f9570719d1ae12b49e127c42182700d960baf5bb
/Users/gokulmallabathula/deep-fake/datasets/raw/Celeb-real/244.mp4,0,,Celeb-real,Celeb-real:244,6a8e5898ebccd8ba8733f65ef496d2ff9ad5ca63dab6c7725d36217418b03dc8
/Users/gokulmallabathula/deep-fake/datasets/raw/Celeb-real/245.mp4,0,,Celeb-real,Celeb-real:245,f474c6616fba16e936c7b5569cb6a7a75740ee8a8674b6012b2e10f77b921d79
/Users/gokulmallabathula/deep-fake/datasets/raw/Celeb-real/248.mp4,0,,Celeb-real,Celeb-real:248,93a5aacbe3f45b88962ab2018a0512cf3d37df499690340ee10ea7a7ff425913
/Users/gokulmallabathula/deep-fake/datasets/raw/Celeb-real/249.mp4,0,,Celeb-real,Celeb-real:249,6327bcb7311e7dee9855327c75d844999c0a62f3f1aa30d824f983171347efe0
/Users/gokulmallabathula/deep-fake/datasets/raw/Celeb-real/25.mp4,0,,Celeb-real,Celeb-real:25,60d2ec7754659263828cd2097d36f08f0ee23f13a6f4afbf0e678cfa33d0426b
/Users/gokulmallabathula/deep-fake/datasets/raw/Celeb-real/253.mp4,0,,Celeb-real,Celeb-real:253,a1394c6ff9cf7da0417c05303c0b3f9a9612b684ca4bff9e1aa3c3b56e653420
/Users/gokulmallabathula/deep-fake/datasets/raw/Celeb-real/254.mp4,0,,Celeb-real,Celeb-real:254,471c040baebe0a7d6be1f3a718b2cdfda5502e93ff17111d6a09d8ad17f4e852
/Users/gokulmallabathula/deep-fake/datasets/raw/Celeb-real/256.mp4,0,,Celeb-real,Celeb-real:256,460bcd371ea1e2fbadf13383e1138c2807a27fef18057233e3d025d62fe810ac
/Users/gokulmallabathula/deep-fake/datasets/raw/Celeb-real/257.mp4,0,,Celeb-real,Celeb-real:257,3466ec6b17c144ec6d60449b2235413a12f60571e41675c25c874f7723b14d1a
/Users/gokulmallabathula/deep-fake/datasets/raw/Celeb-real/258.mp4,0,,Celeb-real,Celeb-real:258,461bc591da1b76d3f2dce0a92966d59f4a471889493061bf237baeceea6ae17c
/Users/gokulmallabathula/deep-fake/datasets/raw/Celeb-real/26.mp4,0,,Celeb-real,Celeb-real:26,1da09048056194eed0b5a66db6ba735dd3f32b584cc877398291ffe80a4840d3
/Users/gokulmallabathula/deep-fake/datasets/raw/Celeb-real/260.mp4,0,,Celeb-real,Celeb-real:260,f1a35dc667fae61d5048aed5dfa30c5a5561f01d4a118e5af4f4893bec877c8b
/Users/gokulmallabathula/deep-fake/datasets/raw/Celeb-real/262.mp4,0,,Celeb-real,Celeb-real:262,367340d9461b9f72bcf074d094ee4939d1fb963dd0509d882f7496d086e1d4e6
/Users/gokulmallabathula/deep-fake/datasets/raw/Celeb-real/265.mp4,0,,Celeb-real,Celeb-real:265,b8ae6e10a506b354b84920566727e15faf24cf829c387b8f1f66c2c1247dd565
/Users/gokulmallabathula/deep-fake/datasets/raw/Celeb-real/267.mp4,0,,Celeb-real,Celeb-real:267,2e48fd9529c95d672e02c82ddbbb2bd39c46e21ad46bcdeb6c6d1cd0c98a4e59
/Users/gokulmallabathula/deep-fake/datasets/raw/Celeb-real/268.mp4,0,,Celeb-real,Celeb-real:268,a657ea74c2a232ee9c1fdde555713897688e4717596fa8d71f5b9a5249505561
/Users/gokulmallabathula/deep-fake/datasets/raw/Celeb-real/27.mp4,0,,Celeb-real,Celeb-real:27,5740e07e24f75c25d2cc1c303236dc2f391686a18c4dde82e7458ad435edd569
/Users/gokulmallabathula/deep-fake/datasets/raw/Celeb-real/271.mp4,0,,Celeb-real,Celeb-real:271,39408f87c44d3f1d005a12adb8165e6b557aa70f95ea69de02d6e81c31ef30bc
/Users/gokulmallabathula/deep-fake/datasets/raw/Celeb-real/273.mp4,0,,Celeb-real,Celeb-real:273,fe8f5ad38ad1bf4b51cdffcecf850eff0d9e3dc242b727fa7ffb73955c402180
/Users/gokulmallabathula/deep-fake/datasets/raw/Celeb-real/274.mp4,0,,Celeb-real,Celeb-real:274,2dd22517bf72eb7c126818b1f396d14f44fb87d9ac7eb04bf481a58d271e3675
/Users/gokulmallabathula/deep-fake/datasets/raw/Celeb-real/276.mp4,0,,Celeb-real,Celeb-real:276,58ebb4ac481efc13a846d1ebac8c994d06d8155487cfd52fd08b953cc94e4004
/Users/gokulmallabathula/deep-fake/datasets/raw/Celeb-real/277.mp4,0,,Celeb-real,Celeb-real:277,ee609637ef80df3b651a309731da1c8f488d7acad09fc42436308f1ec7957449
/Users/gokulmallabathula/deep-fake/datasets/raw/Celeb-real/278.mp4,0,,Celeb-real,Celeb-real:278,bd5d71296ae8774971d1d15c83a6ae62ef292baaac61766e5f06ef9840d584b5
/Users/gokulmallabathula/deep-fake/datasets/raw/Celeb-real/279.mp4,0,,Celeb-real,Celeb-real:279,433263c2e25e3783ba3d6f4873f15549962f050b4a6b2ddfc5468e072751433f
/Users/gokulmallabathula/deep-fake/datasets/raw/Celeb-real/28.mp4,0,,Celeb-real,Celeb-real:28,5b15d55dc81821079455a377e19d7d51a2f20269a009694e27309b854f5ff281
/Users/gokulmallabathula/deep-fake/datasets/raw/Celeb-real/280.mp4,0,,Celeb-real,Celeb-real:280,6316cc91b82938cb608599b97c1b4c5cdb0bf4145b79c2cefb97639b3fde5ab4
/Users/gokulmallabathula/deep-fake/datasets/raw/Celeb-real/281.mp4,0,,Celeb-real,Celeb-real:281,6adabf41b044dbd0544d186167c32f4bb00b30088b3fa02d1959635c2a8a80ea
/Users/gokulmallabathula/deep-fake/datasets/raw/Celeb-real/282.mp4,0,,Celeb-real,Celeb-real:282,057a6dc82846a151b4a5e0ab679eded595018d82cca2e26f18bdcbd1f2209bb6
/Users/gokulmallabathula/deep-fake/datasets/raw/Celeb-real/284.mp4,0,,Celeb-real,Celeb-real:284,b8653e55741fa67390d068dea3686fbd23b0a6aaba2caafe8c566315aa921a8d
/Users/gokulmallabathula/deep-fake/datasets/raw/Celeb-real/287.mp4,0,,Celeb-real,Celeb-real:287,7b78ecd69a184677927676b42b1e50658c42baa9300e5618720e78b4ad044ca2
/Users/gokulmallabathula/deep-fake/datasets/raw/Celeb-real/289.mp4,0,,Celeb-real,Celeb-real:289,5ef41f8bfdf2baa657911fb14fbbe6882f2fa1ee65f287b3a50aef06fc99be5e
/Users/gokulmallabathula/deep-fake/datasets/raw/Celeb-real/29.mp4,0,,Celeb-real,Celeb-real:29,1e95b8f45c29260d79e3114b9504d8f6cea8bb2a95f38f0baed42c5afc0a593e
/Users/gokulmallabathula/deep-fake/datasets/raw/Celeb-real/290.mp4,0,,Celeb-real,Celeb-real:290,2c87aa0580df8a6d9bbca220387038915c582cca33b4840c4834c48e9df83007
/Users/gokulmallabathula/deep-fake/datasets/raw/Celeb-real/291.mp4,0,,Celeb-real,Celeb-real:291,9a8e65de61571733c2ffd5af1028034ca3f8ee08367c43b7a5bbc5b1b9477078
/Users/gokulmallabathula/deep-fake/datasets/raw/Celeb-real/294.mp4,0,,Celeb-real,Celeb-real:294,85a455d20ce29982657bf3493d3e2cdf1b23236c918ff7faf6b7c4f865b57424
/Users/gokulmallabathula/deep-fake/datasets/raw/Celeb-real/295.mp4,0,,Celeb-real,Celeb-real:295,2cb3e495dacbd803b715a46231c4789895058ba04726afe9e51b3c25321b0967
/Users/gokulmallabathula/deep-fake/datasets/raw/Celeb-real/297.mp4,0,,Celeb-real,Celeb-real:297,d9104c447eba716d86f727660ed315b585ea2abba0aead1c0287ef12e39f4ea4
/Users/gokulmallabathula/deep-fake/datasets/raw/Celeb-real/299.mp4,0,,Celeb-real,Celeb-real:299,2aa266366f1c45eea6ae27cd07070e13c784e5e18683b4efd3d87ee740621ec3
/Users/gokulmallabathula/deep-fake/datasets/raw/Celeb-real/3.mp4,0,,Celeb-real,Celeb-real:3,6ea3d01af6f7b62abcf9b38a575d1c6cd760f3e9f1a222290d54d31eeb1968ec
/Users/gokulmallabathula/deep-fake/datasets/raw/Celeb-real/300.mp4,0,,Celeb-real,Celeb-real:300,9d7e1cc61157ae601c5b3dff1f0b12e488335ecce1dc40b1a3839b194a494879
/Users/gokulmallabathula/deep-fake/datasets/raw/Celeb-real/301.mp4,0,,Celeb-real,Celeb-real:301,7507b9528c80b08c5cf173dd0153bd3b517cb1729bc2fb39e1605226d6fddece
/Users/gokulmallabathula/deep-fake/datasets/raw/Celeb-real/304.mp4,0,,Celeb-real,Celeb-real:304,5c17ade601d637714f94ad4f4bdc18e0e259d9793b65cb0f366a9d11c259fd8c
/Users/gokulmallabathula/deep-fake/datasets/raw/Celeb-real/305.mp4,0,,Celeb-real,Celeb-real:305,c75f1f6968be1e3209a9c6c80f0ae2784a280cb2917840edb4e72a8f71de64ea
/Users/gokulmallabathula/deep-fake/datasets/raw/Celeb-real/306.mp4,0,,Celeb-real,Celeb-real:306,3b820c8a5e397dbc9317183316a1767b113fb6c69b75acf42bd58d97b1800ff8
/Users/gokulmallabathula/deep-fake/datasets/raw/Celeb-real/307.mp4,0,,Celeb-real,Celeb-real:307,b03d4651c935061679b47f0bd1ca1a410de131aa98d390d12d1ae06d596a242d
/Users/gokulmallabathula/deep-fake/datasets/raw/Celeb-real/308.mp4,0,,Celeb-real,Celeb-real:308,e883bfe661df7de6e8a262126db7709db3789d0e833de53b37aea28659f2f411
/Users/gokulmallabathula/deep-fake/datasets/raw/Celeb-real/310.mp4,0,,Celeb-real,Celeb-real:310,f13b376da72fdda05a72e508e9355e92d2fe9856c71b143803ebdbcff81b254c
/Users/gokulmallabathula/deep-fake/datasets/raw/Celeb-real/311.mp4,0,,Celeb-real,Celeb-real:311,44f26044b8e32999d2e97db8718ffe2f09e21464a39c2c752ac47179e0cbcee8
/Users/gokulmallabathula/deep-fake/datasets/raw/Celeb-real/313.mp4,0,,Celeb-real,Celeb-real:313,452b90d6900447760cf48fe1f278c83a71d5937b68b654077b3991772517f429
/Users/gokulmallabathula/deep-fake/datasets/raw/Celeb-real/314.mp4,0,,Celeb-real,Celeb-real:314,0aef28ff16a00b9b4a2a1a13f254320c71124156c8a3d3c03a7d01fe5aa16ae4
/Users/gokulmallabathula/deep-fake/datasets/raw/Celeb-real/315.mp4,0,,Celeb-real,Celeb-real:315,a0abfd27e44ebec89062f2d9fce000b11f3ac9eeee2abe774953720b18147282
/Users/gokulmallabathula/deep-fake/datasets/raw/Celeb-real/316.mp4,0,,Celeb-real,Celeb-real:316,40ca35b442f84eebda38dc2db975a23a78bc55e9a6674dfff3ae093e3930ca10
/Users/gokulmallabathula/deep-fake/datasets/raw/Celeb-real/317.mp4,0,,Celeb-real,Celeb-real:317,f42ee47a2fce02aebc4d43437fa443001c3fe61a8f7b96616752525774910757
/Users/gokulmallabathula/deep-fake/datasets/raw/Celeb-real/318.mp4,0,,Celeb-real,Celeb-real:318,c0868c90d7de9de82f029bc4916d0c9b1220db83aece340de862250190025071
/Users/gokulmallabathula/deep-fake/datasets/raw/Celeb-real/319.mp4,0,,Celeb-real,Celeb-real:319,94c9dbd258ffeb7750e328337d71d04ba1fc6cbd2ff2c2be211660bce4495368
/Users/gokulmallabathula/deep-fake/datasets/raw/Celeb-real/32.mp4,0,,Celeb-real,Celeb-real:32,0d6011ebe5f83013f53959d5287732991903ad50655a689c03104934a66e7cd2
/Users/gokulmallabathula/deep-fake/datasets/raw/Celeb-real/320.mp4,0,,Celeb-real,Celeb-real:320,b7e2c908c3e09f9b5631fd56f03fa21835add27cc93d7dc76b7db2f09f3839ce
/Users/gokulmallabathula/deep-fake/datasets/raw/Celeb-real/321.mp4,0,,Celeb-real,Celeb-real:321,cfc921d930098eddec7368d77f07379e5672ec016ee60539dceafa3778f579c7
/Users/gokulmallabathula/deep-fake/datasets/raw/Celeb-real/323.mp4,0,,Celeb-real,Celeb-real:323,1f8d52f80400a347e9dcb15e54cee607cea685f5d2b2d5b1dcb77dfee7e98d6f
/Users/gokulmallabathula/deep-fake/datasets/raw/Celeb-real/324.mp4,0,,Celeb-real,Celeb-real:324,7edce4cdc359e3ccd5711a5ddec6ed065a552b6b85e75c2f291047f4fa84cb1d
/Users/gokulmallabathula/deep-fake/datasets/raw/Celeb-real/325.mp4,0,,Celeb-real,Celeb-real:325,943847aff143a1b7782faf7511cd7a5497a7b66c6ac4b8fc987dd438af3559b1
/Users/gokulmallabathula/deep-fake/datasets/raw/Celeb-real/326.mp4,0,,Celeb-real,Celeb-real:326,b8ce5ceb5d794e60dfe8c57dcb7caeeae5452cb6281e32f34c1f63c47177dd69
/Users/gokulmallabathula/deep-fake/datasets/raw/Celeb-real/327.mp4,0,,Celeb-real,Celeb-real:327,dbdbc39b928daa19a2cc6cc98f81c2bb9504c178df76184befaa224303a18441
/Users/gokulmallabathula/deep-fake/datasets/raw/Celeb-real/328.mp4,0,,Celeb-real,Celeb-real:328,4e487ba10a1e507cad4892a129d6ecbd159126193dec643e6def27a04e4255e5
/Users/gokulmallabathula/deep-fake/datasets/raw/Celeb-real/329.mp4,0,,Celeb-real,Celeb-real:329,3169a579e5f80d66ce76b29eb189b04552a628f8289ec82f0ba54e7029244574
/Users/gokulmallabathula/deep-fake/datasets/raw/Celeb-real/330.mp4,0,,Celeb-real,Celeb-real:330,500facfb2f903e318765d8b5c5a1630129df3f0d876556ec3e9d7dfb3a25deba
/Users/gokulmallabathula/deep-fake/datasets/raw/Celeb-real/333.mp4,0,,Celeb-real,Celeb-real:333,58e9eabba99468f81b968e1ca0305ddfeed7ff0934ed91d0976f1758b8ea1357
/Users/gokulmallabathula/deep-fake/datasets/raw/Celeb-real/334.mp4,0,,Celeb-real,Celeb-real:334,e4d39ff51d9d218f84a3456673e845b232deebb57e2e0a0d027bb3f601f062f3
/Users/gokulmallabathula/deep-fake/datasets/raw/Celeb-real/337.mp4,0,,Celeb-real,Celeb-real:337,681c449c18ca36b8d046e671c7d5430f341d8b9e9dab36d6abdedc418ed64264
/Users/gokulmallabathula/deep-fake/datasets/raw/Celeb-real/34.mp4,0,,Celeb-real,Celeb-real:34,fcaaea87cf319d73df5265d2bab7d95b63d0cd2598d9881c2d7ff5233225a95a
/Users/gokulmallabathula/deep-fake/datasets/raw/Celeb-real/342.mp4,0,,Celeb-real,Celeb-real:342,e8d003d87b39244d2449a7e8b2018c5e0ebed91473c5c08db5696cee31a85630
/Users/gokulmallabathula/deep-fake/datasets/raw/Celeb-real/343.mp4,0,,Celeb-real,Celeb-real:343,c05b346d3b9cab4f0d53bc29326bb2629667e4376eea8326b1cb930b18c684ba
/Users/gokulmallabathula/deep-fake/datasets/raw/Celeb-real/344.mp4,0,,Celeb-real,Celeb-real:344,8d8c633e3b2d19eec574f1681d7164794b38a331e3835547e2df52d1f151c206
/Users/gokulmallabathula/deep-fake/datasets/raw/Celeb-real/345.mp4,0,,Celeb-real,Celeb-real:345,6a70347fa77c5aff46a0e3392980cdae68cce7cfbb78f893369af27e091745ad
/Users/gokulmallabathula/deep-fake/datasets/raw/Celeb-real/346.mp4,0,,Celeb-real,Celeb-real:346,18e2c2d6e223eeb98ba75c4f317df5dc3b503b7c19877c65103447b083dabf01
/Users/gokulmallabathula/deep-fake/datasets/raw/Celeb-real/347.mp4,0,,Celeb-real,Celeb-real:347,1bd9eeac4f85a47bffe11b6af589c96bf70eda2185932726f1b9f3507a41205b
/Users/gokulmallabathula/deep-fake/datasets/raw/Celeb-real/348.mp4,0,,Celeb-real,Celeb-real:348,adb2318383170f79a80cc4f0009c2cc5dc6188aced533ee08f77f03c617259f1
/Users/gokulmallabathula/deep-fake/datasets/raw/Celeb-real/349.mp4,0,,Celeb-real,Celeb-real:349,92eb77916b151329ec4060266fad77c186e541ddddf2895accd1bf25b32d3f73
/Users/gokulmallabathula/deep-fake/datasets/raw/Celeb-real/35.mp4,0,,Celeb-real,Celeb-real:35,1bbc8230aa6f9412d3485850be6e8e5d055eee1a3b6bb9589e98675853d88854
/Users/gokulmallabathula/deep-fake/datasets/raw/Celeb-real/351.mp4,0,,Celeb-real,Celeb-real:351,cb947bdffabee5e8e755f7fd56d867321522b74c4a125ee849ed0815eccf3313
/Users/gokulmallabathula/deep-fake/datasets/raw/Celeb-real/353.mp4,0,,Celeb-real,Celeb-real:353,21fae12682e31b586e71e00f54475e6ddc756268c1f6c69f29acd9ca6b3b01c6
/Users/gokulmallabathula/deep-fake/datasets/raw/Celeb-real/354.mp4,0,,Celeb-real,Celeb-real:354,5318357c4615df60dd7d3228762801caa8d7955066b7ebb56dcb2bb5f62fbd2f
/Users/gokulmallabathula/deep-fake/datasets/raw/Celeb-real/355.mp4,0,,Celeb-real,Celeb-real:355,47a8d83a644daafa4691aabfde54b89eac218bc0a971825a8c6005976ca02ad6
/Users/gokulmallabathula/deep-fake/datasets/raw/Celeb-real/356.mp4,0,,Celeb-real,Celeb-real:356,a145ddf51a9594669ea9e67fa7b2dfad190c7c32064329d1d903b23702def3a6
/Users/gokulmallabathula/deep-fake/datasets/raw/Celeb-real/358.mp4,0,,Celeb-real,Celeb-real:358,d6d0fd547713270d3c5ffb9b50323180b8da662d88519e6f78b1ce393618ec7b
/Users/gokulmallabathula/deep-fake/datasets/raw/Celeb-real/359.mp4,0,,Celeb-real,Celeb-real:359,3fe3d5536320c63a8f480f8f9379c6d6b96236152a442ad942e1beec0af6701e
/Users/gokulmallabathula/deep-fake/datasets/raw/Celeb-real/360.mp4,0,,Celeb-real,Celeb-real:360,44f55dadf0c8be0109b672c0efc2ccb0a009a7d58dac8ee8d55e5b84f33a83e2
/Users/gokulmallabathula/deep-fake/datasets/raw/Celeb-real/361.mp4,0,,Celeb-real,Celeb-real:361,f985ffdef0e4057327fe1a34e2e32bfa8888d93246889424596e2aeb5d61ff80
/Users/gokulmallabathula/deep-fake/datasets/raw/Celeb-real/362.mp4,0,,Celeb-real,Celeb-real:362,453bededcba487a97d1d922d1578ce8a2ee287b4b2aa5498557e7fb1242c9072
/Users/gokulmallabathula/deep-fake/datasets/raw/Celeb-real/363.mp4,0,,Celeb-real,Celeb-real:363,83d7df59dec0ecce810342bd9d6c05ef04be3e933d477e56831fe455a68c6994
/Users/gokulmallabathula/deep-fake/datasets/raw/Celeb-real/364.mp4,0,,Celeb-real,Celeb-real:364,1a937477435fb6e8a149135c978d74bb117438eced5b111bc17428eab5817c0e
/Users/gokulmallabathula/deep-fake/datasets/raw/Celeb-real/365.mp4,0,,Celeb-real,Celeb-real:365,9d35bcf4f530a046314b74e29682ba0c2c87980507cc42b99a516fde366dc155
/Users/gokulmallabathula/deep-fake/datasets/raw/Celeb-real/366.mp4,0,,Celeb-real,Celeb-real:366,4ecfd5604b11284cb42673bc0b0b1091c691eb2586bc628e9f64fc94192b6d72
/Users/gokulmallabathula/deep-fake/datasets/raw/Celeb-real/367.mp4,0,,Celeb-real,Celeb-real:367,eeb4a461633e932c52379e6e8aa69d052369af26c094662b95fb18b13cd14b2f
/Users/gokulmallabathula/deep-fake/datasets/raw/Celeb-real/368.mp4,0,,Celeb-real,Celeb-real:368,9ef3251c6061b0c9f2ea7178200c9e2bed68f5e207a34ecd1672bc5214114ed3
/Users/gokulmallabathula/deep-fake/datasets/raw/Celeb-real/369.mp4,0,,Celeb-real,Celeb-real:369,d060c6869442d12018e550b9342c6d9b92efa76b2d3d80e04b485cf16cbfb3f7
/Users/gokulmallabathula/deep-fake/datasets/raw/Celeb-real/37.mp4,0,,Celeb-real,Celeb-real:37,b3aa7909f22ab8086ad7ee67a173a58fdee632bcfc89ba3df81b63f531a4c3e7
/Users/gokulmallabathula/deep-fake/datasets/raw/Celeb-real/370.mp4,0,,Celeb-real,Celeb-real:370,20a23cce60b0e651eddec7be1f86a37d93fb7a8bcecc8bc1703d1e63ff80e31b
/Users/gokulmallabathula/deep-fake/datasets/raw/Celeb-real/371.mp4,0,,Celeb-real,Celeb-real:371,659281187310dc57740efc605760439d7f1a0947d853c63dd2116b70d3a35637
/Users/gokulmallabathula/deep-fake/datasets/raw/Celeb-real/372.mp4,0,,Celeb-real,Celeb-real:372,3d9c02c40a22f47e4bdff53f15abb955fb726071ad3c8ac923dbeec501dafaf6
/Users/gokulmallabathula/deep-fake/datasets/raw/Celeb-real/373.mp4,0,,Celeb-real,Celeb-real:373,3e4c8e17d4dbf4762688aa9ae21309d9c471e3265b1e2bb26e72128230f644ff
/Users/gokulmallabathula/deep-fake/datasets/raw/Celeb-real/374.mp4,0,,Celeb-real,Celeb-real:374,4ecbb50e3a157847290a07fb6ee4ecaa2586cf97cca97128ce48a8b7b0c4e984
/Users/gokulmallabathula/deep-fake/datasets/raw/Celeb-real/375.mp4,0,,Celeb-real,Celeb-real:375,b911fcc9cd2e5db5e01074ac4bb82ec5891261695db5f6ff396e085f7c7949b4
/Users/gokulmallabathula/deep-fake/datasets/raw/Celeb-real/376.mp4,0,,Celeb-real,Celeb-real:376,168c5e9e0d51e18e91e1d4a6b496c565a9b8ffe478ca494cc86a4bfe778607c0
/Users/gokulmallabathula/deep-fake/datasets/raw/Celeb-real/377.mp4,0,,Celeb-real,Celeb-real:377,a4dcc87a28488fb56c92deaa87a012c44508675fcfcd3ac91cd1a38fb5851f2d
/Users/gokulmallabathula/deep-fake/datasets/raw/Celeb-real/378.mp4,0,,Celeb-real,Celeb-real:378,655cd03488801fb4a8865f2b54103f94719c01b9645d0e75c84661b2d7d94733
/Users/gokulmallabathula/deep-fake/datasets/raw/Celeb-real/38.mp4,0,,Celeb-real,Celeb-real:38,984e062d8fc26225c7102a10aa2f1f76b71937a0edb1088a6a7b2d4f0bf2a161
/Users/gokulmallabathula/deep-fake/datasets/raw/Celeb-real/380.mp4,0,,Celeb-real,Celeb-real:380,cbff615a171f1008845d161687aa1bda3fa7a9069f76ecaae243b40177dc590e
/Users/gokulmallabathula/deep-fake/datasets/raw/Celeb-real/382.mp4,0,,Celeb-real,Celeb-real:382,a9dfd9e9016f509dd2b352631feb268254bd34a4e34786f44a6dd3dcf6b13625
/Users/gokulmallabathula/deep-fake/datasets/raw/Celeb-real/383.mp4,0,,Celeb-real,Celeb-real:383,a225ac844507196d3a2e62586c1d509712d12baf5bf0d3c7a609571b16b471a4
/Users/gokulmallabathula/deep-fake/datasets/raw/Celeb-real/384.mp4,0,,Celeb-real,Celeb-real:384,9798a6a6a7f74c0aeb0171d018d996468eb6e8c924bec923fe0a855025bb33cf
/Users/gokulmallabathula/deep-fake/datasets/raw/Celeb-real/385.mp4,0,,Celeb-real,Celeb-real:385,ed3203d684c398dfae6770329de13c9da77dc419019dd1a949cda081ebb5352e
/Users/gokulmallabathula/deep-fake/datasets/raw/Celeb-real/386.mp4,0,,Celeb-real,Celeb-real:386,88bfa407c8949bbc6e33ff22c8a3af886598ad82df9c2749ddba5455263c939c
/Users/gokulmallabathula/deep-fake/datasets/raw/Celeb-real/387.mp4,0,,Celeb-real,Celeb-real:387,d43d6cd968a2b29b3639ff7cbed53e15f22ac1b978bc230366f93038910f94e4
/Users/gokulmallabathula/deep-fake/datasets/raw/Celeb-real/388.mp4,0,,Celeb-real,Celeb-real:388,d193fcaca5fc41306ad7c4ddf2d06fae27871ba02ad9eb7bd04b2ab44c9d1d53
/Users/gokulmallabathula/deep-fake/datasets/raw/Celeb-real/389.mp4,0,,Celeb-real,Celeb-real:389,8fe6498171c69375261e231ac406a620ca1a01d51d7adbbabf2938b101b9ef5b
/Users/gokulmallabathula/deep-fake/datasets/raw/Celeb-real/390.mp4,0,,Celeb-real,Celeb-real:390,d6414c5cd6617df8e24d3157f3d664b2069c635d14afa5188c65afb4ea51467a
/Users/gokulmallabathula/deep-fake/datasets/raw/Celeb-real/391.mp4,0,,Celeb-real,Celeb-real:391,1021d8569b13e04878138a1714f4b5a7836c23c639ebdce7289c8dab85b2fb68
/Users/gokulmallabathula/deep-fake/datasets/raw/Celeb-real/392.mp4,0,,Celeb-real,Celeb-real:392,1d80aec3d48051c0c357b18b598bbcdb878d6d506c4a14d0a0dd3e3da68be322
/Users/gokulmallabathula/deep-fake/datasets/raw/Celeb-real/393.mp4,0,,Celeb-real,Celeb-real:393,cb81c171ea36fb42edb03be8afede2c41cad3352c190a47ae135bb6667415a33
/Users/gokulmallabathula/deep-fake/datasets/raw/Celeb-real/394.mp4,0,,Celeb-real,Celeb-real:394,1872e69de3b48c4c4e5c3d5663106e0e06e3fec537aeaa585e0ba8c292dcc427
/Users/gokulmallabathula/deep-fake/datasets/raw/Celeb-real/395.mp4,0,,Celeb-real,Celeb-real:395,a25abd22d6fc1ecbe452c8b40f817413cfdc40a805f6927aed20f6edc2dbcd88
/Users/gokulmallabathula/deep-fake/datasets/raw/Celeb-real/396.mp4,0,,Celeb-real,Celeb-real:396,307103ff6ec6eaaf7bab0a1fb93163d89e1fa2d3dab5585f641e2b849b796d18
/Users/gokulmallabathula/deep-fake/datasets/raw/Celeb-real/398.mp4,0,,Celeb-real,Celeb-real:398,374c0b7b86706c418567058a63a50e5f698ab11e6893ddaa894082529bcd49b2
/Users/gokulmallabathula/deep-fake/datasets/raw/Celeb-real/399.mp4,0,,Celeb-real,Celeb-real:399,03a6078bb4adf17296124d0a019a723f61de468c22435ba0b68a9ccd4060b8fc
/Users/gokulmallabathula/deep-fake/datasets/raw/Celeb-real/4.mp4,0,,Celeb-real,Celeb-real:4,00e7bd223d55c5f9269c8060327d1687204bf4e0d97498136d5826e49bc30486
/Users/gokulmallabathula/deep-fake/datasets/raw/Celeb-real/400.mp4,0,,Celeb-real,Celeb-real:400,58e23a505438202718b94fc209f1e97b16a4ffab99602464db8bc5c2fe4297bc
/Users/gokulmallabathula/deep-fake/datasets/raw/Celeb-real/401.mp4,0,,Celeb-real,Celeb-real:401,bd14e87f8aa73449124dcd85dc6c4244c670c14407ed21a6abe290f6c4ff7f53
/Users/gokulmallabathula/deep-fake/datasets/raw/Celeb-real/403.mp4,0,,Celeb-real,Celeb-real:403,588decd7a921be92589704125636aeb76048c7f83068419e6b44d9d87374d23d
/Users/gokulmallabathula/deep-fake/datasets/raw/Celeb-real/404.mp4,0,,Celeb-real,Celeb-real:404,5ffe1cfc86a626fd8e876904560071d4053a33571ef18d40184e7682598ef2c9
/Users/gokulmallabathula/deep-fake/datasets/raw/Celeb-real/405.mp4,0,,Celeb-real,Celeb-real:405,cf2cff96563e2f0be29b499e995e7d080d070ff9582ee175041f3e11bb81d54c
/Users/gokulmallabathula/deep-fake/datasets/raw/Celeb-real/406.mp4,0,,Celeb-real,Celeb-real:406,fe08f26f94989ebabce083742e8401681e1b1e9fffc87e1813b22d1d54352d37
/Users/gokulmallabathula/deep-fake/datasets/raw/Celeb-real/407.mp4,0,,Celeb-real,Celeb-real:407,3cd78d379466d044cf41a685c7565b51ea3765c599758f5dab5ac6f9e187c3dc
/Users/gokulmallabathula/deep-fake/datasets/raw/Celeb-real/408.mp4,0,,Celeb-real,Celeb-real:408,6fa84c3f94ab266c8fd127a3600d4ae8dd198b40ab30c4105404ef7c463e419a
/Users/gokulmallabathula/deep-fake/datasets/raw/Celeb-real/409.mp4,0,,Celeb-real,Celeb-real:409,ff6e572f12ef37fe2eb01f39896f7f1ab40489a5fb6428d9fce8daaaff862621
/Users/gokulmallabathula/deep-fake/datasets/raw/Celeb-real/410.mp4,0,,Celeb-real,Celeb-real:410,d8c0c8dd454c03288b6d6bfa5bf19c1ee54fd157e96396c913ed0e7d2332dda1
/Users/gokulmallabathula/deep-fake/datasets/raw/Celeb-real/411.mp4,0,,Celeb-real,Celeb-real:411,e8e3e4792078cc805f8c1a3e5d5e4606d58a82f86046a07e75a259ed548a2b3d
/Users/gokulmallabathula/deep-fake/datasets/raw/Celeb-real/412.mp4,0,,Celeb-real,Celeb-real:412,a810dfc09e3f2a39ef7e35e7a36b80a77dcbe81fdeeda46663cd6c5b45249a34
/Users/gokulmallabathula/deep-fake/datasets/raw/Celeb-real/414.mp4,0,,Celeb-real,Celeb-real:414,180eac1393a6e987eec067b7af125a731a638df92231dd7d37df5a297211b747
/Users/gokulmallabathula/deep-fake/datasets/raw/Celeb-real/417.mp4,0,,Celeb-real,Celeb-real:417,bbb9e22debe68eddd1a7154d03b47b8a1438e207b44d9d2d8a0844a5c5251e90
/Users/gokulmallabathula/deep-fake/datasets/raw/Celeb-real/418.mp4,0,,Celeb-real,Celeb-real:418,7beab6b082d867ed18030fde7d15a39faf92104dc7eb4c6cc56e350e4b2c79b2
/Users/gokulmallabathula/deep-fake/datasets/raw/Celeb-real/419.mp4,0,,Celeb-real,Celeb-real:419,e59f843a39886a865d4e1ca5d3df63239450392435d34a8fbec49def7f96dc5d
/Users/gokulmallabathula/deep-fake/datasets/raw/Celeb-real/42.mp4,0,,Celeb-real,Celeb-real:42,7fc16703b47c24bf004be29e7fbfee51db49929c10d57d0b3c8ea0bb28728c93
/Users/gokulmallabathula/deep-fake/datasets/raw/Celeb-real/421.mp4,0,,Celeb-real,Celeb-real:421,bcd3378a81f28ed264177773b86e5a22f8cdcca99bb0598da89a0cd7fbb36443
/Users/gokulmallabathula/deep-fake/datasets/raw/Celeb-real/422.mp4,0,,Celeb-real,Celeb-real:422,a71c8458e85e7265b536f165c5966f63c87b909f1c3c84bf6d3353e692c869ee
/Users/gokulmallabathula/deep-fake/datasets/raw/Celeb-real/424.mp4,0,,Celeb-real,Celeb-real:424,a2edb05b3fa98507a4ed7fe7eb2dd294a9c1d939afc2ca61e18c856704577fd3
/Users/gokulmallabathula/deep-fake/datasets/raw/Celeb-real/425.mp4,0,,Celeb-real,Celeb-real:425,6c47b1bf8fcb63bd19c62fbe0c80d0cd3a1f6a0adc71e4dd92587377880c61fd
/Users/gokulmallabathula/deep-fake/datasets/raw/Celeb-real/426.mp4,0,,Celeb-real,Celeb-real:426,530d97c78b5be22eed2fb27578881d10bffff61677a3b656ec365a3936c13c07
/Users/gokulmallabathula/deep-fake/datasets/raw/Celeb-real/427.mp4,0,,Celeb-real,Celeb-real:427,11c4de68521d4f0360bf6188aa531861ae0eb6b021592eb535564be4e8a33599
/Users/gokulmallabathula/deep-fake/datasets/raw/Celeb-real/428.mp4,0,,Celeb-real,Celeb-real:428,1d39874619891cbe47aad61d8ba8769a2cd7b51eeff7e9e3ac1d2115b58f48d6
/Users/gokulmallabathula/deep-fake/datasets/raw/Celeb-real/429.mp4,0,,Celeb-real,Celeb-real:429,dede38271e238b3f261551d332c8b0269f9a105dab62802507e5bd9be7d8e74a
/Users/gokulmallabathula/deep-fake/datasets/raw/Celeb-real/43.mp4,0,,Celeb-real,Celeb-real:43,7fb1ebd9cc455862b9cd9d999b9d68c566f6eda4c5b2f34241b1ea4918fc3220
/Users/gokulmallabathula/deep-fake/datasets/raw/Celeb-real/430.mp4,0,,Celeb-real,Celeb-real:430,1267b4caec99b8b809187431179490cd745aca1f2d6b7b74d9f760818a22e373
/Users/gokulmallabathula/deep-fake/datasets/raw/Celeb-real/432.mp4,0,,Celeb-real,Celeb-real:432,ff4795a3610a5d89532e0a0b5baee86a2ec2d28e5b4e3e3c5741d628a0f03798
/Users/gokulmallabathula/deep-fake/datasets/raw/Celeb-real/433.mp4,0,,Celeb-real,Celeb-real:433,4700323e5c54e3978e891e353c81ee36ddae4b83294348234761ee38e4a77dff
/Users/gokulmallabathula/deep-fake/datasets/raw/Celeb-real/434.mp4,0,,Celeb-real,Celeb-real:434,56fec9dfc118eb60c1baecf62a832bca9015b5ffb8b40f627d64c3afad9176f7
/Users/gokulmallabathula/deep-fake/datasets/raw/Celeb-real/436.mp4,0,,Celeb-real,Celeb-real:436,f850ef4f69fee57c4986cc5e155f0f3ffd1013c75ed1777fdcbb428df2d22624
/Users/gokulmallabathula/deep-fake/datasets/raw/Celeb-real/437.mp4,0,,Celeb-real,Celeb-real:437,db016c8ce3d26c0bcde295d89ec073104f3419f36c7058b1584632ceb1abd8bc
/Users/gokulmallabathula/deep-fake/datasets/raw/Celeb-real/438.mp4,0,,Celeb-real,Celeb-real:438,5b885af715dc52247b308a5e18dcc390c7da17494326f6d9244f795c0e6f3426
/Users/gokulmallabathula/deep-fake/datasets/raw/Celeb-real/439.mp4,0,,Celeb-real,Celeb-real:439,f03c9a29804a0ec2e4f5f007324c42a401b8b2a9f1fe5531df758cfdff83364d
/Users/gokulmallabathula/deep-fake/datasets/raw/Celeb-real/440.mp4,0,,Celeb-real,Celeb-real:440,f24817e92bceb2c0a39ba336a957eba39692e345982d7f01f5f22cf806df8f3f
/Users/gokulmallabathula/deep-fake/datasets/raw/Celeb-real/441.mp4,0,,Celeb-real,Celeb-real:441,c48ff9216f8d39e6fe1cd598da8e972b403cecc5c0f56a3b6be7ef4c28420f4e
/Users/gokulmallabathula/deep-fake/datasets/raw/Celeb-real/442.mp4,0,,Celeb-real,Celeb-real:442,975c08b25463b51e7f8eef676a1c1cb82905aca1247c9ad005e0dbfbbb67e392
/Users/gokulmallabathula/deep-fake/datasets/raw/Celeb-real/443.mp4,0,,Celeb-real,Celeb-real:443,681b8d975e8d6911fe300843df7614196e63304be07aeb695927bfa665a176ab
/Users/gokulmallabathula/deep-fake/datasets/raw/Celeb-real/446.mp4,0,,Celeb-real,Celeb-real:446,8ba3b11e2f9d63f991dc5b5375538b86fe702d576219ee3196ac624eebbf1fb0
/Users/gokulmallabathula/deep-fake/datasets/raw/Celeb-real/448.mp4,0,,Celeb-real,Celeb-real:448,7c2cbfe1685b324c607e59ede622bd4b37439e8e70079c82940d169eee870666
/Users/gokulmallabathula/deep-fake/datasets/raw/Celeb-real/450.mp4,0,,Celeb-real,Celeb-real:450,d2256e15bfcd6a19b5cfcdce4bdce03d325e51c6e9de6062a106858e1a95c3c9
/Users/gokulmallabathula/deep-fake/datasets/raw/Celeb-real/451.mp4,0,,Celeb-real,Celeb-real:451,f2c914f1014d6cfb1a762892ab4dec527b47e0ab5515c47e0f61aec44353c8c5
/Users/gokulmallabathula/deep-fake/datasets/raw/Celeb-real/452.mp4,0,,Celeb-real,Celeb-real:452,4c850cf70866f175a4804190ebb42aae615623588d43e75e1bb7c80abaf42d30
/Users/gokulmallabathula/deep-fake/datasets/raw/Celeb-real/454.mp4,0,,Celeb-real,Celeb-real:454,e6ead9d07796e82b18e7c8fd767d10f9b521b60a1ec83f29b0bf260684ac8562
/Users/gokulmallabathula/deep-fake/datasets/raw/Celeb-real/455.mp4,0,,Celeb-real,Celeb-real:455,c33ff5bad04ef735e134f77beef777d5108ee2ead190f0f83867fbf69a1be79f
/Users/gokulmallabathula/deep-fake/datasets/raw/Celeb-real/456.mp4,0,,Celeb-real,Celeb-real:456,d77a44ce040014b9055246fe0d2938ff1e872fe7dd45fd2a357fe37052bf0ff2
/Users/gokulmallabathula/deep-fake/datasets/raw/Celeb-real/458.mp4,0,,Celeb-real,Celeb-real:458,8f9dc7e6c92d10fcbab1b341c17edeeb791e3a4573037d66078e68dc6239f9ab
/Users/gokulmallabathula/deep-fake/datasets/raw/Celeb-real/459.mp4,0,,Celeb-real,Celeb-real:459,97a7628d9ea8071e0bd0a6e68bcc76d69e369e712859d656b80acb01f85b7030
/Users/gokulmallabathula/deep-fake/datasets/raw/Celeb-real/46.mp4,0,,Celeb-real,Celeb-real:46,a414639672ec36459b1371f7af3d2a1f46ee7c8bdc28be27172547d332c8a2f1
/Users/gokulmallabathula/deep-fake/datasets/raw/Celeb-real/460.mp4,0,,Celeb-real,Celeb-real:460,f3dc496f0ac7a3a3dd252bb3b6f2c416eac0e7348ff36338bd03fb92cccee831
/Users/gokulmallabathula/deep-fake/datasets/raw/Celeb-real/461.mp4,0,,Celeb-real,Celeb-real:461,a804f1bf554e640387233cd532c0b36c5fef1f77fd9692f95d6b0a527722d809
/Users/gokulmallabathula/deep-fake/datasets/raw/Celeb-real/462.mp4,0,,Celeb-real,Celeb-real:462,30d1eb2b3c374c76c93e367755b0bba92b3bef29a1051378b35fece3fbe04f6e
/Users/gokulmallabathula/deep-fake/datasets/raw/Celeb-real/463.mp4,0,,Celeb-real,Celeb-real:463,cb7ea23f1eadd5bd99c4319cc94a3be59d224c59b427b35f8c3bca7469652249
/Users/gokulmallabathula/deep-fake/datasets/raw/Celeb-real/466.mp4,0,,Celeb-real,Celeb-real:466,5adaafb1464c1b260c4232f4eaae699d514d10d862d633e7b39e776f7e9b72ba
/Users/gokulmallabathula/deep-fake/datasets/raw/Celeb-real/467.mp4,0,,Celeb-real,Celeb-real:467,3a51674d952258b916840a7680957a21debeece41c3ec935a6084a9f51950142
/Users/gokulmallabathula/deep-fake/datasets/raw/Celeb-real/469.mp4,0,,Celeb-real,Celeb-real:469,acad2f6c7c77df7cb10d726665cb18003bf7ed163e44c454abed2ce53e516427
/Users/gokulmallabathula/deep-fake/datasets/raw/Celeb-real/47.mp4,0,,Celeb-real,Celeb-real:47,ef4aa898613622a752ee30c504543381da2e3b52e07becfc610bd83b717f8d8c
/Users/gokulmallabathula/deep-fake/datasets/raw/Celeb-real/470.mp4,0,,Celeb-real,Celeb-real:470,551ad1b4ab2a8e4191c51bbf42e96154cdd6111f5b7f1b96561d99ad6e251299
/Users/gokulmallabathula/deep-fake/datasets/raw/Celeb-real/471.mp4,0,,Celeb-real,Celeb-real:471,13ce61415c96572fcfb9f6230283fe76c1877eabf2e1c27f0d50fabb41b0be27
/Users/gokulmallabathula/deep-fake/datasets/raw/Celeb-real/473.mp4,0,,Celeb-real,Celeb-real:473,7ab52d82e3cc0cd5fa524309176088fabafec9093de84aa1fba85ec2489cc9cd
/Users/gokulmallabathula/deep-fake/datasets/raw/Celeb-real/474.mp4,0,,Celeb-real,Celeb-real:474,d14334076c2dbc97c5910562db799d873d6236f4c9d5e8ff38e1b3f281155c97
/Users/gokulmallabathula/deep-fake/datasets/raw/Celeb-real/476.mp4,0,,Celeb-real,Celeb-real:476,09e826b8b4ba8e7834c859f48f1cb4231742f3df6f1b4a44881e787a8c052019
/Users/gokulmallabathula/deep-fake/datasets/raw/Celeb-real/478.mp4,0,,Celeb-real,Celeb-real:478,ce00407dd1367a0dce1bb32136066b0dd7c815a04f049edef5600a5f897bd993
/Users/gokulmallabathula/deep-fake/datasets/raw/Celeb-real/479.mp4,0,,Celeb-real,Celeb-real:479,fadf27e56bb3e35b067377daaab05456c01f66abb82678aa95e4b9e4765c42ef
/Users/gokulmallabathula/deep-fake/datasets/raw/Celeb-real/481.mp4,0,,Celeb-real,Celeb-real:481,cee9830c9b97f1bf156a5d45d6c0891711f7b39c830a9540ee7f97c97bad2fa7
/Users/gokulmallabathula/deep-fake/datasets/raw/Celeb-real/49.mp4,0,,Celeb-real,Celeb-real:49,25dd49d7880604d6d695b9b3ed352cb03dac8be20c9d18b2721a0b828674572d
/Users/gokulmallabathula/deep-fake/datasets/raw/Celeb-real/5.mp4,0,,Celeb-real,Celeb-real:5,7352318bd39055c61481f4456d158d33c1b7f2ee9d87b285253e7ca9b5bc35a4
/Users/gokulmallabathula/deep-fake/datasets/raw/Celeb-real/50.mp4,0,,Celeb-real,Celeb-real:50,126e9b44d780a38d8eac2050310b98ed3f612ff494c28996b67e957af71c4d16
/Users/gokulmallabathula/deep-fake/datasets/raw/Celeb-real/53.mp4,0,,Celeb-real,Celeb-real:53,b58a399fce637bfce6762ce6a25f6462b9cccea39d3bd53944fbfa1b306d9bb8
/Users/gokulmallabathula/deep-fake/datasets/raw/Celeb-real/54.mp4,0,,Celeb-real,Celeb-real:54,9706a849ded4f83f185ba38b5de0846680ef6d2bce6065c7533988ae734323e7
/Users/gokulmallabathula/deep-fake/datasets/raw/Celeb-real/56.mp4,0,,Celeb-real,Celeb-real:56,4da423b1f660597fce93c142eb591e86610db2088697b9f129dee4f3bed5829f
/Users/gokulmallabathula/deep-fake/datasets/raw/Celeb-real/59.mp4,0,,Celeb-real,Celeb-real:59,1173bfa654b3be767200393b1026d2682f4033f4a82dff2d8172532ab0b6c3fb
/Users/gokulmallabathula/deep-fake/datasets/raw/Celeb-real/6.mp4,0,,Celeb-real,Celeb-real:6,2a772345b81b0b9072fd6cdac2021159f61c2000816816bb550689557c0f6a11
/Users/gokulmallabathula/deep-fake/datasets/raw/Celeb-real/61.mp4,0,,Celeb-real,Celeb-real:61,88e16e1f3755c10867075f9fbf31f0f559646470318b01a298fcd102a25108c7
/Users/gokulmallabathula/deep-fake/datasets/raw/Celeb-real/63.mp4,0,,Celeb-real,Celeb-real:63,94ea96eaa8fe7aa1c25df50dc61d99c2a4f84f3af6d3a6758caf4c3f75e0086e
/Users/gokulmallabathula/deep-fake/datasets/raw/Celeb-real/64.mp4,0,,Celeb-real,Celeb-real:64,a77584f2da11378e25ed4344d4712fab5c0082587c8cfb35fdba60fc386104b8
/Users/gokulmallabathula/deep-fake/datasets/raw/Celeb-real/65.mp4,0,,Celeb-real,Celeb-real:65,828acde190665afebc2a4f7b5b82ebefe518f40972fb2a01ee0d7b19149abfc4
/Users/gokulmallabathula/deep-fake/datasets/raw/Celeb-real/67.mp4,0,,Celeb-real,Celeb-real:67,1d9c4c26fa634ab3863c30005b24e4f9215576475a23b2a5dbb4109255eded1b
/Users/gokulmallabathula/deep-fake/datasets/raw/Celeb-real/68.mp4,0,,Celeb-real,Celeb-real:68,3bf5fef38c5766e5fd5fa1a089546587966c80c3f2caaf2ac4ebef88c7f5d480
/Users/gokulmallabathula/deep-fake/datasets/raw/Celeb-real/69.mp4,0,,Celeb-real,Celeb-real:69,45218bb7c3150c49fbff2fb0ca3d195f0722ba95bee112fd1dfecd18a73750db
/Users/gokulmallabathula/deep-fake/datasets/raw/Celeb-real/7.mp4,0,,Celeb-real,Celeb-real:7,34934ae0aa657e88be8088cf6c187bd45d1ce31a2a260ddadaa9c41b1e304ad8
/Users/gokulmallabathula/deep-fake/datasets/raw/Celeb-real/71.mp4,0,,Celeb-real,Celeb-real:71,d615e7d0720e92e4f80d27a79e787ea474cb7d08efb1c9667465e5d635b0ce98
/Users/gokulmallabathula/deep-fake/datasets/raw/Celeb-real/72.mp4,0,,Celeb-real,Celeb-real:72,37483fb26c6b025aa1e0921a2434217b2c0453413b254cb1f0160a92ce9da890
/Users/gokulmallabathula/deep-fake/datasets/raw/Celeb-real/73.mp4,0,,Celeb-real,Celeb-real:73,52e98b4c98af7502aea362de07175a95af853c3e7659d8b3152489bc46d64c22
/Users/gokulmallabathula/deep-fake/datasets/raw/Celeb-real/74.mp4,0,,Celeb-real,Celeb-real:74,41d1204c9029d13fb4a784673079ea239b835b4b9708b3ed0e40516a541d67ef
/Users/gokulmallabathula/deep-fake/datasets/raw/Celeb-real/75.mp4,0,,Celeb-real,Celeb-real:75,6a4c5939588802cd33c855f8764f22575cd4c508672e4eb1e84329c9af4ba115
/Users/gokulmallabathula/deep-fake/datasets/raw/Celeb-real/76.mp4,0,,Celeb-real,Celeb-real:76,c7a3c78fdb61af3610e9528fd50b380dec385cb23d9b7af2bf091075fee67679
/Users/gokulmallabathula/deep-fake/datasets/raw/Celeb-real/78.mp4,0,,Celeb-real,Celeb-real:78,1bb7d66cee20c32f2cf79472e36d10b491c9023f2361e37c973822b17f1ce91a
/Users/gokulmallabathula/deep-fake/datasets/raw/Celeb-real/8.mp4,0,,Celeb-real,Celeb-real:8,1fca63ec8d9186e9d37da918b20d2e824e428bf8d3e3c6866cabd60e56f6100a
/Users/gokulmallabathula/deep-fake/datasets/raw/Celeb-real/80.mp4,0,,Celeb-real,Celeb-real:80,04d9d0e1cdda97135abc8a04579ea1ecefde6254108ffd2933391ed7c477ec32
/Users/gokulmallabathula/deep-fake/datasets/raw/Celeb-real/81.mp4,0,,Celeb-real,Celeb-real:81,31dc37cc5225e34478e38121163a36af55dbf762a15ef50aff460833d26300f5
/Users/gokulmallabathula/deep-fake/datasets/raw/Celeb-real/82.mp4,0,,Celeb-real,Celeb-real:82,2d58e99c81ffa641ad66b9232e80efedb4d94c4a0fe7bc869d35c00901d20d05
/Users/gokulmallabathula/deep-fake/datasets/raw/Celeb-real/85.mp4,0,,Celeb-real,Celeb-real:85,c80effbdbdf7ea5b6b2fab02fa8d4b5dde64aef46c91d6c6911a01e6d03673a4
/Users/gokulmallabathula/deep-fake/datasets/raw/Celeb-real/86.mp4,0,,Celeb-real,Celeb-real:86,5eee924fa40d1ef57eeb5eb958c31b14cade28dcd200f9eb26731f092a0c96e4
/Users/gokulmallabathula/deep-fake/datasets/raw/Celeb-real/87.mp4,0,,Celeb-real,Celeb-real:87,c9b0c5bfadd40c064e8a46f5fbe4bb1acaaaff06d42377b09188277ad7929c0b
/Users/gokulmallabathula/deep-fake/datasets/raw/Celeb-real/88.mp4,0,,Celeb-real,Celeb-real:88,054cd1a381f751fdf8326c0533393665bc3d27ec57abbcf72ad729a55c49e9ba
/Users/gokulmallabathula/deep-fake/datasets/raw/Celeb-real/89.mp4,0,,Celeb-real,Celeb-real:89,cfbd7b85055cc5fd006a18e3343f17a3429b0f31c6e51bfab6a707c5d8ce451d
/Users/gokulmallabathula/deep-fake/datasets/raw/Celeb-real/9.mp4,0,,Celeb-real,Celeb-real:9,11948707dc8ddf381fa1190331ed621fa7609b3e704ff9de5fcbb0740329f9b7
/Users/gokulmallabathula/deep-fake/datasets/raw/Celeb-real/90.mp4,0,,Celeb-real,Celeb-real:90,513ce477781cc98c68d9a8ed188061490d3ce7d0549a4432f7a3ab58d7ca63ae
/Users/gokulmallabathula/deep-fake/datasets/raw/Celeb-real/91.mp4,0,,Celeb-real,Celeb-real:91,2bcd7e4e0bd9b10c0392281e7543ef76914914d0fc96bc53f044a714df115a68
/Users/gokulmallabathula/deep-fake/datasets/raw/Celeb-real/92.mp4,0,,Celeb-real,Celeb-real:92,a5a6d2607fe0881dd0806842214ed241db540c1dbb7fdbe88b8fc13085af2057
/Users/gokulmallabathula/deep-fake/datasets/raw/Celeb-real/93.mp4,0,,Celeb-real,Celeb-real:93,d5b31c9cb84be6d436a6bee119a192c08fa20e047a4429e66261020a1da5008e
/Users/gokulmallabathula/deep-fake/datasets/raw/Celeb-real/95.mp4,0,,Celeb-real,Celeb-real:95,076b4f546e98bfea3edb4893c716e80110c758e1814de777a11929aaf0b08e09
/Users/gokulmallabathula/deep-fake/datasets/raw/Celeb-real/96.mp4,0,,Celeb-real,Celeb-real:96,8e1606920ebe44bc19431eed112596aaa0be5e6bbb5f28a6d54838c42fb9da8e
/Users/gokulmallabathula/deep-fake/datasets/raw/Celeb-real/97.mp4,0,,Celeb-real,Celeb-real:97,39828d3242220cf1cb0ab67c2779af05366b3722ede65f1a25b77540646fdcc0
/Users/gokulmallabathula/deep-fake/datasets/raw/Celeb-real/98.mp4,0,,Celeb-real,Celeb-real:98,0248bcca3d3e4b1333376fef10678be479bcdcf856dfffc134f31f35e3924e30
/Users/gokulmallabathula/deep-fake/datasets/raw/Celeb-real/99.mp4,0,,Celeb-real,Celeb-real:99,3cb375c6b34ca37511308d209a639ff6e2e92ae09cea2e8a8ca5c7cb3e950a5b
/Users/gokulmallabathula/deep-fake/datasets/raw/YouTube-real/1.mp4,0,,YouTube-real,YouTube-real:1,ad5f2960e5802582869e2d0cd8e22fdc37bcc84c37d1675c77c8526880607547
/Users/gokulmallabathula/deep-fake/datasets/raw/YouTube-real/10.mp4,0,,YouTube-real,YouTube-real:10,9c5f6c91b006ee1700cc41e57e5d07db83993b8e7bc3b548f1483b98e5a06469
/Users/gokulmallabathula/deep-fake/datasets/raw/YouTube-real/100.mp4,0,,YouTube-real,YouTube-real:100,41727bcaaea5052bc54897777074de36a031a96534c5b0ee07e61c0a6f51084c
/Users/gokulmallabathula/deep-fake/datasets/raw/YouTube-real/101.mp4,0,,YouTube-real,YouTube-real:101,30db668c4891aa745bf42f6129a26b5ca7fa7eb3ac3bd3df20daad5beabbd6a0
/Users/gokulmallabathula/deep-fake/datasets/raw/YouTube-real/104.mp4,0,,YouTube-real,YouTube-real:104,4bc73f3d84e2f51854766f8d8c03ad2258db4a6e4b5d0760ce29a7cb2443bc1d
/Users/gokulmallabathula/deep-fake/datasets/raw/YouTube-real/106.mp4,0,,YouTube-real,YouTube-real:106,56e3d4eaf5f28c48bd763a853e59cc79947ecbcba8a5745d68133d7dcb984080
/Users/gokulmallabathula/deep-fake/datasets/raw/YouTube-real/107.mp4,0,,YouTube-real,YouTube-real:107,850f7d98b6b0a1582136210fda3022f987ee08b98e6877f6bb690de83abd84bf
/Users/gokulmallabathula/deep-fake/datasets/raw/YouTube-real/110.mp4,0,,YouTube-real,YouTube-real:110,b85a0ebaafef3902509298d6171c4148a7642f93fcafa0bb186adcb01a6171e2
/Users/gokulmallabathula/deep-fake/datasets/raw/YouTube-real/111.mp4,0,,YouTube-real,YouTube-real:111,ff4d75b78855b8053bbfdbdb041047d58309429b3668e88bdaeebd043bec7671
/Users/gokulmallabathula/deep-fake/datasets/raw/YouTube-real/113.mp4,0,,YouTube-real,YouTube-real:113,509a98b4b5615b451598eb9ee05a6873119cfec363e1a13a6aed23cd8c3f7f26
/Users/gokulmallabathula/deep-fake/datasets/raw/YouTube-real/114.mp4,0,,YouTube-real,YouTube-real:114,4ad9d5bd718e4fef4041ef6f5d818ab0bdafeb2bc451a75be31c799e329f2b18
/Users/gokulmallabathula/deep-fake/datasets/raw/YouTube-real/115.mp4,0,,YouTube-real,YouTube-real:115,a3b08c4f1c25d00a74900b4aa543f1bd2256b371b8d5bf82871b8999655d80e0
/Users/gokulmallabathula/deep-fake/datasets/raw/YouTube-real/116.mp4,0,,YouTube-real,YouTube-real:116,279b67fcb413b55c86c4e31a0d718f5987530c24afb58e216fcb89e1432e6633
/Users/gokulmallabathula/deep-fake/datasets/raw/YouTube-real/117.mp4,0,,YouTube-real,YouTube-real:117,6b3eccf95335fda964f50224c1aa8633fbcdf8f909c3f35cb8adbef4861eb3fe
/Users/gokulmallabathula/deep-fake/datasets/raw/YouTube-real/118.mp4,0,,YouTube-real,YouTube-real:118,aea516285926f5d72e3f003a60de26f29131d74cf66217a007d5e51e97025ed4
/Users/gokulmallabathula/deep-fake/datasets/raw/YouTube-real/119.mp4,0,,YouTube-real,YouTube-real:119,619d49e35fe3678951901bafdc8a0521f6c63cee494e3cee7fcedc813c24b29a
/Users/gokulmallabathula/deep-fake/datasets/raw/YouTube-real/12.mp4,0,,YouTube-real,YouTube-real:12,d4d93f0fa26c6a25ce8815d9dab4be902c158313fc3c4e0b53e390a2c849afa9
/Users/gokulmallabathula/deep-fake/datasets/raw/YouTube-real/120.mp4,0,,YouTube-real,YouTube-real:120,5c0169eb13e43d38a210e777a41c673810b27416e129c3410f8c23252dc96966
/Users/gokulmallabathula/deep-fake/datasets/raw/YouTube-real/121.mp4,0,,YouTube-real,YouTube-real:121,26c926dad5f632452cf9990d9bfd9faae776c00f2630161ca1aa9e9dac033a9d
/Users/gokulmallabathula/deep-fake/datasets/raw/YouTube-real/122.mp4,0,,YouTube-real,YouTube-real:122,a452e44c31f6cfa1a4f55f0aa51a520983332633093d39319771e0078c8dcb4a
/Users/gokulmallabathula/deep-fake/datasets/raw/YouTube-real/123.mp4,0,,YouTube-real,YouTube-real:123,d3959474c4f9fcf8ba415189173045c40ce1a2d6e8218d2862c3ef1f2a37603e
/Users/gokulmallabathula/deep-fake/datasets/raw/YouTube-real/124.mp4,0,,YouTube-real,YouTube-real:124,d33397e5e0f990c336dfb1eb3e82e82efa3052e137a12ee23d051abdd2c6e78f
/Users/gokulmallabathula/deep-fake/datasets/raw/YouTube-real/125.mp4,0,,YouTube-real,YouTube-real:125,2a2759ace9359ac3b9915b81c0629fcb06e103a966826954a6af17e252c274c0
/Users/gokulmallabathula/deep-fake/datasets/raw/YouTube-real/127.mp4,0,,YouTube-real,YouTube-real:127,7662b121f3c9251841fa45054e1ae6b029ab35ac50fa1d86c49c822e4ac14574
/Users/gokulmallabathula/deep-fake/datasets/raw/YouTube-real/13.mp4,0,,YouTube-real,YouTube-real:13,d16bda3d441f9bc436d7170887c3407a4176de874d54609de27c1ee5ba334a00
/Users/gokulmallabathula/deep-fake/datasets/raw/YouTube-real/130.mp4,0,,YouTube-real,YouTube-real:130,335811930a033dc18387e61189bba37b6c3f2f6948da2cb37249fc9088efe5d9
/Users/gokulmallabathula/deep-fake/datasets/raw/YouTube-real/131.mp4,0,,YouTube-real,YouTube-real:131,23aa4ca27cf0f099cb605c3df35e89dbc3548f199a7ae634cf784c1c06182268
/Users/gokulmallabathula/deep-fake/datasets/raw/YouTube-real/133.mp4,0,,YouTube-real,YouTube-real:133,c5b0f2a6ea568ebbee7369c89b29a3e5823776dd99174ce4796b2ade5da44fad
/Users/gokulmallabathula/deep-fake/datasets/raw/YouTube-real/134.mp4,0,,YouTube-real,YouTube-real:134,79fbda64af981ed9709ccd79d241ad291e938f776d752ea9ca0389e94b66cb7f
/Users/gokulmallabathula/deep-fake/datasets/raw/YouTube-real/137.mp4,0,,YouTube-real,YouTube-real:137,3c49a3cd90ec97b273cf5d59b594cd64e55f343f1ec36d4420720200b5cbb3b6
/Users/gokulmallabathula/deep-fake/datasets/raw/YouTube-real/139.mp4,0,,YouTube-real,YouTube-real:139,ae9cc3b9c5365a978607888abe95bac201a4d7eca18d50bdbe824bcc0cc14e58
/Users/gokulmallabathula/deep-fake/datasets/raw/YouTube-real/141.mp4,0,,YouTube-real,YouTube-real:141,ccfb5fed1cdce408afccc27b3981f7283ac2d38ae1927524981facdbdec8959f
/Users/gokulmallabathula/deep-fake/datasets/raw/YouTube-real/142.mp4,0,,YouTube-real,YouTube-real:142,b8528d4f6f13665dd0cef9b4512d1edc1ad98e554979f36bf7e7c67d90bf5218
/Users/gokulmallabathula/deep-fake/datasets/raw/YouTube-real/147.mp4,0,,YouTube-real,YouTube-real:147,8071d62cec5fc5f7c524808e757d59b18191f9942b59d8ab7032abfc31339661
/Users/gokulmallabathula/deep-fake/datasets/raw/YouTube-real/148.mp4,0,,YouTube-real,YouTube-real:148,3d501307191780501942c685c4467b897b7823a25e91c77b2f13de5058c6400b
/Users/gokulmallabathula/deep-fake/datasets/raw/YouTube-real/149.mp4,0,,YouTube-real,YouTube-real:149,f43fa44c9200701b14fd3c105412f6bb8f112dd83736bd16df2bf47c128f78a4
/Users/gokulmallabathula/deep-fake/datasets/raw/YouTube-real/15.mp4,0,,YouTube-real,YouTube-real:15,2f056f3904b7d21ce571276653de8488f3cdac5d66baa499b2f64cc330154819
/Users/gokulmallabathula/deep-fake/datasets/raw/YouTube-real/150.mp4,0,,YouTube-real,YouTube-real:150,8b8e4a172160cc2a8beb73ddc40dea2ee67c7ede9370f7329660da32899641df
/Users/gokulmallabathula/deep-fake/datasets/raw/YouTube-real/151.mp4,0,,YouTube-real,YouTube-real:151,5d5d5e61bc88b1c41eebe28b56286faa4868cb4a989ffac1ace343d3b69ff7b1
/Users/gokulmallabathula/deep-fake/datasets/raw/YouTube-real/153.mp4,0,,YouTube-real,YouTube-real:153,3c1d43d8fd65b52070a0bfee87409d3672aea038fa4b3bd99366f211e50ec03f
/Users/gokulmallabathula/deep-fake/datasets/raw/YouTube-real/155.mp4,0,,YouTube-real,YouTube-real:155,094670942f3240cd5bc808aefa47b3febe95bc7dbc7dbd1cc832a4255194d29c
/Users/gokulmallabathula/deep-fake/datasets/raw/YouTube-real/156.mp4,0,,YouTube-real,YouTube-real:156,c5efd368fdc7595471dd36f6449c377b444ae322b31c68bfd9d83bcbc9e5ec83
/Users/gokulmallabathula/deep-fake/datasets/raw/YouTube-real/157.mp4,0,,YouTube-real,YouTube-real:157,2a109dca6ca4f503460c6b3c6ef1c1c0b155cb79c3ae70f473f266b4550afbc2
/Users/gokulmallabathula/deep-fake/datasets/raw/YouTube-real/159.mp4,0,,YouTube-real,YouTube-real:159,d2c8ad501a51d3e56c4e31351e52ff8e4d920775b65fb7498398d393408057eb
/Users/gokulmallabathula/deep-fake/datasets/raw/YouTube-real/16.mp4,0,,YouTube-real,YouTube-real:16,5ac80423a4681aaa711e850f8d069a4641e70ff813db1d2289fb9b41cbdc9012
/Users/gokulmallabathula/deep-fake/datasets/raw/YouTube-real/160.mp4,0,,YouTube-real,YouTube-real:160,b3923199c0d370f82fd6ca05ce58b7169ef6015a7d2800bcd7839d465e1e2262
/Users/gokulmallabathula/deep-fake/datasets/raw/YouTube-real/162.mp4,0,,YouTube-real,YouTube-real:162,2fb5bfc110d41dd502b5747bd794772ace9aa5a77f617ec060bb79d4b1ee63f8
/Users/gokulmallabathula/deep-fake/datasets/raw/YouTube-real/163.mp4,0,,YouTube-real,YouTube-real:163,c03644caf97c16c68d4b9e0a0dc4f8e6daa7152ef55631b79b89c19b5cf8d769
/Users/gokulmallabathula/deep-fake/datasets/raw/YouTube-real/164.mp4,0,,YouTube-real,YouTube-real:164,607c6ceaf296c73070889a1901c309f3c2afe90a1fc4e04126a0445b99b0c2d2
/Users/gokulmallabathula/deep-fake/datasets/raw/YouTube-real/167.mp4,0,,YouTube-real,YouTube-real:167,81ceafbf7f6bc4c83557044a87f77020a2ee2b11b1d4d76358c324c47c3cc64d
/Users/gokulmallabathula/deep-fake/datasets/raw/YouTube-real/168.mp4,0,,YouTube-real,YouTube-real:168,7754d32d2f04fd5d8c4629ec5d238162bf87813c65d139f9ec3ab47344d3b4ce
/Users/gokulmallabathula/deep-fake/datasets/raw/YouTube-real/171.mp4,0,,YouTube-real,YouTube-real:171,986faafcc5fe44116eec11a5d5d9c2d636da0b35468ccd22b912228ce23529db
/Users/gokulmallabathula/deep-fake/datasets/raw/YouTube-real/172.mp4,0,,YouTube-real,YouTube-real:172,b44e871fda962b9b2b94445aa9065d25bebb6f7e7baca793ad9277f5d2b44618
/Users/gokulmallabathula/deep-fake/datasets/raw/YouTube-real/174.mp4,0,,YouTube-real,YouTube-real:174,6066fe0ec1306ee267c3955a132e978bf4a8d3d063ba3f69995c26e426cab9be
/Users/gokulmallabathula/deep-fake/datasets/raw/YouTube-real/175.mp4,0,,YouTube-real,YouTube-real:175,9d1906b13d29857d38cab981b0dd07b1c25d7e680a198b67462007931da89ed0
/Users/gokulmallabathula/deep-fake/datasets/raw/YouTube-real/176.mp4,0,,YouTube-real,YouTube-real:176,7f0f0588ee0db0c1f16d4542f98d49b44262d6b5fbb06f48d337d9cd3039a83c
/Users/gokulmallabathula/deep-fake/datasets/raw/YouTube-real/177.mp4,0,,YouTube-real,YouTube-real:177,a88f1e478fa0ef136264828e7a0f8deb48cb504ff1f7b29e9f8e91adcdaff156
/Users/gokulmallabathula/deep-fake/datasets/raw/YouTube-real/178.mp4,0,,YouTube-real,YouTube-real:178,c9ce0cb679c517a1d3d8eb6261937e1705853b32ce456ce0c883818d00db025d
/Users/gokulmallabathula/deep-fake/datasets/raw/YouTube-real/179.mp4,0,,YouTube-real,YouTube-real:179,a6408a3489421a795252fed7c095d58dd578bdd890673c55fdc8f4842e75804b
/Users/gokulmallabathula/deep-fake/datasets/raw/YouTube-real/18.mp4,0,,YouTube-real,YouTube-real:18,685e3c40f7425c9c6cb1c956e0999b60afec95740093d9fdef0c0cdbebef1d5b
/Users/gokulmallabathula/deep-fake/datasets/raw/YouTube-real/180.mp4,0,,YouTube-real,YouTube-real:180,b28fdc638b00c6491fc2c9bae9f9926c44f77e6101aba5e9c44e57ff54565431
/Users/gokulmallabathula/deep-fake/datasets/raw/YouTube-real/181.mp4,0,,YouTube-real,YouTube-real:181,e3972518a89e2ca1011a200829d913594a04242b0befdb83588cbbaf5e4f1ff2
/Users/gokulmallabathula/deep-fake/datasets/raw/YouTube-real/182.mp4,0,,YouTube-real,YouTube-real:182,15a64cc8ef2071b100f88b40df7ad7a481a184e77a9f97d0e1d40aac6d8b96bf
/Users/gokulmallabathula/deep-fake/datasets/raw/YouTube-real/183.mp4,0,,YouTube-real,YouTube-real:183,1ece44c420f9270f2753670aec3472f228fa25d327e50f135fe207d2aab55468
/Users/gokulmallabathula/deep-fake/datasets/raw/YouTube-real/185.mp4,0,,YouTube-real,YouTube-real:185,3b95a19319272327d9a03dde0f396519b98faea5fcb7406ec3e1ca8fa968d24e
/Users/gokulmallabathula/deep-fake/datasets/raw/YouTube-real/186.mp4,0,,YouTube-real,YouTube-real:186,0b05baa5c1d51b47859de8928325291101dbf103cf3c1672c728e9ee27b5fb47
/Users/gokulmallabathula/deep-fake/datasets/raw/YouTube-real/187.mp4,0,,YouTube-real,YouTube-real:187,77772e2e3bde42445a8b114c5a72aff3a29c790b65937162bd0eb7e47568eef8
/Users/gokulmallabathula/deep-fake/datasets/raw/YouTube-real/188.mp4,0,,YouTube-real,YouTube-real:188,b0cb14991d02abdb9260a13147f08c3bb1d5eb1b16e4f642d1e30d2ff9e8c5e8
/Users/gokulmallabathula/deep-fake/datasets/raw/YouTube-real/190.mp4,0,,YouTube-real,YouTube-real:190,cc75a207251971f05a77b6fed61c3ced403fa96d469e0d8267daeaa31e657cfb
/Users/gokulmallabathula/deep-fake/datasets/raw/YouTube-real/191.mp4,0,,YouTube-real,YouTube-real:191,310a2444a57a979abb715434f7d52085d8b749aba8e8b0f0a4b3f66849f53731
/Users/gokulmallabathula/deep-fake/datasets/raw/YouTube-real/194.mp4,0,,YouTube-real,YouTube-real:194,fce04ce1959cfb79bbd41879856949cd8693cfca242928438a4eab03abae6889
/Users/gokulmallabathula/deep-fake/datasets/raw/YouTube-real/196.mp4,0,,YouTube-real,YouTube-real:196,c76dfb511e89a280fcd2f9fae51cfdfd3d6145e2c9171a590a95b5ad4ac4e871
/Users/gokulmallabathula/deep-fake/datasets/raw/YouTube-real/199.mp4,0,,YouTube-real,YouTube-real:199,15d0849b450a321efbf04dfc24cc49524ef55053e3db6f4cb8f7a0b94545563d
/Users/gokulmallabathula/deep-fake/datasets/raw/YouTube-real/2.mp4,0,,YouTube-real,YouTube-real:2,a3d34f96c500a461e682b0e175710ac6ce5a7d3cafeefd613823dfb5f4dbc06c
/Users/gokulmallabathula/deep-fake/datasets/raw/YouTube-real/20.mp4,0,,YouTube-real,YouTube-real:20,9a0825ea87ec845522388cdb30b06f4bdc432317fea116a97e62d107e46fbfa9
/Users/gokulmallabathula/deep-fake/datasets/raw/YouTube-real/201.mp4,0,,YouTube-real,YouTube-real:201,6d966c04c885193735b66262d5e4813c32f3bfb8d32dae5ed7416cb5374715ba
/Users/gokulmallabathula/deep-fake/datasets/raw/YouTube-real/202.mp4,0,,YouTube-real,YouTube-real:202,3a6d4c0de731f9ba68294fffb8593dcc946515345f802f91052c33f5ac8cbb78
/Users/gokulmallabathula/deep-fake/datasets/raw/YouTube-real/203.mp4,0,,YouTube-real,YouTube-real:203,e83004b42191bed74203bb55caa3ce1031d026ad7f8ed36d4ad44402da157d74
/Users/gokulmallabathula/deep-fake/datasets/raw/YouTube-real/204.mp4,0,,YouTube-real,YouTube-real:204,f1e854fe3107afc366e01da1fb52e3f739924f14e5667918599a592246788996
/Users/gokulmallabathula/deep-fake/datasets/raw/YouTube-real/206.mp4,0,,YouTube-real,YouTube-real:206,b63cd23ae4913e77cf80a6154cdf147417b720744d16c8cba7956e555f2c466b
/Users/gokulmallabathula/deep-fake/datasets/raw/YouTube-real/207.mp4,0,,YouTube-real,YouTube-real:207,629c843d30d0eba3da7e3b2ef4119b6d6b9798afaeb70bbd65ef9c8c59390809
/Users/gokulmallabathula/deep-fake/datasets/raw/YouTube-real/209.mp4,0,,YouTube-real,YouTube-real:209,cb8a061f2c2ed3fe43f5359b62322113aee3555319d25b9229c5d55f5f559953
/Users/gokulmallabathula/deep-fake/datasets/raw/YouTube-real/210.mp4,0,,YouTube-real,YouTube-real:210,ef2b3c97c63cb15ebef24b17dffbf5a5df33b2d57c39ea6f016012b57ddbb0cc
/Users/gokulmallabathula/deep-fake/datasets/raw/YouTube-real/212.mp4,0,,YouTube-real,YouTube-real:212,96ee105ab73b7f898369bc196d4a40368dbbbbd8d15c55c689ec2e5b7c873a83
/Users/gokulmallabathula/deep-fake/datasets/raw/YouTube-real/214.mp4,0,,YouTube-real,YouTube-real:214,a456e1d43c8f850965bb483ed7586130ccfa1bc945a3a4536f03800dfe50e8f2
/Users/gokulmallabathula/deep-fake/datasets/raw/YouTube-real/215.mp4,0,,YouTube-real,YouTube-real:215,a921ce071d38da4250f9f29fd2c453a0e07d0fa316ee352b0044f54707bf5107
/Users/gokulmallabathula/deep-fake/datasets/raw/YouTube-real/217.mp4,0,,YouTube-real,YouTube-real:217,1118b7b213a906ea7505feb49c8d1e33bf15689d6f0e66169249341668293c13
/Users/gokulmallabathula/deep-fake/datasets/raw/YouTube-real/22.mp4,0,,YouTube-real,YouTube-real:22,5e72905cb41c1e866ec97e7acfebdfd460147db87db9fe3ffa644eb36988a17b
/Users/gokulmallabathula/deep-fake/datasets/raw/YouTube-real/222.mp4,0,,YouTube-real,YouTube-real:222,f7bb48678421b8e0dce404801ccdc98a201f1e7f35076495bb530493f18b9a0f
/Users/gokulmallabathula/deep-fake/datasets/raw/YouTube-real/224.mp4,0,,YouTube-real,YouTube-real:224,93f4a231b628f76fb6740cee9de7ee5bde134a46896d4f0dc9f13cd128e887d3
/Users/gokulmallabathula/deep-fake/datasets/raw/YouTube-real/225.mp4,0,,YouTube-real,YouTube-real:225,e8e31952d4013c14ba8d4aa08e643b513bce558f216442ec6e6114c9154f5f66
/Users/gokulmallabathula/deep-fake/datasets/raw/YouTube-real/228.mp4,0,,YouTube-real,YouTube-real:228,76059126dccc478397eb05189c89e57ae13e6824c9a1cf12fc4fa20868f7fd17
/Users/gokulmallabathula/deep-fake/datasets/raw/YouTube-real/229.mp4,0,,YouTube-real,YouTube-real:229,ab250b756692bb3402a0a7e093f8a14025402d9cea82f798f04aa239189947b0
/Users/gokulmallabathula/deep-fake/datasets/raw/YouTube-real/23.mp4,0,,YouTube-real,YouTube-real:23,3cae9503494e0da2136ec907d84bff83a887de55a9d6c01795b6bdba1c58b919
/Users/gokulmallabathula/deep-fake/datasets/raw/YouTube-real/24.mp4,0,,YouTube-real,YouTube-real:24,900a66fe48003358f64584773d0be86e9aadf13a52d3e9d9e39fef4405fa535a
/Users/gokulmallabathula/deep-fake/datasets/raw/YouTube-real/27.mp4,0,,YouTube-real,YouTube-real:27,59f86a75395c0bfea56c86aa72d808b79c87f08239a08571cd6413464f3d2bf2
/Users/gokulmallabathula/deep-fake/datasets/raw/YouTube-real/28.mp4,0,,YouTube-real,YouTube-real:28,fbccab8d5fd48f86163cbd24925cef34160a02696146ff71356cedd54a2493fb
/Users/gokulmallabathula/deep-fake/datasets/raw/YouTube-real/29.mp4,0,,YouTube-real,YouTube-real:29,b643f0116b8888785342c0bcd231fae547020aa0ab346519cd6a778edbbe0aad
/Users/gokulmallabathula/deep-fake/datasets/raw/YouTube-real/3.mp4,0,,YouTube-real,YouTube-real:3,0514ed36c768978f80d8ab62808401d6b380f0fde24d6bca8ba1ee6fc2ea6f3d
/Users/gokulmallabathula/deep-fake/datasets/raw/YouTube-real/30.mp4,0,,YouTube-real,YouTube-real:30,4767de38e80d329f5f71ab4ef1a22797f7f64e10005a4b906ef1640e3b0498b1
/Users/gokulmallabathula/deep-fake/datasets/raw/YouTube-real/31.mp4,0,,YouTube-real,YouTube-real:31,4ea1a35e771c82827590f8fa052e797494cbc81129c557a55f8f5052bc1cc222
/Users/gokulmallabathula/deep-fake/datasets/raw/YouTube-real/32.mp4,0,,YouTube-real,YouTube-real:32,97d1d02905eaa3bdcc89e913a2d684f1b799cee9a9da9fae7b5bb849588c45cd
/Users/gokulmallabathula/deep-fake/datasets/raw/YouTube-real/33.mp4,0,,YouTube-real,YouTube-real:33,1af36613e7308043cb355ea99cb075e31b088c7ef38caeba80e992852e30cefb
/Users/gokulmallabathula/deep-fake/datasets/raw/YouTube-real/34.mp4,0,,YouTube-real,YouTube-real:34,5dfca7a6e5d5c9d10dd6921f2bc7aa16fa82465537cb0c843c69b6d2e4caea90
/Users/gokulmallabathula/deep-fake/datasets/raw/YouTube-real/35.mp4,0,,YouTube-real,YouTube-real:35,457d660bdf0c20226483ce3c6846583a9bea74286d796c8a1aaa3df69c669481
/Users/gokulmallabathula/deep-fake/datasets/raw/YouTube-real/37.mp4,0,,YouTube-real,YouTube-real:37,f1da94e155e974a4697f97739b96edd76de00d8d4efc63ed85621047bbaf879c
/Users/gokulmallabathula/deep-fake/datasets/raw/YouTube-real/4.mp4,0,,YouTube-real,YouTube-real:4,c32049a10ab3d3a1bf6010e2e85bddf16a4590415eda5ce87db3c9e353436fcd
/Users/gokulmallabathula/deep-fake/datasets/raw/YouTube-real/43.mp4,0,,YouTube-real,YouTube-real:43,204047da2ecf91b36e1aca7bc64d0827383d1d208d0371eb52494918c3797350
/Users/gokulmallabathula/deep-fake/datasets/raw/YouTube-real/44.mp4,0,,YouTube-real,YouTube-real:44,b5efa857e1f582360757a8c89c9aae50c836d898852513e874f6123774e619ca
/Users/gokulmallabathula/deep-fake/datasets/raw/YouTube-real/48.mp4,0,,YouTube-real,YouTube-real:48,c5e18c1c29b87551a1261ed7171be65d61cc7948d931458fd56d998f8a8d113a
/Users/gokulmallabathula/deep-fake/datasets/raw/YouTube-real/49.mp4,0,,YouTube-real,YouTube-real:49,490ab31a3c0c3adf0fc7ada03760e9c263e4335a8004f11e7aec2c8b55db623a
/Users/gokulmallabathula/deep-fake/datasets/raw/YouTube-real/51.mp4,0,,YouTube-real,YouTube-real:51,15d847a9b5bb7e894f42c0d9d471179ab2e7c2292e840c57d9c98313982e12e9
/Users/gokulmallabathula/deep-fake/datasets/raw/YouTube-real/52.mp4,0,,YouTube-real,YouTube-real:52,b416d820f33779ba0b31b0ca693ec2ce9061e1b5e77527a10d94574bf9e4cefb
/Users/gokulmallabathula/deep-fake/datasets/raw/YouTube-real/53.mp4,0,,YouTube-real,YouTube-real:53,ff3d03efc0d1f882b6e64d84cd60d6836a72b3806f7e0d1c60cfa35a7eaad9c8
/Users/gokulmallabathula/deep-fake/datasets/raw/YouTube-real/58.mp4,0,,YouTube-real,YouTube-real:58,67aac46c27f584bcab9c55f27e76583b10e801e3f2a80441277db1d55fafb960
/Users/gokulmallabathula/deep-fake/datasets/raw/YouTube-real/59.mp4,0,,YouTube-real,YouTube-real:59,3b62ba63ca13673934a7e66fa9336130f20445e4ee10b1505fe9d4db2397c9cf
/Users/gokulmallabathula/deep-fake/datasets/raw/YouTube-real/61.mp4,0,,YouTube-real,YouTube-real:61,acacd84e9b2dc24024cf093b35c8d1da246229c3178cdafc80535386b66e7e24
/Users/gokulmallabathula/deep-fake/datasets/raw/YouTube-real/63.mp4,0,,YouTube-real,YouTube-real:63,9b36fd982d3b4084f1ff9108f8d21878a976bd004e3783d4b9b0a22b438247a2
/Users/gokulmallabathula/deep-fake/datasets/raw/YouTube-real/64.mp4,0,,YouTube-real,YouTube-real:64,54517cb8eed85888aadcbf1ee8e526ca4fd6ad3ab200878d2dba276a2f5c291c
/Users/gokulmallabathula/deep-fake/datasets/raw/YouTube-real/66.mp4,0,,YouTube-real,YouTube-real:66,6a669a0bbf8bc1ab5b337de307490ccd77cccc4aa638b79565ca6f85e8257f52
/Users/gokulmallabathula/deep-fake/datasets/raw/YouTube-real/67.mp4,0,,YouTube-real,YouTube-real:67,a304bdb6cc9a3caa655f977480bf84d7be6060691a101522135bce954d711809
/Users/gokulmallabathula/deep-fake/datasets/raw/YouTube-real/68.mp4,0,,YouTube-real,YouTube-real:68,7f643178d310027b4faaea138c9a8f605b240670ef3422ab017d61ed81a210bd
/Users/gokulmallabathula/deep-fake/datasets/raw/YouTube-real/69.mp4,0,,YouTube-real,YouTube-real:69,4e325915c1e31c8d2230f1301c59b03dd2f401f497e1767a729e86615c556e58
/Users/gokulmallabathula/deep-fake/datasets/raw/YouTube-real/7.mp4,0,,YouTube-real,YouTube-real:7,b2255daefa50808bb98b75cfcfa01dd678dd9060965afaf04574a8d1310e0f7f
/Users/gokulmallabathula/deep-fake/datasets/raw/YouTube-real/70.mp4,0,,YouTube-real,YouTube-real:70,46a65ffd3fed90a4c34f7fb28235b2035bcd79cb085983e1a0d75d11cd92db77
/Users/gokulmallabathula/deep-fake/datasets/raw/YouTube-real/72.mp4,0,,YouTube-real,YouTube-real:72,5b62578cd7068f745cfe35bbed40b34f3d0265338e3a03dc9a7ec570f505092d
/Users/gokulmallabathula/deep-fake/datasets/raw/YouTube-real/73.mp4,0,,YouTube-real,YouTube-real:73,d3d47731be4a816271d97f4bcac2a7c2998d5f22113fa6a73cc79c067e508d54
/Users/gokulmallabathula/deep-fake/datasets/raw/YouTube-real/74.mp4,0,,YouTube-real,YouTube-real:74,e27f4cbfeee35156c2b09f3687029cb2870709355d9458392ea43bc050bf3534
/Users/gokulmallabathula/deep-fake/datasets/raw/YouTube-real/76.mp4,0,,YouTube-real,YouTube-real:76,ef68a05d70cdea721c676af6df93936385755054ac28f6a0858e7d941dbb9ca0
/Users/gokulmallabathula/deep-fake/datasets/raw/YouTube-real/77.mp4,0,,YouTube-real,YouTube-real:77,44bfbefc93b0b23e898e3fc8a4f1e81438af21a37f3a8b2ea8fafdbb5c8c44f0
/Users/gokulmallabathula/deep-fake/datasets/raw/YouTube-real/78.mp4,0,,YouTube-real,YouTube-real:78,349c709aceff5a396cc45bcc2a464982c297b972c9c5d8276299cd61a68dd468
/Users/gokulmallabathula/deep-fake/datasets/raw/YouTube-real/79.mp4,0,,YouTube-real,YouTube-real:79,bfe2f3fac4fd5846d4d9945841a121dcf1cafebeb08d90a812ad1cd591c88a77
/Users/gokulmallabathula/deep-fake/datasets/raw/YouTube-real/80.mp4,0,,YouTube-real,YouTube-real:80,71c4e7dd55b241ae97f17800e02563c1a9a945050fd799894d0cd0360fa44c99
/Users/gokulmallabathula/deep-fake/datasets/raw/YouTube-real/81.mp4,0,,YouTube-real,YouTube-real:81,0f6f74363cb49524d268d1f82cf60e8864238b219f32f7ac5411fb3479c75dd2
/Users/gokulmallabathula/deep-fake/datasets/raw/YouTube-real/87.mp4,0,,YouTube-real,YouTube-real:87,d2c740f492ac0decc73f193fb1fbd12d029e67b8c967ce900e4245744180994d
/Users/gokulmallabathula/deep-fake/datasets/raw/YouTube-real/88.mp4,0,,YouTube-real,YouTube-real:88,f5d9a4ea244d942a684c5bd0f0e442fff8ad0b6cbb141785221bfd978203343b
/Users/gokulmallabathula/deep-fake/datasets/raw/YouTube-real/89.mp4,0,,YouTube-real,YouTube-real:89,738d5267fb4b34eeba419db426fe27c0d23d45b4f622ea685b1a2dcf1e480f62
/Users/gokulmallabathula/deep-fake/datasets/raw/YouTube-real/9.mp4,0,,YouTube-real,YouTube-real:9,139da8f290a8fbdf02ea5b6897df4879a9acea0e60eb7c94a5307c1e6568cde0
/Users/gokulmallabathula/deep-fake/datasets/raw/YouTube-real/91.mp4,0,,YouTube-real,YouTube-real:91,96350f13136223524135cb02dd0a22a763fb404842794504f7d532e53253678a
/Users/gokulmallabathula/deep-fake/datasets/raw/YouTube-real/92.mp4,0,,YouTube-real,YouTube-real:92,5f42f10f36d2be2e7f7433a425071bfeb72cec2d7111cad9cfe2f534eb3717b4
/Users/gokulmallabathula/deep-fake/datasets/raw/YouTube-real/93.mp4,0,,YouTube-real,YouTube-real:93,5ee2f0ef22f0a4a947e15d420bbd2a2c701efcade963d8c701622cb93d2763e4
/Users/gokulmallabathula/deep-fake/datasets/raw/YouTube-real/94.mp4,0,,YouTube-real,YouTube-real:94,926a3d09330f8d36eac4a08335a9cbae68e1a22ab2f7c2fc1fd10667eec518c0
/Users/gokulmallabathula/deep-fake/datasets/raw/YouTube-real/95.mp4,0,,YouTube-real,YouTube-real:95,d1ada15322b6ab765d2ffea2051eef7483790b055971707ae330d517a0d543e5
/Users/gokulmallabathula/deep-fake/datasets/raw/YouTube-real/96.mp4,0,,YouTube-real,YouTube-real:96,73712c7d050aae3c3645cf79a80f051e6297f700ccb55b6db64332c459ae5a07
/Users/gokulmallabathula/deep-fake/datasets/raw/YouTube-real/98.mp4,0,,YouTube-real,YouTube-real:98,11ae4b2e49cb4dd50a9f09325ef825ed76bc64b33fcad35a51581fa3c364c89b
/Users/gokulmallabathula/deep-fake/datasets/raw/YouTube-real/99.mp4,0,,YouTube-real,YouTube-real:99,cdddddda2c42ac957c551126f20afbe7636cadf4cae224ea7973ca07cb845ad4
